[{"data":"+Hooshnic:V1.07,3637.75520,05254.9136,000,260704,082703,000,000,1,3,1,861292053604220"},{"data":"+Hooshnic:V1.07,3637.75520,05254.9136,000,260704,082706,000,000,1,3,1,861292053604220"},{"data":"+Hooshnic:V1.07,3637.75520,05254.9136,000,260704,082709,000,000,1,3,1,861292053604220"},{"data":"+Hooshnic:V1.07,3637.75520,05254.9136,000,260704,082712,000,000,1,3,1,861292053604220"},{"data":"+Hooshnic:V1.07,3637.75520,05254.9136,000,260704,082715,000,000,1,3,1,861292053604220"},{"data":"+Hooshnic:V1.07,3637.75520,05254.9136,000,260704,082717,000,000,1,3,1,861292053604220"},{"data":"+Hooshnic:V1.07,3637.75520,05254.9136,000,260704,082720,000,000,1,3,1,861292053604220"},{"data":"+Hooshnic:V1.07,3637.75520,05254.9136,000,260704,082723,000,000,1,3,1,861292053604220"},{"data":"+Hooshnic:V1.07,3637.75520,05254.9136,000,260704,082726,000,000,1,3,1,861292053604220"},{"data":"+Hooshnic:V1.07,3637.75520,05254.9136,000,260704,082729,000,000,1,3,1,861292053604220"},{"data":"+Hooshnic:V1.07,3637.75520,05254.9136,000,260704,082732,000,000,1,3,1,861292053604220"},{"data":"+Hooshnic:V1.07,3637.75520,05254.9136,000,260704,082734,000,000,1,3,1,861292053604220"},{"data":"+Hooshnic:V1.07,3637.75520,05254.9136,000,260704,082737,000,000,1,3,1,861292053604220"},{"data":"+Hooshnic:V1.07,3637.75520,05254.9136,000,260704,082740,000,000,1,3,1,861292053604220"},{"data":"+Hooshnic:V1.07,3637.75520,05254.9136,000,260704,082743,000,000,1,3,1,861292053604220"},{"data":"+Hooshnic:V1.07,3637.75520,05254.9136,000,260704,082746,000,000,1,3,1,861292053604220"},{}]
AT+CIPSEND=1701
POST /api/gps/reports HTTP/1.1
Host: api.hooshnics.com
Content-Type: application/json
Content-Length: 1588

[{"data":"+Hooshnic:V1.07,3637.76660,05254.8989,000,260703,182523,000,000,1,3,1,861292053604220"},{"data":"+Hooshnic:V1.07,3637.76660,05254.8989,000,260703,182526,000,000,1,3,1,861292053604220"},{"data":"+Hooshnic:V1.07,3637.76660,05254.8989,000,260703,182529,000,000,1,3,1,861292053604220"},{"data":"+Hooshnic:V1.07,3637.76660,05254.8989,000,260703,182531,000,000,1,3,1,861292053604220"},{"data":"+Hooshnic:V1.07,3637.76660,05254.8989,000,260703,182534,000,000,1,3,1,861292053604220"},{"data":"+Hooshnic:V1.07,3637.76660,05254.8989,000,260703,182537,000,000,1,3,1,861292053604220"},{"data":"+Hooshnic:V1.07,3637.76660,05254.8989,000,260703,182540,000,000,1,3,1,861292053604220"},{"data":"+Hooshnic:V1.07,3637.76660,05254.8989,000,260703,182543,000,000,1,3,1,861292053604220"},{"data":"+Hooshnic:V1.07,3637.76660,05254.8989,000,260703,182546,000,000,1,3,1,861292053604220"},{"data":"+Hooshnic:V1.07,3637.76660,05254.8989,000,260703,182548,000,000,1,3,1,861292053604220"},{"data":"+Hooshnic:V1.07,3637.76660,05254.8989,000,260703,182551,000,000,1,3,1,861292053604220"},{"data":"+Hooshnic:V1.07,3637.76660,05254.8989,000,260703,182554,000,000,1,3,1,861292053604220"},{"data":"+Hooshnic:V1.07,3637.76500,05254.8996,000,260703,182605,000,000,1,3,1,861292053604220"},{"data":"+Hooshnic:V1.07,3637.75520,05254.9136,000,260704,082655,000,000,1,3,1,861292053604220"},{"data":"+Hooshnic:V1.07,3637.75520,05254.9136,000,260704,082658,000,000,1,3,1,861292053604220"},{"data":"+Hooshnic:V1.07,3637.75520,05254.9136,000,260704,082700,000,000,1,3,1,861292053604220"},{}]....................................................................ADDRESS_LOCATION = 1601536AT+CIPSTART="TCP","api.hooshnics.com",80
AT+CIPSEND=1701
POST /api/gps/reports HTTP/1.1
Host: api.hooshnics.com
Content-Type: application/json
Content-Length: 1588

[{"data":"+Hooshnic:V1.07,3637.75390,05254.8526,000,260703,182437,016,000,1,3,1,861292053604220"},{"data":"+Hooshnic:V1.07,3637.75680,05254.8617,000,260703,182440,018,000,1,3,1,861292053604220"},{"data":"+Hooshnic:V1.07,3637.75890,05254.8680,000,260703,182443,006,000,1,3,1,861292053604220"},{"data":"+Hooshnic:V1.07,3637.75870,05254.8725,000,260703,182446,008,000,1,3,1,861292053604220"},{"data":"+Hooshnic:V1.07,3637.76190,05254.8793,000,260703,182449,016,007,1,3,1,861292053604220"},{"data":"+Hooshnic:V1.07,3637.76640,05254.8889,000,260703,182452,020,000,1,3,1,861292053604220"},{"data":"+Hooshnic:V1.07,3637.76850,05254.8938,000,260703,182454,014,000,1,3,1,861292053604220"},{"data":"+Hooshnic:V1.07,3637.76750,05254.8985,000,260703,182457,004,000,1,3,1,861292053604220"},{"data":"+Hooshnic:V1.07,3637.76690,05254.8989,000,260703,182500,000,000,1,3,1,861292053604220"},{"data":"+Hooshnic:V1.07,3637.76660,05254.8989,000,260703,182503,000,000,1,3,1,861292053604220"},{"data":"+Hooshnic:V1.07,3637.76660,05254.8989,000,260703,182506,000,000,1,3,1,861292053604220"},{"data":"+Hooshnic:V1.07,3637.76660,05254.8989,000,260703,182509,000,000,1,3,1,861292053604220"},{"data":"+Hooshnic:V1.07,3637.76660,05254.8989,000,260703,182511,000,000,1,3,1,861292053604220"},{"data":"+Hooshnic:V1.07,3637.76660,05254.8989,000,260703,182514,000,000,1,3,1,861292053604220"},{"data":"+Hooshnic:V1.07,3637.76660,05254.8989,000,260703,182517,000,000,1,3,1,861292053604220"},{"data":"+Hooshnic:V1.07,3637.76660,05254.8989,000,260703,182520,000,000,1,3,1,861292053604220"},{}]....................................................................ADDRESS_LOCATION = 1597440AT+CIPSTART="TCP","api.hooshnics.com",80
AT+CIPSEND=1701
POST /api/gps/reports HTTP/1.1
Host: api.hooshnics.com
Content-Type: application/json
Content-Length: 1588

[{"data":"+Hooshnic:V1.07,3637.70260,05254.7992,000,260703,182118,000,000,1,3,1,861292053604220"},{"data":"+Hooshnic:V1.07,3637.70370,05254.7991,000,260703,182121,000,000,1,3,1,861292053604220"},{"data":"+Hooshnic:V1.07,3637.70330,05254.7994,000,260703,182124,000,000,1,3,1,861292053604220"},{"data":"+Hooshnic:V1.07,3637.70210,05254.8001,000,260703,182127,000,000,1,3,1,861292053604220"},{"data":"+Hooshnic:V1.07,3637.70190,05254.8002,000,260703,182130,000,000,1,3,1,861292053604220"},{"data":"+Hooshnic:V1.07,3637.70190,05254.8002,000,260703,182406,000,000,1,3,1,861292053604220"},{"data":"+Hooshnic:V1.07,3637.70190,05254.8002,000,260703,182409,000,000,1,3,1,861292053604220"},{"data":"+Hooshnic:V1.07,3637.70190,05254.8002,000,260703,182412,000,000,1,3,1,861292053604220"},{"data":"+Hooshnic:V1.07,3637.70190,05254.8002,000,260703,182415,000,000,1,3,1,861292053604220"},{"data":"+Hooshnic:V1.07,3637.70790,05254.7995,000,260703,182418,022,000,1,3,1,861292053604220"},{"data":"+Hooshnic:V1.07,3637.71590,05254.8015,000,260703,182420,028,000,1,3,1,861292053604220"},{"data":"+Hooshnic:V1.07,3637.72810,05254.8092,000,260703,182423,030,003,1,3,1,861292053604220"},{"data":"+Hooshnic:V1.07,3637.73780,05254.8197,000,260703,182426,028,000,1,3,1,861292053604220"},{"data":"+Hooshnic:V1.07,3637.74500,05254.8326,000,260703,182429,028,000,1,3,1,861292053604220"},{"data":"+Hooshnic:V1.07,3637.75020,05254.8428,000,260703,182432,012,005,1,3,1,861292053604220"},{"data":"+Hooshnic:V1.07,3637.75220,05254.8476,000,260703,182435,012,000,1,3,1,861292053604220"},{}]....................................................................ADDRESS_LOCATION = 1593344AT+CIPSTART="TCP","api.hooshnics.com",80
AT+CIPSEND=1701
POST /api/gps/reports HTTP/1.1
Host: api.hooshnics.com
Content-Type: application/json
Content-Length: 1588

[{"data":"+Hooshnic:V1.07,3637.73160,05254.4994,000,260703,182024,072,000,1,3,1,861292053604220"},{"data":"+Hooshnic:V1.07,3637.72530,05254.5365,000,260703,182027,072,000,1,3,1,861292053604220"},{"data":"+Hooshnic:V1.07,3637.71960,05254.5722,000,260703,182030,066,000,1,3,1,861292053604220"},{"data":"+Hooshnic:V1.07,3637.70990,05254.6852,000,260703,182041,052,000,1,3,1,861292053604220"},{"data":"+Hooshnic:V1.07,3637.71140,05254.7130,000,260703,182044,052,000,1,3,1,861292053604220"},{"data":"+Hooshnic:V1.07,3637.71380,05254.7386,000,260703,182047,042,000,1,3,1,861292053604220"},{"data":"+Hooshnic:V1.07,3637.71610,05254.7566,000,260703,182050,026,000,1,3,1,861292053604220"},{"data":"+Hooshnic:V1.07,3637.71450,05254.7716,000,260703,182053,030,000,1,3,1,861292053604220"},{"data":"+Hooshnic:V1.07,3637.71330,05254.7816,000,260703,182055,028,002,1,3,1,861292053604220"},{"data":"+Hooshnic:V1.07,3637.71240,05254.7895,000,260703,182058,004,000,1,3,1,861292053604220"},{"data":"+Hooshnic:V1.07,3637.71050,05254.7926,000,260703,182101,010,000,1,3,1,861292053604220"},{"data":"+Hooshnic:V1.07,3637.70510,05254.7955,000,260703,182104,014,002,1,3,1,861292053604220"},{"data":"+Hooshnic:V1.07,3637.70260,05254.7985,000,260703,182107,006,000,1,3,1,861292053604220"},{"data":"+Hooshnic:V1.07,3637.70270,05254.7992,000,260703,182110,000,000,1,3,1,861292053604220"},{"data":"+Hooshnic:V1.07,3637.70260,05254.7992,000,260703,182112,000,000,1,3,1,861292053604220"},{"data":"+Hooshnic:V1.07,3637.70260,05254.7992,000,260703,182115,000,000,1,3,1,861292053604220"},{}]....................................................................ADDRESS_LOCATION = 1589248AT+CIPSTART="TCP","api.hooshnics.com",80
AT+CIPSEND=1701
POST /api/gps/reports HTTP/1.1
Host: api.hooshnics.com
Content-Type: application/json
Content-Length: 1588

[{"data":"+Hooshnic:V1.07,3637.81920,05253.9376,000,260703,181939,034,000,1,3,1,861292053604220"},{"data":"+Hooshnic:V1.07,3637.81930,05253.9591,000,260703,181942,046,000,1,3,1,861292053604220"},{"data":"+Hooshnic:V1.07,3637.81610,05253.9861,000,260703,181945,056,001,1,3,1,861292053604220"},{"data":"+Hooshnic:V1.07,3637.81160,05254.0187,000,260703,181948,066,000,1,3,1,861292053604220"},{"data":"+Hooshnic:V1.07,3637.80810,05254.0425,000,260703,181950,072,000,1,3,1,861292053604220"},{"data":"+Hooshnic:V1.07,3637.80240,05254.0810,000,260703,181953,076,000,1,3,1,861292053604220"},{"data":"+Hooshnic:V1.07,3637.79620,05254.1212,000,260703,181956,080,000,1,3,1,861292053604220"},{"data":"+Hooshnic:V1.07,3637.78920,05254.1636,000,260703,181959,084,000,1,3,1,861292053604220"},{"data":"+Hooshnic:V1.07,3637.78170,05254.2079,000,260703,182002,086,000,1,3,1,861292053604220"},{"data":"+Hooshnic:V1.07,3637.77670,05254.2380,000,260703,182004,088,000,1,3,1,861292053604220"},{"data":"+Hooshnic:V1.07,3637.76910,05254.2815,000,260703,182007,082,000,1,3,1,861292053604220"},{"data":"+Hooshnic:V1.07,3637.76170,05254.3223,000,260703,182010,078,000,1,3,1,861292053604220"},{"data":"+Hooshnic:V1.07,3637.75520,05254.3607,000,260703,182013,072,000,1,3,1,861292053604220"},{"data":"+Hooshnic:V1.07,3637.74860,05254.3981,000,260703,182016,072,000,1,3,1,861292053604220"},{"data":"+Hooshnic:V1.07,3637.74220,05254.4361,000,260703,182019,074,001,1,3,1,861292053604220"},{"data":"+Hooshnic:V1.07,3637.73570,05254.4743,000,260703,182022,074,000,1,3,1,861292053604220"},{}]....................................................................ADDRESS_LOCATION = 1585152AT+CIPSTART="TCP","api.hooshnics.com",80
AT+CIPSEND=1701
POST /api/gps/reports HTTP/1.1
Host: api.hooshnics.com
Content-Type: application/json
Content-Length: 1588

[{"data":"+Hooshnic:V1.07,3638.11320,05253.9877,000,260703,181854,062,001,1,3,1,861292053604220"},{"data":"+Hooshnic:V1.07,3638.09510,05253.9831,000,260703,181856,068,000,1,3,1,861292053604220"},{"data":"+Hooshnic:V1.07,3638.06620,05253.9758,000,260703,181859,070,000,1,3,1,861292053604220"},{"data":"+Hooshnic:V1.07,3638.03640,05253.9676,000,260703,181902,074,001,1,3,1,861292053604220"},{"data":"+Hooshnic:V1.07,3638.00480,05253.9592,000,260703,181905,078,000,1,3,1,861292053604220"},{"data":"+Hooshnic:V1.07,3637.97290,05253.9511,000,260703,181908,074,000,1,3,1,861292053604220"},{"data":"+Hooshnic:V1.07,3637.94210,05253.9427,000,260703,181911,074,000,1,3,1,861292053604220"},{"data":"+Hooshnic:V1.07,3637.91350,05253.9354,000,260703,181914,062,000,1,3,1,861292053604220"},{"data":"+Hooshnic:V1.07,3637.89190,05253.9295,000,260703,181917,046,000,1,3,1,861292053604220"},{"data":"+Hooshnic:V1.07,3637.87800,05253.9254,000,260703,181919,054,000,1,3,1,861292053604220"},{"data":"+Hooshnic:V1.07,3637.85240,05253.9184,000,260703,181922,066,000,1,3,1,861292053604220"},{"data":"+Hooshnic:V1.07,3637.82630,05253.9122,000,260703,181925,064,000,1,3,1,861292053604220"},{"data":"+Hooshnic:V1.07,3637.80830,05253.9079,000,260703,181928,030,001,1,3,1,861292053604220"},{"data":"+Hooshnic:V1.07,3637.80240,05253.9084,000,260703,181930,014,000,1,3,1,861292053604220"},{"data":"+Hooshnic:V1.07,3637.80360,05253.9161,000,260703,181933,022,000,1,3,1,861292053604220"},{"data":"+Hooshnic:V1.07,3637.81280,05253.9244,000,260703,181936,026,008,1,3,1,861292053604220"},{}]....................................................................ADDRESS_LOCATION = 1581056AT+CIPSTART="TCP","api.hooshnics.com",80
AT+CIPSEND=1701
POST /api/gps/reports HTTP/1.1
Host: api.hooshnics.com
Content-Type: application/json
Content-Length: 1588

[{"data":"+Hooshnic:V1.07,3638.43020,05254.0746,000,260703,181800,058,000,1,3,1,861292053604220"},{"data":"+Hooshnic:V1.07,3638.40650,05254.0686,000,260703,181803,052,000,1,3,1,861292053604220"},{"data":"+Hooshnic:V1.07,3638.35020,05254.0551,000,260703,181814,046,000,1,3,1,861292053604220"},{"data":"+Hooshnic:V1.07,3638.32940,05254.0493,000,260703,181817,050,000,1,3,1,861292053604220"},{"data":"+Hooshnic:V1.07,3638.30780,05254.0440,000,260703,181820,050,002,1,3,1,861292053604220"},{"data":"+Hooshnic:V1.07,3638.29420,05254.0408,000,260703,181822,046,000,1,3,1,861292053604220"},{"data":"+Hooshnic:V1.07,3638.27730,05254.0341,000,260703,181825,038,000,1,3,1,861292053604220"},{"data":"+Hooshnic:V1.07,3638.26610,05254.0226,000,260703,181828,032,005,1,3,1,861292053604220"},{"data":"+Hooshnic:V1.07,3638.25510,05254.0127,000,260703,181831,034,000,1,3,1,861292053604220"},{"data":"+Hooshnic:V1.07,3638.24040,05254.0120,000,260703,181834,038,000,1,3,1,861292053604220"},{"data":"+Hooshnic:V1.07,3638.22180,05254.0137,000,260703,181837,046,011,1,3,1,861292053604220"},{"data":"+Hooshnic:V1.07,3638.20770,05254.0118,000,260703,181839,050,000,1,3,1,861292053604220"},{"data":"+Hooshnic:V1.07,3638.18600,05254.0066,000,260703,181842,048,000,1,3,1,861292053604220"},{"data":"+Hooshnic:V1.07,3638.17010,05254.0027,000,260703,181845,032,001,1,3,1,861292053604220"},{"data":"+Hooshnic:V1.07,3638.15540,05253.9996,000,260703,181848,038,000,1,3,1,861292053604220"},{"data":"+Hooshnic:V1.07,3638.13670,05253.9944,000,260703,181851,050,000,1,3,1,861292053604220"},{}]....................................................................ADDRESS_LOCATION = 1576960AT+CIPSTART="TCP","api.hooshnics.com",80
AT+CIPSEND=1701
POST /api/gps/reports HTTP/1.1
Host: api.hooshnics.com
Content-Type: application/json
Content-Length: 1588

[{"data":"+Hooshnic:V1.07,3638.71910,05254.1179,000,260703,181714,040,000,1,3,1,861292053604220"},{"data":"+Hooshnic:V1.07,3638.71480,05254.1357,000,260703,181717,030,006,1,3,1,861292053604220"},{"data":"+Hooshnic:V1.07,3638.70820,05254.1467,000,260703,181720,022,000,1,3,1,861292053604220"},{"data":"+Hooshnic:V1.07,3638.70150,05254.1522,000,260703,181723,020,000,1,3,1,861292053604220"},{"data":"+Hooshnic:V1.07,3638.69030,05254.1503,000,260703,181726,034,018,1,3,1,861292053604220"},{"data":"+Hooshnic:V1.07,3638.67330,05254.1446,000,260703,181729,046,000,1,3,1,861292053604220"},{"data":"+Hooshnic:V1.07,3638.66000,05254.1403,000,260703,181731,050,000,1,3,1,861292053604220"},{"data":"+Hooshnic:V1.07,3638.63830,05254.1337,000,260703,181734,056,000,1,3,1,861292053604220"},{"data":"+Hooshnic:V1.07,3638.61470,05254.1268,000,260703,181737,058,000,1,3,1,861292053604220"},{"data":"+Hooshnic:V1.07,3638.59160,05254.1197,000,260703,181740,054,000,1,3,1,861292053604220"},{"data":"+Hooshnic:V1.07,3638.56870,05254.1137,000,260703,181743,054,001,1,3,1,861292053604220"},{"data":"+Hooshnic:V1.07,3638.54610,05254.1065,000,260703,181746,054,000,1,3,1,861292053604220"},{"data":"+Hooshnic:V1.07,3638.53040,05254.1021,000,260703,181748,056,000,1,3,1,861292053604220"},{"data":"+Hooshnic:V1.07,3638.50620,05254.0950,000,260703,181751,058,001,1,3,1,861292053604220"},{"data":"+Hooshnic:V1.07,3638.48110,05254.0881,000,260703,181754,064,000,1,3,1,861292053604220"},{"data":"+Hooshnic:V1.07,3638.45530,05254.0812,000,260703,181757,062,000,1,3,1,861292053604220"},{}]....................................................................ADDRESS_LOCATION = 1572864AT+CIPSTART="TCP","api.hooshnics.com",80
AT+CIPSEND=1701
POST /api/gps/reports HTTP/1.1
Host: api.hooshnics.com
Content-Type: application/json
Content-Length: 1588

[{"data":"+Hooshnic:V1.07,3638.73920,05253.7618,000,260703,181629,036,000,1,3,1,861292053604220"},{"data":"+Hooshnic:V1.07,3638.73820,05253.7832,000,260703,181632,044,000,1,3,1,861292053604220"},{"data":"+Hooshnic:V1.07,3638.73720,05253.8058,000,260703,181635,040,001,1,3,1,861292053604220"},{"data":"+Hooshnic:V1.07,3638.73660,05253.8198,000,260703,181637,038,000,1,3,1,861292053604220"},{"data":"+Hooshnic:V1.07,3638.73560,05253.8384,000,260703,181640,034,000,1,3,1,861292053604220"},{"data":"+Hooshnic:V1.07,3638.73450,05253.8558,000,260703,181643,032,001,1,3,1,861292053604220"},{"data":"+Hooshnic:V1.07,3638.73340,05253.8741,000,260703,181646,038,000,1,3,1,861292053604220"},{"data":"+Hooshnic:V1.07,3638.73200,05253.8952,000,260703,181649,044,000,1,3,1,861292053604220"},{"data":"+Hooshnic:V1.07,3638.73060,05253.9203,000,260703,181652,050,001,1,3,1,861292053604220"},{"data":"+Hooshnic:V1.07,3638.72970,05253.9465,000,260703,181655,050,000,1,3,1,861292053604220"},{"data":"+Hooshnic:V1.07,3638.72920,05253.9648,000,260703,181657,054,000,1,3,1,861292053604220"},{"data":"+Hooshnic:V1.07,3638.72790,05253.9937,000,260703,181700,056,001,1,3,1,861292053604220"},{"data":"+Hooshnic:V1.07,3638.72620,05254.0234,000,260703,181703,058,000,1,3,1,861292053604220"},{"data":"+Hooshnic:V1.07,3638.72460,05254.0515,000,260703,181706,052,000,1,3,1,861292053604220"},{"data":"+Hooshnic:V1.07,3638.72320,05254.0781,000,260703,181709,048,002,1,3,1,861292053604220"},{"data":"+Hooshnic:V1.07,3638.72090,05254.1029,000,260703,181712,046,000,1,3,1,861292053604220"},{}]....................................................................ADDRESS_LOCATION = 1568768AT+CIPSTART="TCP","api.hooshnics.com",80
AT+CIPSEND=1701
POST /api/gps/reports HTTP/1.1
Host: api.hooshnics.com
Content-Type: application/json
Content-Length: 1588

[{"data":"+Hooshnic:V1.07,3638.73920,05253.3467,000,260703,181535,028,000,1,3,1,861292053604220"},{"data":"+Hooshnic:V1.07,3638.74540,05253.4225,000,260703,181546,050,000,1,3,1,861292053604220"},{"data":"+Hooshnic:V1.07,3638.74770,05253.4494,000,260703,181549,052,000,1,3,1,861292053604220"},{"data":"+Hooshnic:V1.07,3638.75030,05253.4769,000,260703,181552,052,001,1,3,1,861292053604220"},{"data":"+Hooshnic:V1.07,3638.75090,05253.5054,000,260703,181555,056,000,1,3,1,861292053604220"},{"data":"+Hooshnic:V1.07,3638.75040,05253.5352,000,260703,181558,058,000,1,3,1,861292053604220"},{"data":"+Hooshnic:V1.07,3638.74940,05253.5628,000,260703,181601,048,001,1,3,1,861292053604220"},{"data":"+Hooshnic:V1.07,3638.74860,05253.5800,000,260703,181603,048,000,1,3,1,861292053604220"},{"data":"+Hooshnic:V1.07,3638.74750,05253.6054,000,260703,181606,050,000,1,3,1,861292053604220"},{"data":"+Hooshnic:V1.07,3638.74590,05253.6323,000,260703,181609,052,001,1,3,1,861292053604220"},{"data":"+Hooshnic:V1.07,3638.74530,05253.6587,000,260703,181612,050,000,1,3,1,861292053604220"},{"data":"+Hooshnic:V1.07,3638.74430,05253.6829,000,260703,181615,044,000,1,3,1,861292053604220"},{"data":"+Hooshnic:V1.07,3638.74310,05253.7057,000,260703,181618,042,000,1,3,1,861292053604220"},{"data":"+Hooshnic:V1.07,3638.74250,05253.7201,000,260703,181620,040,000,1,3,1,861292053604220"},{"data":"+Hooshnic:V1.07,3638.74160,05253.7366,000,260703,181623,020,000,1,3,1,861292053604220"},{"data":"+Hooshnic:V1.07,3638.74050,05253.7469,000,260703,181626,024,003,1,3,1,861292053604220"},{}]....................................................................ADDRESS_LOCATION = 1564672AT+CIPSTART="TCP","api.hooshnics.com",80
AT+CIPSEND=1701
POST /api/gps/reports HTTP/1.1
Host: api.hooshnics.com
Content-Type: application/json
Content-Length: 1588

[{"data":"+Hooshnic:V1.07,3638.71780,05253.0562,000,260703,181450,020,005,1,3,1,861292053604220"},{"data":"+Hooshnic:V1.07,3638.70900,05253.0622,000,260703,181453,026,000,1,3,1,861292053604220"},{"data":"+Hooshnic:V1.07,3638.70230,05253.0668,000,260703,181455,028,000,1,3,1,861292053604220"},{"data":"+Hooshnic:V1.07,3638.69210,05253.0746,000,260703,181458,024,002,1,3,1,861292053604220"},{"data":"+Hooshnic:V1.07,3638.68650,05253.0806,000,260703,181501,016,000,1,3,1,861292053604220"},{"data":"+Hooshnic:V1.07,3638.68660,05253.0918,000,260703,181504,024,000,1,3,1,861292053604220"},{"data":"+Hooshnic:V1.07,3638.69320,05253.1070,000,260703,181507,038,002,1,3,1,861292053604220"},{"data":"+Hooshnic:V1.07,3638.70070,05253.1272,000,260703,181510,044,000,1,3,1,861292053604220"},{"data":"+Hooshnic:V1.07,3638.70550,05253.1423,000,260703,181512,048,000,1,3,1,861292053604220"},{"data":"+Hooshnic:V1.07,3638.71210,05253.1679,000,260703,181515,054,001,1,3,1,861292053604220"},{"data":"+Hooshnic:V1.07,3638.71780,05253.1970,000,260703,181518,058,000,1,3,1,861292053604220"},{"data":"+Hooshnic:V1.07,3638.72370,05253.2269,000,260703,181521,058,000,1,3,1,861292053604220"},{"data":"+Hooshnic:V1.07,3638.72900,05253.2569,000,260703,181524,058,002,1,3,1,861292053604220"},{"data":"+Hooshnic:V1.07,3638.73410,05253.2867,000,260703,181527,054,000,1,3,1,861292053604220"},{"data":"+Hooshnic:V1.07,3638.73740,05253.3141,000,260703,181530,050,000,1,3,1,861292053604220"},{"data":"+Hooshnic:V1.07,3638.73870,05253.3303,000,260703,181532,040,001,1,3,1,861292053604220"},{}]....................................................................ADDRESS_LOCATION = 1560576AT+CIPSTART="TCP","api.hooshnics.com",80
AT+CIPSEND=1701
POST /api/gps/reports HTTP/1.1
Host: api.hooshnics.com
Content-Type: application/json
Content-Length: 1588

[{"data":"+Hooshnic:V1.07,3638.75420,05252.8990,000,260703,181404,022,000,1,3,1,861292053604220"},{"data":"+Hooshnic:V1.07,3638.75230,05252.9115,000,260703,181407,028,010,1,3,1,861292053604220"},{"data":"+Hooshnic:V1.07,3638.74530,05252.9254,000,260703,181410,034,000,1,3,1,861292053604220"},{"data":"+Hooshnic:V1.07,3638.73760,05252.9401,000,260703,181413,030,000,1,3,1,861292053604220"},{"data":"+Hooshnic:V1.07,3638.73510,05252.9539,000,260703,181416,018,018,1,3,1,861292053604220"},{"data":"+Hooshnic:V1.07,3638.73550,05252.9618,000,260703,181419,014,000,1,3,1,861292053604220"},{"data":"+Hooshnic:V1.07,3638.73570,05252.9666,000,260703,181421,014,000,1,3,1,861292053604220"},{"data":"+Hooshnic:V1.07,3638.73650,05252.9744,000,260703,181424,016,002,1,3,1,861292053604220"},{"data":"+Hooshnic:V1.07,3638.73770,05252.9866,000,260703,181427,028,000,1,3,1,861292053604220"},{"data":"+Hooshnic:V1.07,3638.73830,05253.0008,000,260703,181430,024,000,1,3,1,861292053604220"},{"data":"+Hooshnic:V1.07,3638.73790,05253.0120,000,260703,181433,012,002,1,3,1,861292053604220"},{"data":"+Hooshnic:V1.07,3638.73810,05253.0193,000,260703,181436,018,000,1,3,1,861292053604220"},{"data":"+Hooshnic:V1.07,3638.73870,05253.0288,000,260703,181439,018,000,1,3,1,861292053604220"},{"data":"+Hooshnic:V1.07,3638.73710,05253.0345,000,260703,181441,020,008,1,3,1,861292053604220"},{"data":"+Hooshnic:V1.07,3638.73080,05253.0439,000,260703,181444,020,000,1,3,1,861292053604220"},{"data":"+Hooshnic:V1.07,3638.72460,05253.0501,000,260703,181447,016,000,1,3,1,861292053604220"},{}]....................................................................ADDRESS_LOCATION = 1556480AT+CIPSTART="TCP","api.hooshnics.com",80
AT+CIPSEND=1701
POST /api/gps/reports HTTP/1.1
Host: api.hooshnics.com
Content-Type: application/json
Content-Length: 1588

[{"data":"+Hooshnic:V1.07,3638.75630,05252.7582,000,260703,181319,022,000,1,3,1,861292053604220"},{"data":"+Hooshnic:V1.07,3638.74760,05252.7601,000,260703,181322,018,000,1,3,1,861292053604220"},{"data":"+Hooshnic:V1.07,3638.74170,05252.7650,000,260703,181325,016,041,1,3,1,861292053604220"},{"data":"+Hooshnic:V1.07,3638.74140,05252.7708,000,260703,181327,018,000,1,3,1,861292053604220"},{"data":"+Hooshnic:V1.07,3638.74300,05252.7776,000,260703,181330,012,000,1,3,1,861292053604220"},{"data":"+Hooshnic:V1.07,3638.74480,05252.7860,000,260703,181333,022,002,1,3,1,861292053604220"},{"data":"+Hooshnic:V1.07,3638.74700,05252.8001,000,260703,181336,028,000,1,3,1,861292053604220"},{"data":"+Hooshnic:V1.07,3638.74870,05252.8150,000,260703,181339,026,000,1,3,1,861292053604220"},{"data":"+Hooshnic:V1.07,3638.74920,05252.8276,000,260703,181342,018,001,1,3,1,861292053604220"},{"data":"+Hooshnic:V1.07,3638.74950,05252.8316,000,260703,181344,006,000,1,3,1,861292053604220"},{"data":"+Hooshnic:V1.07,3638.75010,05252.8368,000,260703,181347,014,000,1,3,1,861292053604220"},{"data":"+Hooshnic:V1.07,3638.75150,05252.8466,000,260703,181350,022,001,1,3,1,861292053604220"},{"data":"+Hooshnic:V1.07,3638.75280,05252.8607,000,260703,181353,030,000,1,3,1,861292053604220"},{"data":"+Hooshnic:V1.07,3638.75410,05252.8757,000,260703,181356,028,000,1,3,1,861292053604220"},{"data":"+Hooshnic:V1.07,3638.75440,05252.8868,000,260703,181359,012,001,1,3,1,861292053604220"},{"data":"+Hooshnic:V1.07,3638.75390,05252.8926,000,260703,181402,014,000,1,3,1,861292053604220"},{}]....................................................................ADDRESS_LOCATION = 1552384AT+CIPSTART="TCP","api.hooshnics.com",80
AT+CIPSEND=1701
POST /api/gps/reports HTTP/1.1
Host: api.hooshnics.com
Content-Type: application/json
Content-Length: 1588

[{"data":"+Hooshnic:V1.07,3638.85730,05252.6444,000,260703,181225,018,000,1,3,1,861292053604220"},{"data":"+Hooshnic:V1.07,3638.85720,05252.6543,000,260703,181228,018,000,1,3,1,861292053604220"},{"data":"+Hooshnic:V1.07,3638.85720,05252.6638,000,260703,181231,022,000,1,3,1,861292053604220"},{"data":"+Hooshnic:V1.07,3638.85590,05252.6752,000,260703,181234,022,000,1,3,1,861292053604220"},{"data":"+Hooshnic:V1.07,3638.85500,05252.6877,000,260703,181237,028,000,1,3,1,861292053604220"},{"data":"+Hooshnic:V1.07,3638.85440,05252.6982,000,260703,181239,028,001,1,3,1,861292053604220"},{"data":"+Hooshnic:V1.07,3638.85560,05252.7127,000,260703,181242,024,000,1,3,1,861292053604220"},{"data":"+Hooshnic:V1.07,3638.85380,05252.7231,000,260703,181245,018,000,1,3,1,861292053604220"},{"data":"+Hooshnic:V1.07,3638.84690,05252.7273,000,260703,181248,020,009,1,3,1,861292053604220"},{"data":"+Hooshnic:V1.07,3638.83720,05252.7312,000,260703,181251,024,000,1,3,1,861292053604220"},{"data":"+Hooshnic:V1.07,3638.82720,05252.7358,000,260703,181254,022,000,1,3,1,861292053604220"},{"data":"+Hooshnic:V1.07,3638.82220,05252.7388,000,260703,181256,016,003,1,3,1,861292053604220"},{"data":"+Hooshnic:V1.07,3638.81640,05252.7439,000,260703,181259,016,000,1,3,1,861292053604220"},{"data":"+Hooshnic:V1.07,3638.80930,05252.7469,000,260703,181302,018,000,1,3,1,861292053604220"},{"data":"+Hooshnic:V1.07,3638.80060,05252.7499,000,260703,181305,024,001,1,3,1,861292053604220"},{"data":"+Hooshnic:V1.07,3638.79140,05252.7540,000,260703,181308,022,000,1,3,1,861292053604220"},{}]....................................................................ADDRESS_LOCATION = 1548288AT+CIPSTART="TCP","api.hooshnics.com",80
AT+CIPSEND=1701
POST /api/gps/reports HTTP/1.1
Host: api.hooshnics.com
Content-Type: application/json
Content-Length: 1588

[{"data":"+Hooshnic:V1.07,3638.88200,05252.3303,000,260703,181140,068,001,1,3,1,861292053604220"},{"data":"+Hooshnic:V1.07,3638.88150,05252.3652,000,260703,181143,062,000,1,3,1,861292053604220"},{"data":"+Hooshnic:V1.07,3638.88090,05252.3866,000,260703,181145,060,000,1,3,1,861292053604220"},{"data":"+Hooshnic:V1.07,3638.87920,05252.4176,000,260703,181148,060,003,1,3,1,861292053604220"},{"data":"+Hooshnic:V1.07,3638.87400,05252.4469,000,260703,181151,056,000,1,3,1,861292053604220"},{"data":"+Hooshnic:V1.07,3638.86720,05252.4744,000,260703,181154,054,000,1,3,1,861292053604220"},{"data":"+Hooshnic:V1.07,3638.86060,05252.5006,000,260703,181157,050,004,1,3,1,861292053604220"},{"data":"+Hooshnic:V1.07,3638.85740,05252.5255,000,260703,181200,044,000,1,3,1,861292053604220"},{"data":"+Hooshnic:V1.07,3638.85670,05252.5473,000,260703,181203,036,000,1,3,1,861292053604220"},{"data":"+Hooshnic:V1.07,3638.85660,05252.5596,000,260703,181205,032,000,1,3,1,861292053604220"},{"data":"+Hooshnic:V1.07,3638.85710,05252.5752,000,260703,181208,032,000,1,3,1,861292053604220"},{"data":"+Hooshnic:V1.07,3638.85760,05252.5924,000,260703,181211,028,000,1,3,1,861292053604220"},{"data":"+Hooshnic:V1.07,3638.85780,05252.6034,000,260703,181214,014,001,1,3,1,861292053604220"},{"data":"+Hooshnic:V1.07,3638.85780,05252.6134,000,260703,181217,024,000,1,3,1,861292053604220"},{"data":"+Hooshnic:V1.07,3638.85770,05252.6257,000,260703,181220,024,000,1,3,1,861292053604220"},{"data":"+Hooshnic:V1.07,3638.85770,05252.6337,000,260703,181222,020,001,1,3,1,861292053604220"},{}]....................................................................ADDRESS_LOCATION = 1544192AT+CIPSTART="TCP","api.hooshnics.com",80
AT+CIPSEND=1701
POST /api/gps/reports HTTP/1.1
Host: api.hooshnics.com
Content-Type: application/json
Content-Length: 1588

[{"data":"+Hooshnic:V1.07,3638.83330,05251.8255,000,260703,181054,048,000,1,3,1,861292053604220"},{"data":"+Hooshnic:V1.07,3638.83540,05251.8524,000,260703,181057,054,000,1,3,1,861292053604220"},{"data":"+Hooshnic:V1.07,3638.83700,05251.8798,000,260703,181100,048,000,1,3,1,861292053604220"},{"data":"+Hooshnic:V1.07,3638.83790,05251.9040,000,260703,181103,044,000,1,3,1,861292053604220"},{"data":"+Hooshnic:V1.07,3638.83890,05251.9271,000,260703,181106,042,005,1,3,1,861292053604220"},{"data":"+Hooshnic:V1.07,3638.84320,05251.9519,000,260703,181109,052,000,1,3,1,861292053604220"},{"data":"+Hooshnic:V1.07,3638.84730,05251.9708,000,260703,181111,060,000,1,3,1,861292053604220"},{"data":"+Hooshnic:V1.07,3638.85460,05252.0056,000,260703,181114,074,001,1,3,1,861292053604220"},{"data":"+Hooshnic:V1.07,3638.86190,05252.0457,000,260703,181117,080,000,1,3,1,861292053604220"},{"data":"+Hooshnic:V1.07,3638.86800,05252.0813,000,260703,181120,060,000,1,3,1,861292053604220"},{"data":"+Hooshnic:V1.07,3638.87110,05252.1122,000,260703,181123,062,005,1,3,1,861292053604220"},{"data":"+Hooshnic:V1.07,3638.87250,05252.1474,000,260703,181126,070,000,1,3,1,861292053604220"},{"data":"+Hooshnic:V1.07,3638.87460,05252.1862,000,260703,181129,076,000,1,3,1,861292053604220"},{"data":"+Hooshnic:V1.07,3638.87680,05252.2123,000,260703,181131,074,000,1,3,1,861292053604220"},{"data":"+Hooshnic:V1.07,3638.88030,05252.2520,000,260703,181134,076,000,1,3,1,861292053604220"},{"data":"+Hooshnic:V1.07,3638.88170,05252.2921,000,260703,181137,074,000,1,3,1,861292053604220"},{}]....................................................................ADDRESS_LOCATION = 1540096AT+CIPSTART="TCP","api.hooshnics.com",80
AT+CIPSEND=1701
POST /api/gps/reports HTTP/1.1
Host: api.hooshnics.com
Content-Type: application/json
Content-Length: 1588

[{"data":"+Hooshnic:V1.07,3639.00620,05251.4456,000,260703,181001,044,000,1,3,1,861292053604220"},{"data":"+Hooshnic:V1.07,3639.00110,05251.4602,000,260703,181003,048,000,1,3,1,861292053604220"},{"data":"+Hooshnic:V1.07,3638.99260,05251.4841,000,260703,181006,048,000,1,3,1,861292053604220"},{"data":"+Hooshnic:V1.07,3638.98400,05251.5084,000,260703,181009,050,000,1,3,1,861292053604220"},{"data":"+Hooshnic:V1.07,3638.97570,05251.5321,000,260703,181012,048,002,1,3,1,861292053604220"},{"data":"+Hooshnic:V1.07,3638.96760,05251.5542,000,260703,181015,044,000,1,3,1,861292053604220"},{"data":"+Hooshnic:V1.07,3638.96000,05251.5754,000,260703,181018,044,000,1,3,1,861292053604220"},{"data":"+Hooshnic:V1.07,3638.95460,05251.5902,000,260703,181020,048,001,1,3,1,861292053604220"},{"data":"+Hooshnic:V1.07,3638.94590,05251.6133,000,260703,181023,048,000,1,3,1,861292053604220"},{"data":"+Hooshnic:V1.07,3638.93640,05251.6365,000,260703,181026,050,000,1,3,1,861292053604220"},{"data":"+Hooshnic:V1.07,3638.92570,05251.6595,000,260703,181029,050,002,1,3,1,861292053604220"},{"data":"+Hooshnic:V1.07,3638.91330,05251.6808,000,260703,181032,050,000,1,3,1,861292053604220"},{"data":"+Hooshnic:V1.07,3638.89940,05251.7011,000,260703,181035,050,000,1,3,1,861292053604220"},{"data":"+Hooshnic:V1.07,3638.88440,05251.7188,000,260703,181038,048,003,1,3,1,861292053604220"},{"data":"+Hooshnic:V1.07,3638.87420,05251.7300,000,260703,181040,048,000,1,3,1,861292053604220"},{"data":"+Hooshnic:V1.07,3638.83360,05251.8095,000,260703,181052,044,000,1,3,1,861292053604220"},{}]....................................................................ADDRESS_LOCATION = 1536000AT+CIPSTART="TCP","api.hooshnics.com",80
AT+CIPSEND=1701
POST /api/gps/reports HTTP/1.1
Host: api.hooshnics.com
Content-Type: application/json
Content-Length: 1588

[{"data":"+Hooshnic:V1.07,3639.00360,05251.0915,000,260703,180915,046,000,1,3,1,861292053604220"},{"data":"+Hooshnic:V1.07,3639.00370,05251.1165,000,260703,180918,048,000,1,3,1,861292053604220"},{"data":"+Hooshnic:V1.07,3639.00680,05251.1416,000,260703,180921,048,003,1,3,1,861292053604220"},{"data":"+Hooshnic:V1.07,3639.01200,05251.1666,000,260703,180924,048,000,1,3,1,861292053604220"},{"data":"+Hooshnic:V1.07,3639.01680,05251.1905,000,260703,180927,044,000,1,3,1,861292053604220"},{"data":"+Hooshnic:V1.07,3639.01850,05251.2052,000,260703,180929,040,001,1,3,1,861292053604220"},{"data":"+Hooshnic:V1.07,3639.01940,05251.2258,000,260703,180932,040,000,1,3,1,861292053604220"},{"data":"+Hooshnic:V1.07,3639.01950,05251.2483,000,260703,180935,044,000,1,3,1,861292053604220"},{"data":"+Hooshnic:V1.07,3639.01920,05251.2709,000,260703,180938,042,000,1,3,1,861292053604220"},{"data":"+Hooshnic:V1.07,3639.01910,05251.2950,000,260703,180941,048,000,1,3,1,861292053604220"},{"data":"+Hooshnic:V1.07,3639.01930,05251.3197,000,260703,180944,044,000,1,3,1,861292053604220"},{"data":"+Hooshnic:V1.07,3639.01950,05251.3358,000,260703,180946,044,001,1,3,1,861292053604220"},{"data":"+Hooshnic:V1.07,3639.02010,05251.3596,000,260703,180949,046,000,1,3,1,861292053604220"},{"data":"+Hooshnic:V1.07,3639.02010,05251.3824,000,260703,180952,042,000,1,3,1,861292053604220"},{"data":"+Hooshnic:V1.07,3639.01810,05251.4040,000,260703,180955,042,002,1,3,1,861292053604220"},{"data":"+Hooshnic:V1.07,3639.01310,05251.4251,000,260703,180958,042,000,1,3,1,861292053604220"},{}]....................................................................ADDRESS_LOCATION = 1531904AT+CIPSTART="TCP","api.hooshnics.com",80
AT+CIPSEND=1701
POST /api/gps/reports HTTP/1.1
Host: api.hooshnics.com
Content-Type: application/json
Content-Length: 1588

[{"data":"+Hooshnic:V1.07,3638.98280,05250.7542,000,260703,180830,012,004,1,3,1,861292053604220"},{"data":"+Hooshnic:V1.07,3638.98310,05250.7646,000,260703,180833,026,000,1,3,1,861292053604220"},{"data":"+Hooshnic:V1.07,3638.98520,05250.7835,000,260703,180836,036,000,1,3,1,861292053604220"},{"data":"+Hooshnic:V1.07,3638.98590,05250.7968,000,260703,180838,034,002,1,3,1,861292053604220"},{"data":"+Hooshnic:V1.07,3638.98700,05250.8148,000,260703,180841,034,000,1,3,1,861292053604220"},{"data":"+Hooshnic:V1.07,3638.99010,05250.8355,000,260703,180844,044,000,1,3,1,861292053604220"},{"data":"+Hooshnic:V1.07,3638.99540,05250.8607,000,260703,180847,054,001,1,3,1,861292053604220"},{"data":"+Hooshnic:V1.07,3639.00220,05250.8897,000,260703,180850,060,000,1,3,1,861292053604220"},{"data":"+Hooshnic:V1.07,3639.00910,05250.9207,000,260703,180853,060,000,1,3,1,861292053604220"},{"data":"+Hooshnic:V1.07,3639.01270,05250.9400,000,260703,180855,058,002,1,3,1,861292053604220"},{"data":"+Hooshnic:V1.07,3639.01540,05250.9663,000,260703,180858,048,000,1,3,1,861292053604220"},{"data":"+Hooshnic:V1.07,3639.01460,05250.9908,000,260703,180901,044,000,1,3,1,861292053604220"},{"data":"+Hooshnic:V1.07,3639.01160,05251.0135,000,260703,180904,042,001,1,3,1,861292053604220"},{"data":"+Hooshnic:V1.07,3639.00870,05251.0352,000,260703,180907,040,000,1,3,1,861292053604220"},{"data":"+Hooshnic:V1.07,3639.00640,05251.0556,000,260703,180910,038,000,1,3,1,861292053604220"},{"data":"+Hooshnic:V1.07,3639.00490,05251.0689,000,260703,180912,040,001,1,3,1,861292053604220"},{}]....................................................................ADDRESS_LOCATION = 1527808AT+CIPSTART="TCP","api.hooshnics.com",80
AT+CIPSEND=1701
POST /api/gps/reports HTTP/1.1
Host: api.hooshnics.com
Content-Type: application/json
Content-Length: 1588

[{"data":"+Hooshnic:V1.07,3639.01530,05250.3907,000,260703,180736,014,000,1,3,1,861292053604220"},{"data":"+Hooshnic:V1.07,3639.01440,05250.4015,000,260703,180739,026,000,1,3,1,861292053604220"},{"data":"+Hooshnic:V1.07,3639.01310,05250.4191,000,260703,180742,038,000,1,3,1,861292053604220"},{"data":"+Hooshnic:V1.07,3639.01130,05250.4421,000,260703,180745,048,000,1,3,1,861292053604220"},{"data":"+Hooshnic:V1.07,3639.01000,05250.4591,000,260703,180747,048,000,1,3,1,861292053604220"},{"data":"+Hooshnic:V1.07,3639.00780,05250.4844,000,260703,180750,046,000,1,3,1,861292053604220"},{"data":"+Hooshnic:V1.07,3639.00530,05250.5084,000,260703,180753,044,001,1,3,1,861292053604220"},{"data":"+Hooshnic:V1.07,3639.00280,05250.5288,000,260703,180756,036,000,1,3,1,861292053604220"},{"data":"+Hooshnic:V1.07,3639.00040,05250.5452,000,260703,180759,024,000,1,3,1,861292053604220"},{"data":"+Hooshnic:V1.07,3638.99940,05250.5546,000,260703,180802,010,005,1,3,1,861292053604220"},{"data":"+Hooshnic:V1.07,3638.99900,05250.5588,000,260703,180804,014,000,1,3,1,861292053604220"},{"data":"+Hooshnic:V1.07,3638.99760,05250.5710,000,260703,180807,030,000,1,3,1,861292053604220"},{"data":"+Hooshnic:V1.07,3638.99530,05250.5911,000,260703,180810,044,000,1,3,1,861292053604220"},{"data":"+Hooshnic:V1.07,3638.99220,05250.6168,000,260703,180813,054,000,1,3,1,861292053604220"},{"data":"+Hooshnic:V1.07,3638.98340,05250.7229,000,260703,180824,044,000,1,3,1,861292053604220"},{"data":"+Hooshnic:V1.07,3638.98310,05250.7438,000,260703,180827,034,000,1,3,1,861292053604220"},{}]....................................................................ADDRESS_LOCATION = 1523712AT+CIPSTART="TCP","api.hooshnics.com",80
AT+CIPSEND=1701
POST /api/gps/reports HTTP/1.1
Host: api.hooshnics.com
Content-Type: application/json
Content-Length: 1588

[{"data":"+Hooshnic:V1.07,3638.97150,05250.1505,000,260703,180651,064,000,1,3,1,861292053604220"},{"data":"+Hooshnic:V1.07,3638.97930,05250.1703,000,260703,180653,062,001,1,3,1,861292053604220"},{"data":"+Hooshnic:V1.07,3638.98970,05250.1976,000,260703,180656,052,000,1,3,1,861292053604220"},{"data":"+Hooshnic:V1.07,3638.99790,05250.2185,000,260703,180659,034,000,1,3,1,861292053604220"},{"data":"+Hooshnic:V1.07,3639.00280,05250.2305,000,260703,180702,024,000,1,3,1,861292053604220"},{"data":"+Hooshnic:V1.07,3639.00800,05250.2425,000,260703,180705,030,000,1,3,1,861292053604220"},{"data":"+Hooshnic:V1.07,3639.01480,05250.2573,000,260703,180708,034,000,1,3,1,861292053604220"},{"data":"+Hooshnic:V1.07,3639.01910,05250.2751,000,260703,180711,036,015,1,3,1,861292053604220"},{"data":"+Hooshnic:V1.07,3639.01960,05250.2882,000,260703,180713,036,000,1,3,1,861292053604220"},{"data":"+Hooshnic:V1.07,3639.01860,05250.3088,000,260703,180716,040,000,1,3,1,861292053604220"},{"data":"+Hooshnic:V1.07,3639.01780,05250.3296,000,260703,180719,038,000,1,3,1,861292053604220"},{"data":"+Hooshnic:V1.07,3639.01710,05250.3497,000,260703,180722,036,000,1,3,1,861292053604220"},{"data":"+Hooshnic:V1.07,3639.01640,05250.3675,000,260703,180725,028,000,1,3,1,861292053604220"},{"data":"+Hooshnic:V1.07,3639.01580,05250.3752,000,260703,180727,016,003,1,3,1,861292053604220"},{"data":"+Hooshnic:V1.07,3639.01550,05250.3807,000,260703,180730,010,000,1,3,1,861292053604220"},{"data":"+Hooshnic:V1.07,3639.01540,05250.3857,000,260703,180733,008,000,1,3,1,861292053604220"},{}]....................................................................ADDRESS_LOCATION = 1519616AT+CIPSTART="TCP","api.hooshnics.com",80
AT+CIPSEND=1701
POST /api/gps/reports HTTP/1.1
Host: api.hooshnics.com
Content-Type: application/json
Content-Length: 1588

[{"data":"+Hooshnic:V1.07,3638.72550,05249.8671,000,260703,180605,018,000,1,3,1,861292053604220"},{"data":"+Hooshnic:V1.07,3638.73200,05249.8671,000,260703,180608,016,000,1,3,1,861292053604220"},{"data":"+Hooshnic:V1.07,3638.74290,05249.8674,000,260703,180611,032,000,1,3,1,861292053604220"},{"data":"+Hooshnic:V1.07,3638.75940,05249.8688,000,260703,180614,044,000,1,3,1,861292053604220"},{"data":"+Hooshnic:V1.07,3638.78040,05249.8719,000,260703,180617,054,000,1,3,1,861292053604220"},{"data":"+Hooshnic:V1.07,3638.79610,05249.8754,000,260703,180619,058,001,1,3,1,861292053604220"},{"data":"+Hooshnic:V1.07,3638.81850,05249.8840,000,260703,180622,052,000,1,3,1,861292053604220"},{"data":"+Hooshnic:V1.07,3638.83680,05249.8979,000,260703,180625,048,000,1,3,1,861292053604220"},{"data":"+Hooshnic:V1.07,3638.85300,05249.9178,000,260703,180628,058,003,1,3,1,861292053604220"},{"data":"+Hooshnic:V1.07,3638.86930,05249.9432,000,260703,180631,064,000,1,3,1,861292053604220"},{"data":"+Hooshnic:V1.07,3638.88510,05249.9726,000,260703,180634,068,000,1,3,1,861292053604220"},{"data":"+Hooshnic:V1.07,3638.89540,05249.9922,000,260703,180636,066,001,1,3,1,861292053604220"},{"data":"+Hooshnic:V1.07,3638.91200,05250.0220,000,260703,180639,068,000,1,3,1,861292053604220"},{"data":"+Hooshnic:V1.07,3638.92870,05250.0529,000,260703,180642,072,000,1,3,1,861292053604220"},{"data":"+Hooshnic:V1.07,3638.94440,05250.0861,000,260703,180645,074,001,1,3,1,861292053604220"},{"data":"+Hooshnic:V1.07,3638.95860,05250.1192,000,260703,180648,070,000,1,3,1,861292053604220"},{}]....................................................................ADDRESS_LOCATION = 1515520AT+CIPSTART="TCP","api.hooshnics.com",80
AT+CIPSEND=1701
POST /api/gps/reports HTTP/1.1
Host: api.hooshnics.com
Content-Type: application/json
Content-Length: 1588

[{"data":"+Hooshnic:V1.07,3638.62700,05249.5199,000,260703,180511,046,000,1,3,1,861292053604220"},{"data":"+Hooshnic:V1.07,3638.63130,05249.5444,000,260703,180514,048,000,1,3,1,861292053604220"},{"data":"+Hooshnic:V1.07,3638.63420,05249.5704,000,260703,180517,050,000,1,3,1,861292053604220"},{"data":"+Hooshnic:V1.07,3638.63720,05249.5957,000,260703,180520,048,000,1,3,1,861292053604220"},{"data":"+Hooshnic:V1.07,3638.64050,05249.6203,000,260703,180523,048,000,1,3,1,861292053604220"},{"data":"+Hooshnic:V1.07,3638.64400,05249.6415,000,260703,180526,032,009,1,3,1,861292053604220"},{"data":"+Hooshnic:V1.07,3638.64580,05249.6486,000,260703,180528,018,000,1,3,1,861292053604220"},{"data":"+Hooshnic:V1.07,3638.64730,05249.6542,000,260703,180531,020,000,1,3,1,861292053604220"},{"data":"+Hooshnic:V1.07,3638.65170,05249.6667,000,260703,180534,034,002,1,3,1,861292053604220"},{"data":"+Hooshnic:V1.07,3638.65920,05249.6849,000,260703,180537,044,000,1,3,1,861292053604220"},{"data":"+Hooshnic:V1.07,3638.66860,05249.7068,000,260703,180540,050,000,1,3,1,861292053604220"},{"data":"+Hooshnic:V1.07,3638.67490,05249.7306,000,260703,180543,046,007,1,3,1,861292053604220"},{"data":"+Hooshnic:V1.07,3638.67710,05249.7458,000,260703,180545,040,000,1,3,1,861292053604220"},{"data":"+Hooshnic:V1.07,3638.70080,05249.8296,000,260703,180557,052,000,1,3,1,861292053604220"},{"data":"+Hooshnic:V1.07,3638.70980,05249.8498,000,260703,180600,036,000,1,3,1,861292053604220"},{"data":"+Hooshnic:V1.07,3638.71540,05249.8594,000,260703,180602,032,005,1,3,1,861292053604220"},{}]....................................................................ADDRESS_LOCATION = 1511424AT+CIPSTART="TCP","api.hooshnics.com",80
AT+CIPSEND=1701
POST /api/gps/reports HTTP/1.1
Host: api.hooshnics.com
Content-Type: application/json
Content-Length: 1588

[{"data":"+Hooshnic:V1.07,3638.63590,05249.1318,000,260703,180426,064,006,1,3,1,861292053604220"},{"data":"+Hooshnic:V1.07,3638.63160,05249.1663,000,260703,180429,068,000,1,3,1,861292053604220"},{"data":"+Hooshnic:V1.07,3638.62820,05249.2019,000,260703,180432,068,000,1,3,1,861292053604220"},{"data":"+Hooshnic:V1.07,3638.62330,05249.2354,000,260703,180435,062,001,1,3,1,861292053604220"},{"data":"+Hooshnic:V1.07,3638.62090,05249.2571,000,260703,180437,064,000,1,3,1,861292053604220"},{"data":"+Hooshnic:V1.07,3638.62230,05249.2919,000,260703,180440,070,000,1,3,1,861292053604220"},{"data":"+Hooshnic:V1.07,3638.62670,05249.3295,000,260703,180443,074,002,1,3,1,861292053604220"},{"data":"+Hooshnic:V1.07,3638.62900,05249.3654,000,260703,180446,060,000,1,3,1,861292053604220"},{"data":"+Hooshnic:V1.07,3638.62920,05249.3914,000,260703,180449,044,000,1,3,1,861292053604220"},{"data":"+Hooshnic:V1.07,3638.62840,05249.4137,000,260703,180452,044,006,1,3,1,861292053604220"},{"data":"+Hooshnic:V1.07,3638.62650,05249.4289,000,260703,180454,042,000,1,3,1,861292053604220"},{"data":"+Hooshnic:V1.07,3638.62440,05249.4422,000,260703,180457,012,000,1,3,1,861292053604220"},{"data":"+Hooshnic:V1.07,3638.62410,05249.4469,000,260703,180500,016,004,1,3,1,861292053604220"},{"data":"+Hooshnic:V1.07,3638.62290,05249.4603,000,260703,180503,034,000,1,3,1,861292053604220"},{"data":"+Hooshnic:V1.07,3638.62160,05249.4814,000,260703,180506,042,000,1,3,1,861292053604220"},{"data":"+Hooshnic:V1.07,3638.62390,05249.5041,000,260703,180509,044,008,1,3,1,861292053604220"},{}]....................................................................ADDRESS_LOCATION = 1507328AT+CIPSTART="TCP","api.hooshnics.com",80
AT+CIPSEND=1701
POST /api/gps/reports HTTP/1.1
Host: api.hooshnics.com
Content-Type: application/json
Content-Length: 1588

[{"data":"+Hooshnic:V1.07,3638.40430,05248.5740,000,260703,180341,082,000,1,3,1,861292053604220"},{"data":"+Hooshnic:V1.07,3638.42050,05248.6125,000,260703,180344,082,000,1,3,1,861292053604220"},{"data":"+Hooshnic:V1.07,3638.43120,05248.6384,000,260703,180346,084,000,1,3,1,861292053604220"},{"data":"+Hooshnic:V1.07,3638.44580,05248.6799,000,260703,180349,088,000,1,3,1,861292053604220"},{"data":"+Hooshnic:V1.07,3638.45740,05248.7243,000,260703,180352,092,000,1,3,1,861292053604220"},{"data":"+Hooshnic:V1.07,3638.46900,05248.7712,000,260703,180355,094,000,1,3,1,861292053604220"},{"data":"+Hooshnic:V1.07,3638.47870,05248.8166,000,260703,180358,086,000,1,3,1,861292053604220"},{"data":"+Hooshnic:V1.07,3638.49160,05248.8566,000,260703,180401,082,010,1,3,1,861292053604220"},{"data":"+Hooshnic:V1.07,3638.50350,05248.8819,000,260703,180403,086,000,1,3,1,861292053604220"},{"data":"+Hooshnic:V1.07,3638.52550,05248.9183,000,260703,180406,090,000,1,3,1,861292053604220"},{"data":"+Hooshnic:V1.07,3638.55070,05248.9543,000,260703,180409,092,001,1,3,1,861292053604220"},{"data":"+Hooshnic:V1.07,3638.57730,05248.9909,000,260703,180412,094,000,1,3,1,861292053604220"},{"data":"+Hooshnic:V1.07,3638.60060,05249.0225,000,260703,180415,068,000,1,3,1,861292053604220"},{"data":"+Hooshnic:V1.07,3638.61740,05249.0497,000,260703,180418,066,005,1,3,1,861292053604220"},{"data":"+Hooshnic:V1.07,3638.62670,05249.0697,000,260703,180420,066,000,1,3,1,861292053604220"},{"data":"+Hooshnic:V1.07,3638.63590,05249.1001,000,260703,180423,060,000,1,3,1,861292053604220"},{}]....................................................................ADDRESS_LOCATION = 1503232AT+CIPSTART="TCP","api.hooshnics.com",80
AT+CIPSEND=1701
POST /api/gps/reports HTTP/1.1
Host: api.hooshnics.com
Content-Type: application/json
Content-Length: 1588

[{"data":"+Hooshnic:V1.07,3638.26670,05247.9621,000,260703,180247,076,000,1,3,1,861292053604220"},{"data":"+Hooshnic:V1.07,3638.26720,05248.0013,000,260703,180250,072,001,1,3,1,861292053604220"},{"data":"+Hooshnic:V1.07,3638.27060,05248.0392,000,260703,180253,074,000,1,3,1,861292053604220"},{"data":"+Hooshnic:V1.07,3638.27680,05248.0771,000,260703,180256,072,000,1,3,1,861292053604220"},{"data":"+Hooshnic:V1.07,3638.28780,05248.1119,000,260703,180259,074,006,1,3,1,861292053604220"},{"data":"+Hooshnic:V1.07,3638.29750,05248.1344,000,260703,180301,072,000,1,3,1,861292053604220"},{"data":"+Hooshnic:V1.07,3638.31100,05248.1669,000,260703,180304,064,000,1,3,1,861292053604220"},{"data":"+Hooshnic:V1.07,3638.31650,05248.1992,000,260703,180307,064,015,1,3,1,861292053604220"},{"data":"+Hooshnic:V1.07,3638.31410,05248.2337,000,260703,180310,068,000,1,3,1,861292053604220"},{"data":"+Hooshnic:V1.07,3638.31170,05248.2572,000,260703,180312,068,000,1,3,1,861292053604220"},{"data":"+Hooshnic:V1.07,3638.30790,05248.2919,000,260703,180315,068,000,1,3,1,861292053604220"},{"data":"+Hooshnic:V1.07,3638.30740,05248.3230,000,260703,180318,054,000,1,3,1,861292053604220"},{"data":"+Hooshnic:V1.07,3638.35260,05248.4299,000,260703,180329,070,000,1,3,1,861292053604220"},{"data":"+Hooshnic:V1.07,3638.36620,05248.4636,000,260703,180332,074,000,1,3,1,861292053604220"},{"data":"+Hooshnic:V1.07,3638.37950,05248.4989,000,260703,180335,074,002,1,3,1,861292053604220"},{"data":"+Hooshnic:V1.07,3638.39090,05248.5357,000,260703,180338,076,000,1,3,1,861292053604220"},{}]....................................................................ADDRESS_LOCATION = 1499136AT+CIPSTART="TCP","api.hooshnics.com",80
AT+CIPSEND=1701
POST /api/gps/reports HTTP/1.1
Host: api.hooshnics.com
Content-Type: application/json
Content-Length: 1588

[{"data":"+Hooshnic:V1.07,3638.15810,05247.5149,000,260703,180202,050,000,1,3,1,861292053604220"},{"data":"+Hooshnic:V1.07,3638.15970,05247.5321,000,260703,180204,048,000,1,3,1,861292053604220"},{"data":"+Hooshnic:V1.07,3638.16690,05247.5577,000,260703,180207,054,000,1,3,1,861292053604220"},{"data":"+Hooshnic:V1.07,3638.17570,05247.5844,000,260703,180210,048,000,1,3,1,861292053604220"},{"data":"+Hooshnic:V1.07,3638.18110,05247.6016,000,260703,180213,034,000,1,3,1,861292053604220"},{"data":"+Hooshnic:V1.07,3638.18720,05247.6206,000,260703,180216,044,000,1,3,1,861292053604220"},{"data":"+Hooshnic:V1.07,3638.19500,05247.6457,000,260703,180219,056,000,1,3,1,861292053604220"},{"data":"+Hooshnic:V1.07,3638.20150,05247.6649,000,260703,180221,060,000,1,3,1,861292053604220"},{"data":"+Hooshnic:V1.07,3638.21330,05247.6940,000,260703,180224,062,000,1,3,1,861292053604220"},{"data":"+Hooshnic:V1.07,3638.22660,05247.7243,000,260703,180227,068,000,1,3,1,861292053604220"},{"data":"+Hooshnic:V1.07,3638.23920,05247.7554,000,260703,180230,064,000,1,3,1,861292053604220"},{"data":"+Hooshnic:V1.07,3638.24890,05247.7870,000,260703,180233,064,002,1,3,1,861292053604220"},{"data":"+Hooshnic:V1.07,3638.25580,05247.8216,000,260703,180236,070,000,1,3,1,861292053604220"},{"data":"+Hooshnic:V1.07,3638.26070,05247.8588,000,260703,180239,072,000,1,3,1,861292053604220"},{"data":"+Hooshnic:V1.07,3638.26420,05247.8969,000,260703,180242,072,002,1,3,1,861292053604220"},{"data":"+Hooshnic:V1.07,3638.26640,05247.9356,000,260703,180245,076,000,1,3,1,861292053604220"},{}]....................................................................ADDRESS_LOCATION = 1495040AT+CIPSTART="TCP","api.hooshnics.com",80
AT+CIPSEND=1701
POST /api/gps/reports HTTP/1.1
Host: api.hooshnics.com
Content-Type: application/json
Content-Length: 1588

[{"data":"+Hooshnic:V1.07,3638.03440,05247.3828,000,260703,180116,082,001,1,3,1,861292053604220"},{"data":"+Hooshnic:V1.07,3638.06630,05247.3730,000,260703,180119,074,000,1,3,1,861292053604220"},{"data":"+Hooshnic:V1.07,3638.09620,05247.3633,000,260703,180122,070,000,1,3,1,861292053604220"},{"data":"+Hooshnic:V1.07,3638.12380,05247.3540,000,260703,180125,064,004,1,3,1,861292053604220"},{"data":"+Hooshnic:V1.07,3638.14010,05247.3465,000,260703,180127,058,000,1,3,1,861292053604220"},{"data":"+Hooshnic:V1.07,3638.16020,05247.3352,000,260703,180130,046,000,1,3,1,861292053604220"},{"data":"+Hooshnic:V1.07,3638.17390,05247.3264,000,260703,180133,026,001,1,3,1,861292053604220"},{"data":"+Hooshnic:V1.07,3638.18100,05247.3238,000,260703,180136,014,000,1,3,1,861292053604220"},{"data":"+Hooshnic:V1.07,3638.18530,05247.3290,000,260703,180139,016,000,1,3,1,861292053604220"},{"data":"+Hooshnic:V1.07,3638.18470,05247.3412,000,260703,180142,028,011,1,3,1,861292053604220"},{"data":"+Hooshnic:V1.07,3638.18100,05247.3597,000,260703,180145,040,000,1,3,1,861292053604220"},{"data":"+Hooshnic:V1.07,3638.17830,05247.3744,000,260703,180147,044,000,1,3,1,861292053604220"},{"data":"+Hooshnic:V1.07,3638.17260,05247.4005,000,260703,180150,054,000,1,3,1,861292053604220"},{"data":"+Hooshnic:V1.07,3638.16680,05247.4282,000,260703,180153,056,000,1,3,1,861292053604220"},{"data":"+Hooshnic:V1.07,3638.16240,05247.4568,000,260703,180156,056,000,1,3,1,861292053604220"},{"data":"+Hooshnic:V1.07,3638.15900,05247.4869,000,260703,180159,056,002,1,3,1,861292053604220"},{}]....................................................................ADDRESS_LOCATION = 1490944AT+CIPSTART="TCP","api.hooshnics.com",80
AT+CIPSEND=1701
POST /api/gps/reports HTTP/1.1
Host: api.hooshnics.com
Content-Type: application/json
Content-Length: 1588

[{"data":"+Hooshnic:V1.07,3637.99600,05247.3918,000,260703,180022,070,002,1,3,1,861292053604220"},{"data":"+Hooshnic:V1.07,3637.96900,05247.3986,000,260703,180025,058,000,1,3,1,861292053604220"},{"data":"+Hooshnic:V1.07,3637.94690,05247.4042,000,260703,180028,052,000,1,3,1,861292053604220"},{"data":"+Hooshnic:V1.07,3637.92450,05247.4098,000,260703,180031,056,001,1,3,1,861292053604220"},{"data":"+Hooshnic:V1.07,3637.90090,05247.4155,000,260703,180034,058,000,1,3,1,861292053604220"},{"data":"+Hooshnic:V1.07,3637.87830,05247.4214,000,260703,180037,050,000,1,3,1,861292053604220"},{"data":"+Hooshnic:V1.07,3637.85930,05247.4260,000,260703,180040,046,000,1,3,1,861292053604220"},{"data":"+Hooshnic:V1.07,3637.84110,05247.4298,000,260703,180043,038,000,1,3,1,861292053604220"},{"data":"+Hooshnic:V1.07,3637.83320,05247.4316,000,260703,180045,020,000,1,3,1,861292053604220"},{"data":"+Hooshnic:V1.07,3637.83010,05247.4338,000,260703,180048,008,026,1,3,1,861292053604220"},{"data":"+Hooshnic:V1.07,3637.83170,05247.4389,000,260703,180051,012,000,1,3,1,861292053604220"},{"data":"+Hooshnic:V1.07,3637.88940,05247.4223,000,260703,180102,056,000,1,3,1,861292053604220"},{"data":"+Hooshnic:V1.07,3637.91540,05247.4153,000,260703,180105,066,000,1,3,1,861292053604220"},{"data":"+Hooshnic:V1.07,3637.94520,05247.4077,000,260703,180108,074,001,1,3,1,861292053604220"},{"data":"+Hooshnic:V1.07,3637.96670,05247.4018,000,260703,180110,080,000,1,3,1,861292053604220"},{"data":"+Hooshnic:V1.07,3638.00070,05247.3924,000,260703,180113,082,000,1,3,1,861292053604220"},{}]....................................................................ADDRESS_LOCATION = 1486848AT+CIPSTART="TCP","api.hooshnics.com",80
AT+CIPSEND=1701
POST /api/gps/reports HTTP/1.1
Host: api.hooshnics.com
Content-Type: application/json
Content-Length: 1588

[{"data":"+Hooshnic:V1.07,3638.45910,05247.0705,000,260703,175937,088,000,1,3,1,861292053604220"},{"data":"+Hooshnic:V1.07,3638.42800,05247.0980,000,260703,175940,090,000,1,3,1,861292053604220"},{"data":"+Hooshnic:V1.07,3638.39640,05247.1261,000,260703,175943,092,000,1,3,1,861292053604220"},{"data":"+Hooshnic:V1.07,3638.37560,05247.1448,000,260703,175945,092,000,1,3,1,861292053604220"},{"data":"+Hooshnic:V1.07,3638.34470,05247.1722,000,260703,175948,088,000,1,3,1,861292053604220"},{"data":"+Hooshnic:V1.07,3638.31430,05247.1993,000,260703,175951,088,000,1,3,1,861292053604220"},{"data":"+Hooshnic:V1.07,3638.28450,05247.2258,000,260703,175954,086,000,1,3,1,861292053604220"},{"data":"+Hooshnic:V1.07,3638.25500,05247.2522,000,260703,175957,086,000,1,3,1,861292053604220"},{"data":"+Hooshnic:V1.07,3638.22560,05247.2786,000,260703,180000,084,000,1,3,1,861292053604220"},{"data":"+Hooshnic:V1.07,3638.19700,05247.3038,000,260703,180003,082,000,1,3,1,861292053604220"},{"data":"+Hooshnic:V1.07,3638.17730,05247.3190,000,260703,180005,082,002,1,3,1,861292053604220"},{"data":"+Hooshnic:V1.07,3638.14560,05247.3384,000,260703,180008,084,000,1,3,1,861292053604220"},{"data":"+Hooshnic:V1.07,3638.11220,05247.3536,000,260703,180011,086,000,1,3,1,861292053604220"},{"data":"+Hooshnic:V1.07,3638.07810,05247.3649,000,260703,180014,082,000,1,3,1,861292053604220"},{"data":"+Hooshnic:V1.07,3638.04570,05247.3752,000,260703,180017,076,000,1,3,1,861292053604220"},{"data":"+Hooshnic:V1.07,3638.01540,05247.3861,000,260703,180020,072,000,1,3,1,861292053604220"},{}]....................................................................ADDRESS_LOCATION = 1482752AT+CIPSTART="TCP","api.hooshnics.com",80
AT+CIPSEND=1701
POST /api/gps/reports HTTP/1.1
Host: api.hooshnics.com
Content-Type: application/json
Content-Length: 1588

[{"data":"+Hooshnic:V1.07,3638.84530,05246.7322,000,260703,175852,088,000,1,3,1,861292053604220"},{"data":"+Hooshnic:V1.07,3638.82500,05246.7501,000,260703,175854,090,000,1,3,1,861292053604220"},{"data":"+Hooshnic:V1.07,3638.79380,05246.7773,000,260703,175857,090,000,1,3,1,861292053604220"},{"data":"+Hooshnic:V1.07,3638.76540,05246.8024,000,260703,175900,072,000,1,3,1,861292053604220"},{"data":"+Hooshnic:V1.07,3638.74450,05246.8207,000,260703,175903,052,000,1,3,1,861292053604220"},{"data":"+Hooshnic:V1.07,3638.72580,05246.8370,000,260703,175906,058,001,1,3,1,861292053604220"},{"data":"+Hooshnic:V1.07,3638.70560,05246.8551,000,260703,175909,060,000,1,3,1,861292053604220"},{"data":"+Hooshnic:V1.07,3638.69140,05246.8679,000,260703,175911,066,000,1,3,1,861292053604220"},{"data":"+Hooshnic:V1.07,3638.66780,05246.8887,000,260703,175914,072,000,1,3,1,861292053604220"},{"data":"+Hooshnic:V1.07,3638.64210,05246.9115,000,260703,175917,076,000,1,3,1,861292053604220"},{"data":"+Hooshnic:V1.07,3638.61540,05246.9348,000,260703,175920,076,000,1,3,1,861292053604220"},{"data":"+Hooshnic:V1.07,3638.58920,05246.9577,000,260703,175923,076,000,1,3,1,861292053604220"},{"data":"+Hooshnic:V1.07,3638.56290,05246.9808,000,260703,175926,078,000,1,3,1,861292053604220"},{"data":"+Hooshnic:V1.07,3638.54490,05246.9966,000,260703,175928,078,000,1,3,1,861292053604220"},{"data":"+Hooshnic:V1.07,3638.51710,05247.0200,000,260703,175931,080,001,1,3,1,861292053604220"},{"data":"+Hooshnic:V1.07,3638.48850,05247.0439,000,260703,175934,084,000,1,3,1,861292053604220"},{}]....................................................................ADDRESS_LOCATION = 1478656AT+CIPSTART="TCP","api.hooshnics.com",80
AT+CIPSEND=1701
POST /api/gps/reports HTTP/1.1
Host: api.hooshnics.com
Content-Type: application/json
Content-Length: 1588

[{"data":"+Hooshnic:V1.07,3639.27840,05246.3513,000,260703,175758,074,000,1,3,1,861292053604220"},{"data":"+Hooshnic:V1.07,3639.25740,05246.3685,000,260703,175801,060,000,1,3,1,861292053604220"},{"data":"+Hooshnic:V1.07,3639.24300,05246.3810,000,260703,175803,064,000,1,3,1,861292053604220"},{"data":"+Hooshnic:V1.07,3639.21970,05246.3996,000,260703,175806,066,000,1,3,1,861292053604220"},{"data":"+Hooshnic:V1.07,3639.19560,05246.4188,000,260703,175809,070,000,1,3,1,861292053604220"},{"data":"+Hooshnic:V1.07,3639.17090,05246.4407,000,260703,175812,074,000,1,3,1,861292053604220"},{"data":"+Hooshnic:V1.07,3639.14520,05246.4644,000,260703,175815,076,000,1,3,1,861292053604220"},{"data":"+Hooshnic:V1.07,3639.11930,05246.4886,000,260703,175818,074,000,1,3,1,861292053604220"},{"data":"+Hooshnic:V1.07,3639.10320,05246.5032,000,260703,175820,066,000,1,3,1,861292053604220"},{"data":"+Hooshnic:V1.07,3639.08410,05246.5206,000,260703,175823,052,000,1,3,1,861292053604220"},{"data":"+Hooshnic:V1.07,3638.99390,05246.6006,000,260703,175835,074,000,1,3,1,861292053604220"},{"data":"+Hooshnic:V1.07,3638.97740,05246.6149,000,260703,175837,068,000,1,3,1,861292053604220"},{"data":"+Hooshnic:V1.07,3638.95480,05246.6347,000,260703,175840,068,000,1,3,1,861292053604220"},{"data":"+Hooshnic:V1.07,3638.93040,05246.6561,000,260703,175843,074,000,1,3,1,861292053604220"},{"data":"+Hooshnic:V1.07,3638.90350,05246.6801,000,260703,175846,082,000,1,3,1,861292053604220"},{"data":"+Hooshnic:V1.07,3638.87500,05246.7059,000,260703,175849,086,001,1,3,1,861292053604220"},{}]....................................................................ADDRESS_LOCATION = 1474560AT+CIPSTART="TCP","api.hooshnics.com",80
AT+CIPSEND=1701
POST /api/gps/reports HTTP/1.1
Host: api.hooshnics.com
Content-Type: application/json
Content-Length: 1588

[{"data":"+Hooshnic:V1.07,3639.62660,05246.0452,000,260703,175712,068,001,1,3,1,861292053604220"},{"data":"+Hooshnic:V1.07,3639.60230,05246.0665,000,260703,175715,070,000,1,3,1,861292053604220"},{"data":"+Hooshnic:V1.07,3639.57800,05246.0875,000,260703,175718,068,000,1,3,1,861292053604220"},{"data":"+Hooshnic:V1.07,3639.55650,05246.1066,000,260703,175721,056,001,1,3,1,861292053604220"},{"data":"+Hooshnic:V1.07,3639.53920,05246.1214,000,260703,175724,046,000,1,3,1,861292053604220"},{"data":"+Hooshnic:V1.07,3639.52170,05246.1358,000,260703,175727,054,000,1,3,1,861292053604220"},{"data":"+Hooshnic:V1.07,3639.50800,05246.1456,000,260703,175729,058,000,1,3,1,861292053604220"},{"data":"+Hooshnic:V1.07,3639.48590,05246.1639,000,260703,175732,066,000,1,3,1,861292053604220"},{"data":"+Hooshnic:V1.07,3639.46260,05246.1861,000,260703,175735,072,000,1,3,1,861292053604220"},{"data":"+Hooshnic:V1.07,3639.43800,05246.2090,000,260703,175738,072,000,1,3,1,861292053604220"},{"data":"+Hooshnic:V1.07,3639.41380,05246.2305,000,260703,175741,068,000,1,3,1,861292053604220"},{"data":"+Hooshnic:V1.07,3639.39080,05246.2504,000,260703,175744,064,000,1,3,1,861292053604220"},{"data":"+Hooshnic:V1.07,3639.36920,05246.2704,000,260703,175747,066,003,1,3,1,861292053604220"},{"data":"+Hooshnic:V1.07,3639.35440,05246.2855,000,260703,175749,070,000,1,3,1,861292053604220"},{"data":"+Hooshnic:V1.07,3639.33050,05246.3087,000,260703,175752,074,000,1,3,1,861292053604220"},{"data":"+Hooshnic:V1.07,3639.30430,05246.3312,000,260703,175755,076,001,1,3,1,861292053604220"},{}]....................................................................ADDRESS_LOCATION = 1470464AT+CIPSTART="TCP","api.hooshnics.com",80
AT+CIPSEND=1701
POST /api/gps/reports HTTP/1.1
Host: api.hooshnics.com
Content-Type: application/json
Content-Length: 1588

[{"data":"+Hooshnic:V1.07,3639.86180,05245.8610,000,260703,175627,046,000,1,3,1,861292053604220"},{"data":"+Hooshnic:V1.07,3639.84540,05245.8711,000,260703,175630,042,003,1,3,1,861292053604220"},{"data":"+Hooshnic:V1.07,3639.83090,05245.8787,000,260703,175633,032,000,1,3,1,861292053604220"},{"data":"+Hooshnic:V1.07,3639.82290,05245.8815,000,260703,175635,026,000,1,3,1,861292053604220"},{"data":"+Hooshnic:V1.07,3639.81270,05245.8829,000,260703,175638,026,001,1,3,1,861292053604220"},{"data":"+Hooshnic:V1.07,3639.80210,05245.8844,000,260703,175641,026,000,1,3,1,861292053604220"},{"data":"+Hooshnic:V1.07,3639.79250,05245.8917,000,260703,175644,030,000,1,3,1,861292053604220"},{"data":"+Hooshnic:V1.07,3639.78330,05245.9040,000,260703,175647,034,000,1,3,1,861292053604220"},{"data":"+Hooshnic:V1.07,3639.77260,05245.9183,000,260703,175650,040,000,1,3,1,861292053604220"},{"data":"+Hooshnic:V1.07,3639.75910,05245.9321,000,260703,175653,044,000,1,3,1,861292053604220"},{"data":"+Hooshnic:V1.07,3639.74760,05245.9417,000,260703,175655,052,001,1,3,1,861292053604220"},{"data":"+Hooshnic:V1.07,3639.72760,05245.9571,000,260703,175658,056,000,1,3,1,861292053604220"},{"data":"+Hooshnic:V1.07,3639.70700,05245.9738,000,260703,175701,058,000,1,3,1,861292053604220"},{"data":"+Hooshnic:V1.07,3639.68620,05245.9918,000,260703,175704,060,001,1,3,1,861292053604220"},{"data":"+Hooshnic:V1.07,3639.66480,05246.0110,000,260703,175707,064,000,1,3,1,861292053604220"},{"data":"+Hooshnic:V1.07,3639.64230,05246.0312,000,260703,175710,068,000,1,3,1,861292053604220"},{}]....................................................................ADDRESS_LOCATION = 1466368AT+CIPSTART="TCP","api.hooshnics.com",80
AT+CIPSEND=1701
POST /api/gps/reports HTTP/1.1
Host: api.hooshnics.com
Content-Type: application/json
Content-Length: 1588

[{"data":"+Hooshnic:V1.07,3640.09830,05245.6936,000,260703,175533,062,000,1,3,1,861292053604220"},{"data":"+Hooshnic:V1.07,3640.07690,05245.7079,000,260703,175536,048,000,1,3,1,861292053604220"},{"data":"+Hooshnic:V1.07,3640.06420,05245.7164,000,260703,175539,026,000,1,3,1,861292053604220"},{"data":"+Hooshnic:V1.07,3640.05780,05245.7193,000,260703,175542,018,000,1,3,1,861292053604220"},{"data":"+Hooshnic:V1.07,3640.05200,05245.7230,000,260703,175545,012,001,1,3,1,861292053604220"},{"data":"+Hooshnic:V1.07,3640.04940,05245.7246,000,260703,175547,006,000,1,3,1,861292053604220"},{"data":"+Hooshnic:V1.07,3640.04920,05245.7247,000,260703,175550,000,000,1,3,1,861292053604220"},{"data":"+Hooshnic:V1.07,3640.04770,05245.7260,000,260703,175553,010,012,1,3,1,861292053604220"},{"data":"+Hooshnic:V1.07,3640.04130,05245.7308,000,260703,175556,022,000,1,3,1,861292053604220"},{"data":"+Hooshnic:V1.07,3639.99220,05245.7680,000,260703,175607,040,000,1,3,1,861292053604220"},{"data":"+Hooshnic:V1.07,3639.97810,05245.7790,000,260703,175610,040,000,1,3,1,861292053604220"},{"data":"+Hooshnic:V1.07,3639.96050,05245.7918,000,260703,175613,052,000,1,3,1,861292053604220"},{"data":"+Hooshnic:V1.07,3639.94000,05245.8072,000,260703,175616,058,000,1,3,1,861292053604220"},{"data":"+Hooshnic:V1.07,3639.92520,05245.8177,000,260703,175618,060,000,1,3,1,861292053604220"},{"data":"+Hooshnic:V1.07,3639.90280,05245.8330,000,260703,175621,060,000,1,3,1,861292053604220"},{"data":"+Hooshnic:V1.07,3639.88090,05245.8480,000,260703,175624,058,000,1,3,1,861292053604220"},{}]....................................................................ADDRESS_LOCATION = 1462272AT+CIPSTART="TCP","api.hooshnics.com",80
AT+CIPSEND=1701
POST /api/gps/reports HTTP/1.1
Host: api.hooshnics.com
Content-Type: application/json
Content-Length: 1588

[{"data":"+Hooshnic:V1.07,3640.46860,05245.4363,000,260703,175448,058,000,1,3,1,861292053604220"},{"data":"+Hooshnic:V1.07,3640.44640,05245.4514,000,260703,175451,060,000,1,3,1,861292053604220"},{"data":"+Hooshnic:V1.07,3640.43110,05245.4620,000,260703,175453,062,001,1,3,1,861292053604220"},{"data":"+Hooshnic:V1.07,3640.40850,05245.4778,000,260703,175456,062,000,1,3,1,861292053604220"},{"data":"+Hooshnic:V1.07,3640.38780,05245.4924,000,260703,175459,050,000,1,3,1,861292053604220"},{"data":"+Hooshnic:V1.07,3640.36950,05245.5050,000,260703,175502,052,001,1,3,1,861292053604220"},{"data":"+Hooshnic:V1.07,3640.34940,05245.5190,000,260703,175505,060,000,1,3,1,861292053604220"},{"data":"+Hooshnic:V1.07,3640.32610,05245.5354,000,260703,175508,066,000,1,3,1,861292053604220"},{"data":"+Hooshnic:V1.07,3640.30100,05245.5531,000,260703,175511,070,000,1,3,1,861292053604220"},{"data":"+Hooshnic:V1.07,3640.28330,05245.5655,000,260703,175513,074,000,1,3,1,861292053604220"},{"data":"+Hooshnic:V1.07,3640.25640,05245.5848,000,260703,175516,074,000,1,3,1,861292053604220"},{"data":"+Hooshnic:V1.07,3640.22890,05245.6048,000,260703,175519,076,000,1,3,1,861292053604220"},{"data":"+Hooshnic:V1.07,3640.20070,05245.6255,000,260703,175522,078,000,1,3,1,861292053604220"},{"data":"+Hooshnic:V1.07,3640.17150,05245.6460,000,260703,175525,080,000,1,3,1,861292053604220"},{"data":"+Hooshnic:V1.07,3640.14230,05245.6652,000,260703,175528,076,000,1,3,1,861292053604220"},{"data":"+Hooshnic:V1.07,3640.12360,05245.6772,000,260703,175530,072,000,1,3,1,861292053604220"},{}]....................................................................ADDRESS_LOCATION = 1458176AT+CIPSTART="TCP","api.hooshnics.com",80
AT+CIPSEND=1701
POST /api/gps/reports HTTP/1.1
Host: api.hooshnics.com
Content-Type: application/json
Content-Length: 1588

[{"data":"+Hooshnic:V1.07,3640.77800,05245.2248,000,260703,175402,064,000,1,3,1,861292053604220"},{"data":"+Hooshnic:V1.07,3640.75720,05245.2388,000,260703,175405,046,000,1,3,1,861292053604220"},{"data":"+Hooshnic:V1.07,3640.74280,05245.2480,000,260703,175408,036,000,1,3,1,861292053604220"},{"data":"+Hooshnic:V1.07,3640.72720,05245.2581,000,260703,175411,046,000,1,3,1,861292053604220"},{"data":"+Hooshnic:V1.07,3640.70820,05245.2706,000,260703,175414,054,000,1,3,1,861292053604220"},{"data":"+Hooshnic:V1.07,3640.68670,05245.2852,000,260703,175417,062,000,1,3,1,861292053604220"},{"data":"+Hooshnic:V1.07,3640.67100,05245.2963,000,260703,175419,066,001,1,3,1,861292053604220"},{"data":"+Hooshnic:V1.07,3640.64580,05245.3144,000,260703,175422,068,000,1,3,1,861292053604220"},{"data":"+Hooshnic:V1.07,3640.62130,05245.3321,000,260703,175425,068,000,1,3,1,861292053604220"},{"data":"+Hooshnic:V1.07,3640.59560,05245.3495,000,260703,175428,070,000,1,3,1,861292053604220"},{"data":"+Hooshnic:V1.07,3640.57240,05245.3655,000,260703,175431,056,000,1,3,1,861292053604220"},{"data":"+Hooshnic:V1.07,3640.55330,05245.3788,000,260703,175434,046,000,1,3,1,861292053604220"},{"data":"+Hooshnic:V1.07,3640.54280,05245.3855,000,260703,175436,038,000,1,3,1,861292053604220"},{"data":"+Hooshnic:V1.07,3640.52780,05245.3954,000,260703,175439,044,000,1,3,1,861292053604220"},{"data":"+Hooshnic:V1.07,3640.50940,05245.4076,000,260703,175442,052,000,1,3,1,861292053604220"},{"data":"+Hooshnic:V1.07,3640.48930,05245.4216,000,260703,175445,056,001,1,3,1,861292053604220"},{}]....................................................................ADDRESS_LOCATION = 1454080AT+CIPSTART="TCP","api.hooshnics.com",80
AT+CIPSEND=1701
POST /api/gps/reports HTTP/1.1
Host: api.hooshnics.com
Content-Type: application/json
Content-Length: 1588

[{"data":"+Hooshnic:V1.07,3641.17310,05244.8854,000,260703,175308,052,001,1,3,1,861292053604220"},{"data":"+Hooshnic:V1.07,3641.15460,05244.9024,000,260703,175311,058,000,1,3,1,861292053604220"},{"data":"+Hooshnic:V1.07,3641.13370,05244.9211,000,260703,175314,064,000,1,3,1,861292053604220"},{"data":"+Hooshnic:V1.07,3641.11160,05244.9419,000,260703,175317,068,000,1,3,1,861292053604220"},{"data":"+Hooshnic:V1.07,3641.08760,05244.9639,000,260703,175320,072,000,1,3,1,861292053604220"},{"data":"+Hooshnic:V1.07,3641.06330,05244.9864,000,260703,175323,070,000,1,3,1,861292053604220"},{"data":"+Hooshnic:V1.07,3641.04050,05245.0076,000,260703,175326,064,001,1,3,1,861292053604220"},{"data":"+Hooshnic:V1.07,3641.02660,05245.0215,000,260703,175328,062,000,1,3,1,861292053604220"},{"data":"+Hooshnic:V1.07,3640.95680,05245.0875,000,260703,175340,052,000,1,3,1,861292053604220"},{"data":"+Hooshnic:V1.07,3640.93860,05245.1041,000,260703,175343,054,000,1,3,1,861292053604220"},{"data":"+Hooshnic:V1.07,3640.92530,05245.1161,000,260703,175345,060,001,1,3,1,861292053604220"},{"data":"+Hooshnic:V1.07,3640.90280,05245.1349,000,260703,175348,068,000,1,3,1,861292053604220"},{"data":"+Hooshnic:V1.07,3640.87770,05245.1548,000,260703,175351,074,000,1,3,1,861292053604220"},{"data":"+Hooshnic:V1.07,3640.85030,05245.1754,000,260703,175354,078,000,1,3,1,861292053604220"},{"data":"+Hooshnic:V1.07,3640.82200,05245.1951,000,260703,175357,078,000,1,3,1,861292053604220"},{"data":"+Hooshnic:V1.07,3640.79490,05245.2135,000,260703,175400,072,000,1,3,1,861292053604220"},{}]....................................................................ADDRESS_LOCATION = 1449984AT+CIPSTART="TCP","api.hooshnics.com",80
AT+CIPSEND=1701
POST /api/gps/reports HTTP/1.1
Host: api.hooshnics.com
Content-Type: application/json
Content-Length: 1588

[{"data":"+Hooshnic:V1.07,3641.52400,05244.5679,000,260703,175223,052,000,1,3,1,861292053604220"},{"data":"+Hooshnic:V1.07,3641.50490,05244.5857,000,260703,175226,060,001,1,3,1,861292053604220"},{"data":"+Hooshnic:V1.07,3641.48280,05244.6060,000,260703,175229,068,000,1,3,1,861292053604220"},{"data":"+Hooshnic:V1.07,3641.45920,05244.6278,000,260703,175232,072,000,1,3,1,861292053604220"},{"data":"+Hooshnic:V1.07,3641.44270,05244.6430,000,260703,175234,074,001,1,3,1,861292053604220"},{"data":"+Hooshnic:V1.07,3641.41750,05244.6672,000,260703,175237,076,000,1,3,1,861292053604220"},{"data":"+Hooshnic:V1.07,3641.39080,05244.6916,000,260703,175240,080,000,1,3,1,861292053604220"},{"data":"+Hooshnic:V1.07,3641.36330,05244.7168,000,260703,175243,080,000,1,3,1,861292053604220"},{"data":"+Hooshnic:V1.07,3641.33670,05244.7405,000,260703,175246,074,000,1,3,1,861292053604220"},{"data":"+Hooshnic:V1.07,3641.31160,05244.7633,000,260703,175249,072,000,1,3,1,861292053604220"},{"data":"+Hooshnic:V1.07,3641.29500,05244.7781,000,260703,175251,072,001,1,3,1,861292053604220"},{"data":"+Hooshnic:V1.07,3641.27040,05244.7997,000,260703,175254,068,000,1,3,1,861292053604220"},{"data":"+Hooshnic:V1.07,3641.24740,05244.8199,000,260703,175257,064,000,1,3,1,861292053604220"},{"data":"+Hooshnic:V1.07,3641.22600,05244.8391,000,260703,175300,060,001,1,3,1,861292053604220"},{"data":"+Hooshnic:V1.07,3641.20450,05244.8580,000,260703,175303,060,000,1,3,1,861292053604220"},{"data":"+Hooshnic:V1.07,3641.18480,05244.8751,000,260703,175306,050,000,1,3,1,861292053604220"},{}]....................................................................ADDRESS_LOCATION = 1445888AT+CIPSTART="TCP","api.hooshnics.com",80
AT+CIPSEND=1701
POST /api/gps/reports HTTP/1.1
Host: api.hooshnics.com
Content-Type: application/json
Content-Length: 1588

[{"data":"+Hooshnic:V1.07,3641.62300,05244.1984,000,260703,175138,056,000,1,3,1,861292053604220"},{"data":"+Hooshnic:V1.07,3641.63150,05244.2163,000,260703,175140,060,000,1,3,1,861292053604220"},{"data":"+Hooshnic:V1.07,3641.64500,05244.2447,000,260703,175143,064,001,1,3,1,861292053604220"},{"data":"+Hooshnic:V1.07,3641.65870,05244.2741,000,260703,175146,064,000,1,3,1,861292053604220"},{"data":"+Hooshnic:V1.07,3641.67050,05244.3041,000,260703,175149,064,000,1,3,1,861292053604220"},{"data":"+Hooshnic:V1.07,3641.67780,05244.3358,000,260703,175152,064,004,1,3,1,861292053604220"},{"data":"+Hooshnic:V1.07,3641.68000,05244.3683,000,260703,175155,062,000,1,3,1,861292053604220"},{"data":"+Hooshnic:V1.07,3641.67610,05244.4000,000,260703,175158,060,000,1,3,1,861292053604220"},{"data":"+Hooshnic:V1.07,3641.66970,05244.4193,000,260703,175200,056,006,1,3,1,861292053604220"},{"data":"+Hooshnic:V1.07,3641.65400,05244.4437,000,260703,175203,060,000,1,3,1,861292053604220"},{"data":"+Hooshnic:V1.07,3641.63370,05244.4651,000,260703,175206,064,000,1,3,1,861292053604220"},{"data":"+Hooshnic:V1.07,3641.61240,05244.4876,000,260703,175209,068,002,1,3,1,861292053604220"},{"data":"+Hooshnic:V1.07,3641.58910,05244.5096,000,260703,175212,070,000,1,3,1,861292053604220"},{"data":"+Hooshnic:V1.07,3641.56760,05244.5288,000,260703,175215,054,000,1,3,1,861292053604220"},{"data":"+Hooshnic:V1.07,3641.55640,05244.5387,000,260703,175217,044,001,1,3,1,861292053604220"},{"data":"+Hooshnic:V1.07,3641.54080,05244.5521,000,260703,175220,046,000,1,3,1,861292053604220"},{}]....................................................................ADDRESS_LOCATION = 1441792AT+CIPSTART="TCP","api.hooshnics.com",80
AT+CIPSEND=1701
POST /api/gps/reports HTTP/1.1
Host: api.hooshnics.com
Content-Type: application/json
Content-Length: 1588

[{"data":"+Hooshnic:V1.07,3641.54600,05243.8389,000,260703,175044,062,000,1,3,1,861292053604220"},{"data":"+Hooshnic:V1.07,3641.53350,05243.8676,000,260703,175047,060,000,1,3,1,861292053604220"},{"data":"+Hooshnic:V1.07,3641.52320,05243.8960,000,260703,175050,058,003,1,3,1,861292053604220"},{"data":"+Hooshnic:V1.07,3641.51860,05243.9153,000,260703,175052,056,000,1,3,1,861292053604220"},{"data":"+Hooshnic:V1.07,3641.51630,05243.9532,000,260703,175056,052,000,1,3,1,861292053604220"},{"data":"+Hooshnic:V1.07,3641.51830,05243.9710,000,260703,175058,050,004,1,3,1,861292053604220"},{"data":"+Hooshnic:V1.07,3641.52510,05243.9951,000,260703,175101,048,000,1,3,1,861292053604220"},{"data":"+Hooshnic:V1.07,3641.56380,05244.0783,000,260703,175112,042,000,1,3,1,861292053604220"},{"data":"+Hooshnic:V1.07,3641.57090,05244.0928,000,260703,175115,024,000,1,3,1,861292053604220"},{"data":"+Hooshnic:V1.07,3641.57310,05244.0986,000,260703,175118,010,002,1,3,1,861292053604220"},{"data":"+Hooshnic:V1.07,3641.57690,05244.1054,000,260703,175121,020,000,1,3,1,861292053604220"},{"data":"+Hooshnic:V1.07,3641.58260,05244.1161,000,260703,175124,024,000,1,3,1,861292053604220"},{"data":"+Hooshnic:V1.07,3641.58680,05244.1237,000,260703,175126,028,001,1,3,1,861292053604220"},{"data":"+Hooshnic:V1.07,3641.59370,05244.1379,000,260703,175129,034,000,1,3,1,861292053604220"},{"data":"+Hooshnic:V1.07,3641.60160,05244.1546,000,260703,175132,040,000,1,3,1,861292053604220"},{"data":"+Hooshnic:V1.07,3641.61180,05244.1746,000,260703,175135,048,001,1,3,1,861292053604220"},{}]....................................................................ADDRESS_LOCATION = 1437696AT+CIPSTART="TCP","api.hooshnics.com",80
AT+CIPSEND=1701
POST /api/gps/reports HTTP/1.1
Host: api.hooshnics.com
Content-Type: application/json
Content-Length: 1588

[{"data":"+Hooshnic:V1.07,3641.69900,05243.5011,000,260703,174959,064,001,1,3,1,861292053604220"},{"data":"+Hooshnic:V1.07,3641.69090,05243.5206,000,260703,175001,062,000,1,3,1,861292053604220"},{"data":"+Hooshnic:V1.07,3641.67920,05243.5477,000,260703,175004,056,000,1,3,1,861292053604220"},{"data":"+Hooshnic:V1.07,3641.66810,05243.5726,000,260703,175007,052,001,1,3,1,861292053604220"},{"data":"+Hooshnic:V1.07,3641.65730,05243.5962,000,260703,175010,050,000,1,3,1,861292053604220"},{"data":"+Hooshnic:V1.07,3641.64780,05243.6190,000,260703,175013,048,000,1,3,1,861292053604220"},{"data":"+Hooshnic:V1.07,3641.63870,05243.6407,000,260703,175016,044,000,1,3,1,861292053604220"},{"data":"+Hooshnic:V1.07,3641.63290,05243.6545,000,260703,175018,042,000,1,3,1,861292053604220"},{"data":"+Hooshnic:V1.07,3641.62470,05243.6729,000,260703,175021,034,000,1,3,1,861292053604220"},{"data":"+Hooshnic:V1.07,3641.61820,05243.6861,000,260703,175024,030,001,1,3,1,861292053604220"},{"data":"+Hooshnic:V1.07,3641.61130,05243.7004,000,260703,175027,038,000,1,3,1,861292053604220"},{"data":"+Hooshnic:V1.07,3641.60310,05243.7192,000,260703,175030,046,000,1,3,1,861292053604220"},{"data":"+Hooshnic:V1.07,3641.59300,05243.7411,000,260703,175033,050,001,1,3,1,861292053604220"},{"data":"+Hooshnic:V1.07,3641.58160,05243.7657,000,260703,175036,056,000,1,3,1,861292053604220"},{"data":"+Hooshnic:V1.07,3641.57300,05243.7833,000,260703,175038,058,000,1,3,1,861292053604220"},{"data":"+Hooshnic:V1.07,3641.55950,05243.8104,000,260703,175041,060,001,1,3,1,861292053604220"},{}]....................................................................ADDRESS_LOCATION = 1433600AT+CIPSTART="TCP","api.hooshnics.com",80
AT+CIPSEND=1701
POST /api/gps/reports HTTP/1.1
Host: api.hooshnics.com
Content-Type: application/json
Content-Length: 1588

[{"data":"+Hooshnic:V1.07,3641.91670,05243.0138,000,260703,174913,050,000,1,3,1,861292053604220"},{"data":"+Hooshnic:V1.07,3641.90600,05243.0362,000,260703,174916,050,000,1,3,1,861292053604220"},{"data":"+Hooshnic:V1.07,3641.89550,05243.0581,000,260703,174919,048,000,1,3,1,861292053604220"},{"data":"+Hooshnic:V1.07,3641.88590,05243.0806,000,260703,174922,050,000,1,3,1,861292053604220"},{"data":"+Hooshnic:V1.07,3641.87480,05243.1059,000,260703,174925,058,000,1,3,1,861292053604220"},{"data":"+Hooshnic:V1.07,3641.86660,05243.1244,000,260703,174927,062,000,1,3,1,861292053604220"},{"data":"+Hooshnic:V1.07,3641.85280,05243.1552,000,260703,174930,070,000,1,3,1,861292053604220"},{"data":"+Hooshnic:V1.07,3641.83760,05243.1892,000,260703,174933,078,000,1,3,1,861292053604220"},{"data":"+Hooshnic:V1.07,3641.82140,05243.2253,000,260703,174936,080,000,1,3,1,861292053604220"},{"data":"+Hooshnic:V1.07,3641.80440,05243.2626,000,260703,174939,082,000,1,3,1,861292053604220"},{"data":"+Hooshnic:V1.07,3641.78720,05243.3010,000,260703,174942,084,000,1,3,1,861292053604220"},{"data":"+Hooshnic:V1.07,3641.77580,05243.3268,000,260703,174944,084,000,1,3,1,861292053604220"},{"data":"+Hooshnic:V1.07,3641.75860,05243.3655,000,260703,174947,084,000,1,3,1,861292053604220"},{"data":"+Hooshnic:V1.07,3641.74200,05243.4032,000,260703,174950,080,000,1,3,1,861292053604220"},{"data":"+Hooshnic:V1.07,3641.72640,05243.4380,000,260703,174953,074,000,1,3,1,861292053604220"},{"data":"+Hooshnic:V1.07,3641.71220,05243.4704,000,260703,174956,070,000,1,3,1,861292053604220"},{}]....................................................................ADDRESS_LOCATION = 1429504AT+CIPSTART="TCP","api.hooshnics.com",80
AT+CIPSEND=1701
POST /api/gps/reports HTTP/1.1
Host: api.hooshnics.com
Content-Type: application/json
Content-Length: 1588

[{"data":"+Hooshnic:V1.07,3642.15480,05242.4778,000,260703,174819,066,000,1,3,1,861292053604220"},{"data":"+Hooshnic:V1.07,3642.14170,05242.5064,000,260703,174822,062,000,1,3,1,861292053604220"},{"data":"+Hooshnic:V1.07,3642.12820,05242.5381,000,260703,174825,070,000,1,3,1,861292053604220"},{"data":"+Hooshnic:V1.07,3642.11410,05242.5712,000,260703,174828,072,000,1,3,1,861292053604220"},{"data":"+Hooshnic:V1.07,3642.09920,05242.6041,000,260703,174831,072,000,1,3,1,861292053604220"},{"data":"+Hooshnic:V1.07,3642.08450,05242.6364,000,260703,174834,068,000,1,3,1,861292053604220"},{"data":"+Hooshnic:V1.07,3642.03470,05242.7449,000,260703,174845,058,000,1,3,1,861292053604220"},{"data":"+Hooshnic:V1.07,3642.02360,05242.7700,000,260703,174848,054,000,1,3,1,861292053604220"},{"data":"+Hooshnic:V1.07,3642.01200,05242.7966,000,260703,174851,060,000,1,3,1,861292053604220"},{"data":"+Hooshnic:V1.07,3642.00420,05242.8158,000,260703,174853,064,000,1,3,1,861292053604220"},{"data":"+Hooshnic:V1.07,3641.99130,05242.8458,000,260703,174856,066,000,1,3,1,861292053604220"},{"data":"+Hooshnic:V1.07,3641.97780,05242.8771,000,260703,174859,068,001,1,3,1,861292053604220"},{"data":"+Hooshnic:V1.07,3641.96420,05242.9091,000,260703,174902,070,000,1,3,1,861292053604220"},{"data":"+Hooshnic:V1.07,3641.95100,05242.9409,000,260703,174905,068,000,1,3,1,861292053604220"},{"data":"+Hooshnic:V1.07,3641.93720,05242.9712,000,260703,174908,064,001,1,3,1,861292053604220"},{"data":"+Hooshnic:V1.07,3641.92830,05242.9898,000,260703,174910,060,000,1,3,1,861292053604220"},{}]....................................................................ADDRESS_LOCATION = 1425408AT+CIPSTART="TCP","api.hooshnics.com",80
AT+CIPSEND=1701
POST /api/gps/reports HTTP/1.1
Host: api.hooshnics.com
Content-Type: application/json
Content-Length: 1588

[{"data":"+Hooshnic:V1.07,3642.29900,05241.9908,000,260703,174734,060,000,1,3,1,861292053604220"},{"data":"+Hooshnic:V1.07,3642.29020,05242.0221,000,260703,174737,066,000,1,3,1,861292053604220"},{"data":"+Hooshnic:V1.07,3642.28060,05242.0553,000,260703,174740,068,001,1,3,1,861292053604220"},{"data":"+Hooshnic:V1.07,3642.27080,05242.0891,000,260703,174743,070,000,1,3,1,861292053604220"},{"data":"+Hooshnic:V1.07,3642.26420,05242.1125,000,260703,174745,072,000,1,3,1,861292053604220"},{"data":"+Hooshnic:V1.07,3642.25390,05242.1480,000,260703,174748,072,001,1,3,1,861292053604220"},{"data":"+Hooshnic:V1.07,3642.24420,05242.1820,000,260703,174751,068,000,1,3,1,861292053604220"},{"data":"+Hooshnic:V1.07,3642.23480,05242.2151,000,260703,174754,064,000,1,3,1,861292053604220"},{"data":"+Hooshnic:V1.07,3642.22660,05242.2435,000,260703,174757,056,000,1,3,1,861292053604220"},{"data":"+Hooshnic:V1.07,3642.21790,05242.2722,000,260703,174800,062,000,1,3,1,861292053604220"},{"data":"+Hooshnic:V1.07,3642.21150,05242.2933,000,260703,174802,068,000,1,3,1,861292053604220"},{"data":"+Hooshnic:V1.07,3642.20150,05242.3283,000,260703,174805,072,000,1,3,1,861292053604220"},{"data":"+Hooshnic:V1.07,3642.19140,05242.3630,000,260703,174808,068,000,1,3,1,861292053604220"},{"data":"+Hooshnic:V1.07,3642.18300,05242.3951,000,260703,174811,062,000,1,3,1,861292053604220"},{"data":"+Hooshnic:V1.07,3642.17430,05242.4265,000,260703,174814,064,005,1,3,1,861292053604220"},{"data":"+Hooshnic:V1.07,3642.16320,05242.4579,000,260703,174817,066,000,1,3,1,861292053604220"},{}]....................................................................ADDRESS_LOCATION = 1421312AT+CIPSTART="TCP","api.hooshnics.com",80
AT+CIPSEND=1701
POST /api/gps/reports HTTP/1.1
Host: api.hooshnics.com
Content-Type: application/json
Content-Length: 1588

[{"data":"+Hooshnic:V1.07,3642.39030,05241.4465,000,260703,174649,058,001,1,3,1,861292053604220"},{"data":"+Hooshnic:V1.07,3642.39400,05241.4674,000,260703,174651,064,000,1,3,1,861292053604220"},{"data":"+Hooshnic:V1.07,3642.39970,05241.5028,000,260703,174654,072,000,1,3,1,861292053604220"},{"data":"+Hooshnic:V1.07,3642.40530,05241.5406,000,260703,174657,076,001,1,3,1,861292053604220"},{"data":"+Hooshnic:V1.07,3642.40950,05241.5791,000,260703,174700,076,000,1,3,1,861292053604220"},{"data":"+Hooshnic:V1.07,3642.40710,05241.6186,000,260703,174703,078,000,1,3,1,861292053604220"},{"data":"+Hooshnic:V1.07,3642.39800,05241.6592,000,260703,174706,080,006,1,3,1,861292053604220"},{"data":"+Hooshnic:V1.07,3642.39060,05241.6852,000,260703,174708,076,000,1,3,1,861292053604220"},{"data":"+Hooshnic:V1.07,3642.38050,05241.7185,000,260703,174711,060,000,1,3,1,861292053604220"},{"data":"+Hooshnic:V1.07,3642.37100,05241.7484,000,260703,174714,064,000,1,3,1,861292053604220"},{"data":"+Hooshnic:V1.07,3642.36030,05241.7814,000,260703,174717,070,000,1,3,1,861292053604220"},{"data":"+Hooshnic:V1.07,3642.34970,05241.8178,000,260703,174720,076,000,1,3,1,861292053604220"},{"data":"+Hooshnic:V1.07,3642.33850,05241.8561,000,260703,174723,080,000,1,3,1,861292053604220"},{"data":"+Hooshnic:V1.07,3642.32670,05241.8961,000,260703,174726,082,000,1,3,1,861292053604220"},{"data":"+Hooshnic:V1.07,3642.31880,05241.9226,000,260703,174728,078,000,1,3,1,861292053604220"},{"data":"+Hooshnic:V1.07,3642.30780,05241.9592,000,260703,174731,070,001,1,3,1,861292053604220"},{}]....................................................................ADDRESS_LOCATION = 1417216AT+CIPSTART="TCP","api.hooshnics.com",80
AT+CIPSEND=1701
POST /api/gps/reports HTTP/1.1
Host: api.hooshnics.com
Content-Type: application/json
Content-Length: 1588

[{"data":"+Hooshnic:V1.07,3642.30570,05240.9286,000,260703,174555,056,002,1,3,1,861292053604220"},{"data":"+Hooshnic:V1.07,3642.31020,05240.9577,000,260703,174558,058,000,1,3,1,861292053604220"},{"data":"+Hooshnic:V1.07,3642.31520,05240.9884,000,260703,174601,060,000,1,3,1,861292053604220"},{"data":"+Hooshnic:V1.07,3642.31900,05241.0088,000,260703,174603,058,000,1,3,1,861292053604220"},{"data":"+Hooshnic:V1.07,3642.32380,05241.0389,000,260703,174606,058,000,1,3,1,861292053604220"},{"data":"+Hooshnic:V1.07,3642.34010,05241.1512,000,260703,174617,044,000,1,3,1,861292053604220"},{"data":"+Hooshnic:V1.07,3642.34140,05241.1696,000,260703,174620,034,000,1,3,1,861292053604220"},{"data":"+Hooshnic:V1.07,3642.34420,05241.1881,000,260703,174623,040,001,1,3,1,861292053604220"},{"data":"+Hooshnic:V1.07,3642.34890,05241.2121,000,260703,174626,052,000,1,3,1,861292053604220"},{"data":"+Hooshnic:V1.07,3642.35480,05241.2405,000,260703,174629,060,000,1,3,1,861292053604220"},{"data":"+Hooshnic:V1.07,3642.36090,05241.2733,000,260703,174632,068,001,1,3,1,861292053604220"},{"data":"+Hooshnic:V1.07,3642.36510,05241.2973,000,260703,174634,072,000,1,3,1,861292053604220"},{"data":"+Hooshnic:V1.07,3642.37130,05241.3339,000,260703,174637,070,000,1,3,1,861292053604220"},{"data":"+Hooshnic:V1.07,3642.37660,05241.3667,000,260703,174640,054,000,1,3,1,861292053604220"},{"data":"+Hooshnic:V1.07,3642.38110,05241.3921,000,260703,174643,050,000,1,3,1,861292053604220"},{"data":"+Hooshnic:V1.07,3642.38530,05241.4182,000,260703,174646,050,000,1,3,1,861292053604220"},{}]....................................................................ADDRESS_LOCATION = 1413120AT+CIPSTART="TCP","api.hooshnics.com",80
AT+CIPSEND=1701
POST /api/gps/reports HTTP/1.1
Host: api.hooshnics.com
Content-Type: application/json
Content-Length: 1588

[{"data":"+Hooshnic:V1.07,3642.22180,05240.4345,000,260703,174510,062,000,1,3,1,861292053604220"},{"data":"+Hooshnic:V1.07,3642.22600,05240.4564,000,260703,174512,066,000,1,3,1,861292053604220"},{"data":"+Hooshnic:V1.07,3642.23290,05240.4923,000,260703,174515,072,000,1,3,1,861292053604220"},{"data":"+Hooshnic:V1.07,3642.23960,05240.5291,000,260703,174518,072,000,1,3,1,861292053604220"},{"data":"+Hooshnic:V1.07,3642.24610,05240.5671,000,260703,174521,072,001,1,3,1,861292053604220"},{"data":"+Hooshnic:V1.07,3642.25160,05240.6014,000,260703,174524,058,000,1,3,1,861292053604220"},{"data":"+Hooshnic:V1.07,3642.25440,05240.6201,000,260703,174526,052,000,1,3,1,861292053604220"},{"data":"+Hooshnic:V1.07,3642.25880,05240.6479,000,260703,174529,056,000,1,3,1,861292053604220"},{"data":"+Hooshnic:V1.07,3642.26370,05240.6782,000,260703,174532,062,000,1,3,1,861292053604220"},{"data":"+Hooshnic:V1.07,3642.26940,05240.7119,000,260703,174535,068,000,1,3,1,861292053604220"},{"data":"+Hooshnic:V1.07,3642.27560,05240.7476,000,260703,174538,070,000,1,3,1,861292053604220"},{"data":"+Hooshnic:V1.07,3642.28130,05240.7829,000,260703,174541,068,000,1,3,1,861292053604220"},{"data":"+Hooshnic:V1.07,3642.28680,05240.8167,000,260703,174544,064,000,1,3,1,861292053604220"},{"data":"+Hooshnic:V1.07,3642.29040,05240.8391,000,260703,174546,066,000,1,3,1,861292053604220"},{"data":"+Hooshnic:V1.07,3642.29550,05240.8718,000,260703,174549,064,000,1,3,1,861292053604220"},{"data":"+Hooshnic:V1.07,3642.30020,05240.9011,000,260703,174552,054,000,1,3,1,861292053604220"},{}]....................................................................ADDRESS_LOCATION = 1409024AT+CIPSTART="TCP","api.hooshnics.com",80
AT+CIPSEND=1701
POST /api/gps/reports HTTP/1.1
Host: api.hooshnics.com
Content-Type: application/json
Content-Length: 1588

[{"data":"+Hooshnic:V1.07,3642.11270,05240.3093,000,260703,174424,040,000,1,3,1,861292053604220"},{"data":"+Hooshnic:V1.07,3642.13070,05240.3104,000,260703,174427,042,000,1,3,1,861292053604220"},{"data":"+Hooshnic:V1.07,3642.14840,05240.3119,000,260703,174430,042,000,1,3,1,861292053604220"},{"data":"+Hooshnic:V1.07,3642.16450,05240.3146,000,260703,174433,034,000,1,3,1,861292053604220"},{"data":"+Hooshnic:V1.07,3642.17280,05240.3170,000,260703,174435,026,000,1,3,1,861292053604220"},{"data":"+Hooshnic:V1.07,3642.18230,05240.3201,000,260703,174438,022,001,1,3,1,861292053604220"},{"data":"+Hooshnic:V1.07,3642.19080,05240.3219,000,260703,174441,020,000,1,3,1,861292053604220"},{"data":"+Hooshnic:V1.07,3642.19720,05240.3239,000,260703,174444,012,000,1,3,1,861292053604220"},{"data":"+Hooshnic:V1.07,3642.19990,05240.3269,000,260703,174447,008,007,1,3,1,861292053604220"},{"data":"+Hooshnic:V1.07,3642.20260,05240.3295,000,260703,174450,008,000,1,3,1,861292053604220"},{"data":"+Hooshnic:V1.07,3642.20450,05240.3325,000,260703,174452,010,000,1,3,1,861292053604220"},{"data":"+Hooshnic:V1.07,3642.20600,05240.3388,000,260703,174455,016,002,1,3,1,861292053604220"},{"data":"+Hooshnic:V1.07,3642.20770,05240.3483,000,260703,174458,018,000,1,3,1,861292053604220"},{"data":"+Hooshnic:V1.07,3642.20990,05240.3600,000,260703,174501,030,000,1,3,1,861292053604220"},{"data":"+Hooshnic:V1.07,3642.21250,05240.3795,000,260703,174504,044,004,1,3,1,861292053604220"},{"data":"+Hooshnic:V1.07,3642.21670,05240.4048,000,260703,174507,054,000,1,3,1,861292053604220"},{}]....................................................................ADDRESS_LOCATION = 1404928AT+CIPSTART="TCP","api.hooshnics.com",80
AT+CIPSEND=1701
POST /api/gps/reports HTTP/1.1
Host: api.hooshnics.com
Content-Type: application/json
Content-Length: 1588

[{"data":"+Hooshnic:V1.07,3641.92850,05239.9688,000,260703,174330,060,000,1,3,1,861292053604220"},{"data":"+Hooshnic:V1.07,3641.93480,05240.0008,000,260703,174333,064,000,1,3,1,861292053604220"},{"data":"+Hooshnic:V1.07,3641.94080,05240.0337,000,260703,174336,066,000,1,3,1,861292053604220"},{"data":"+Hooshnic:V1.07,3641.94660,05240.0652,000,260703,174339,054,000,1,3,1,861292053604220"},{"data":"+Hooshnic:V1.07,3641.96990,05240.1586,000,260703,174350,044,000,1,3,1,861292053604220"},{"data":"+Hooshnic:V1.07,3641.97720,05240.1816,000,260703,174353,048,000,1,3,1,861292053604220"},{"data":"+Hooshnic:V1.07,3641.98460,05240.2038,000,260703,174356,044,003,1,3,1,861292053604220"},{"data":"+Hooshnic:V1.07,3641.99240,05240.2246,000,260703,174359,046,000,1,3,1,861292053604220"},{"data":"+Hooshnic:V1.07,3641.99810,05240.2388,000,260703,174401,044,000,1,3,1,861292053604220"},{"data":"+Hooshnic:V1.07,3642.00700,05240.2585,000,260703,174404,044,004,1,3,1,861292053604220"},{"data":"+Hooshnic:V1.07,3642.01940,05240.2764,000,260703,174407,042,000,1,3,1,861292053604220"},{"data":"+Hooshnic:V1.07,3642.03100,05240.2887,000,260703,174410,034,000,1,3,1,861292053604220"},{"data":"+Hooshnic:V1.07,3642.04340,05240.2994,000,260703,174413,040,009,1,3,1,861292053604220"},{"data":"+Hooshnic:V1.07,3642.06150,05240.3068,000,260703,174416,044,000,1,3,1,861292053604220"},{"data":"+Hooshnic:V1.07,3642.07490,05240.3076,000,260703,174418,046,000,1,3,1,861292053604220"},{"data":"+Hooshnic:V1.07,3642.09460,05240.3088,000,260703,174421,044,001,1,3,1,861292053604220"},{}]....................................................................ADDRESS_LOCATION = 1400832AT+CIPSTART="TCP","api.hooshnics.com",80
AT+CIPSEND=1701
POST /api/gps/reports HTTP/1.1
Host: api.hooshnics.com
Content-Type: application/json
Content-Length: 1588

[{"data":"+Hooshnic:V1.07,3641.87860,05239.6472,000,260703,174245,040,001,1,3,1,861292053604220"},{"data":"+Hooshnic:V1.07,3641.87890,05239.6689,000,260703,174248,040,000,1,3,1,861292053604220"},{"data":"+Hooshnic:V1.07,3641.87990,05239.6908,000,260703,174251,044,000,1,3,1,861292053604220"},{"data":"+Hooshnic:V1.07,3641.88140,05239.7064,000,260703,174253,044,001,1,3,1,861292053604220"},{"data":"+Hooshnic:V1.07,3641.88450,05239.7302,000,260703,174256,046,000,1,3,1,861292053604220"},{"data":"+Hooshnic:V1.07,3641.88840,05239.7534,000,260703,174259,044,000,1,3,1,861292053604220"},{"data":"+Hooshnic:V1.07,3641.89210,05239.7763,000,260703,174302,044,001,1,3,1,861292053604220"},{"data":"+Hooshnic:V1.07,3641.89370,05239.7978,000,260703,174305,038,000,1,3,1,861292053604220"},{"data":"+Hooshnic:V1.07,3641.89150,05239.8136,000,260703,174308,022,000,1,3,1,861292053604220"},{"data":"+Hooshnic:V1.07,3641.88960,05239.8210,000,260703,174310,022,007,1,3,1,861292053604220"},{"data":"+Hooshnic:V1.07,3641.89090,05239.8332,000,260703,174313,024,000,1,3,1,861292053604220"},{"data":"+Hooshnic:V1.07,3641.89920,05239.8462,000,260703,174316,036,000,1,3,1,861292053604220"},{"data":"+Hooshnic:V1.07,3641.90780,05239.8644,000,260703,174319,044,006,1,3,1,861292053604220"},{"data":"+Hooshnic:V1.07,3641.91330,05239.8897,000,260703,174322,054,000,1,3,1,861292053604220"},{"data":"+Hooshnic:V1.07,3641.91820,05239.9183,000,260703,174325,054,000,1,3,1,861292053604220"},{"data":"+Hooshnic:V1.07,3641.92220,05239.9380,000,260703,174327,056,000,1,3,1,861292053604220"},{}]....................................................................ADDRESS_LOCATION = 1396736AT+CIPSTART="TCP","api.hooshnics.com",80
AT+CIPSEND=1701
POST /api/gps/reports HTTP/1.1
Host: api.hooshnics.com
Content-Type: application/json
Content-Length: 1588

[{"data":"+Hooshnic:V1.07,3641.87900,05239.5713,000,260703,174200,000,000,1,3,1,861292053604220"},{"data":"+Hooshnic:V1.07,3641.87900,05239.5713,000,260703,174202,000,000,1,3,1,861292053604220"},{"data":"+Hooshnic:V1.07,3641.87900,05239.5713,000,260703,174205,000,000,1,3,1,861292053604220"},{"data":"+Hooshnic:V1.07,3641.87900,05239.5713,000,260703,174208,000,000,1,3,1,861292053604220"},{"data":"+Hooshnic:V1.07,3641.87900,05239.5713,000,260703,174211,000,000,1,3,1,861292053604220"},{"data":"+Hooshnic:V1.07,3641.87900,05239.5713,000,260703,174214,000,000,1,3,1,861292053604220"},{"data":"+Hooshnic:V1.07,3641.87900,05239.5713,000,260703,174217,000,000,1,3,1,861292053604220"},{"data":"+Hooshnic:V1.07,3641.87900,05239.5713,000,260703,174219,000,000,1,3,1,861292053604220"},{"data":"+Hooshnic:V1.07,3641.87900,05239.5713,000,260703,174222,000,000,1,3,1,861292053604220"},{"data":"+Hooshnic:V1.07,3641.87900,05239.5713,000,260703,174225,000,000,1,3,1,861292053604220"},{"data":"+Hooshnic:V1.07,3641.87950,05239.5714,000,260703,174228,004,003,1,3,1,861292053604220"},{"data":"+Hooshnic:V1.07,3641.87950,05239.5769,000,260703,174231,016,000,1,3,1,861292053604220"},{"data":"+Hooshnic:V1.07,3641.87950,05239.5870,000,260703,174234,020,000,1,3,1,861292053604220"},{"data":"+Hooshnic:V1.07,3641.87920,05239.5942,000,260703,174236,018,000,1,3,1,861292053604220"},{"data":"+Hooshnic:V1.07,3641.87950,05239.6068,000,260703,174239,028,000,1,3,1,861292053604220"},{"data":"+Hooshnic:V1.07,3641.87890,05239.6249,000,260703,174242,038,000,1,3,1,861292053604220"},{}]....................................................................ADDRESS_LOCATION = 1392640AT+CIPSTART="TCP","api.hooshnics.com",80
AT+CIPSEND=1701
POST /api/gps/reports HTTP/1.1
Host: api.hooshnics.com
Content-Type: application/json
Content-Length: 1588

[{"data":"+Hooshnic:V1.07,3641.87150,05239.2536,000,260703,174106,038,000,1,3,1,861292053604220"},{"data":"+Hooshnic:V1.07,3641.87330,05239.2755,000,260703,174109,044,005,1,3,1,861292053604220"},{"data":"+Hooshnic:V1.07,3641.87530,05239.2906,000,260703,174111,044,000,1,3,1,861292053604220"},{"data":"+Hooshnic:V1.07,3641.88230,05239.3769,000,260703,174123,048,000,1,3,1,861292053604220"},{"data":"+Hooshnic:V1.07,3641.88370,05239.4027,000,260703,174126,050,000,1,3,1,861292053604220"},{"data":"+Hooshnic:V1.07,3641.88340,05239.4194,000,260703,174128,046,002,1,3,1,861292053604220"},{"data":"+Hooshnic:V1.07,3641.88230,05239.4428,000,260703,174131,044,000,1,3,1,861292053604220"},{"data":"+Hooshnic:V1.07,3641.88190,05239.4673,000,260703,174134,048,000,1,3,1,861292053604220"},{"data":"+Hooshnic:V1.07,3641.88150,05239.4922,000,260703,174137,046,000,1,3,1,861292053604220"},{"data":"+Hooshnic:V1.07,3641.88110,05239.5172,000,260703,174140,046,000,1,3,1,861292053604220"},{"data":"+Hooshnic:V1.07,3641.88070,05239.5330,000,260703,174142,044,000,1,3,1,861292053604220"},{"data":"+Hooshnic:V1.07,3641.88020,05239.5534,000,260703,174145,030,003,1,3,1,861292053604220"},{"data":"+Hooshnic:V1.07,3641.87980,05239.5636,000,260703,174148,008,000,1,3,1,861292053604220"},{"data":"+Hooshnic:V1.07,3641.87930,05239.5663,000,260703,174151,006,000,1,3,1,861292053604220"},{"data":"+Hooshnic:V1.07,3641.87890,05239.5694,000,260703,174154,006,000,1,3,1,861292053604220"},{"data":"+Hooshnic:V1.07,3641.87890,05239.5713,000,260703,174157,000,000,1,3,1,861292053604220"},{}]....................................................................ADDRESS_LOCATION = 1388544AT+CIPSTART="TCP","api.hooshnics.com",80
AT+CIPSEND=1701
POST /api/gps/reports HTTP/1.1
Host: api.hooshnics.com
Content-Type: application/json
Content-Length: 1588

[{"data":"+Hooshnic:V1.07,3641.88090,05239.0107,000,260703,174020,012,000,1,3,1,861292053604220"},{"data":"+Hooshnic:V1.07,3641.87960,05239.0178,000,260703,174023,016,000,1,3,1,861292053604220"},{"data":"+Hooshnic:V1.07,3641.87940,05239.0275,000,260703,174026,016,004,1,3,1,861292053604220"},{"data":"+Hooshnic:V1.07,3641.87930,05239.0346,000,260703,174029,010,000,1,3,1,861292053604220"},{"data":"+Hooshnic:V1.07,3641.87930,05239.0417,000,260703,174032,018,000,1,3,1,861292053604220"},{"data":"+Hooshnic:V1.07,3641.87910,05239.0529,000,260703,174035,024,002,1,3,1,861292053604220"},{"data":"+Hooshnic:V1.07,3641.87870,05239.0629,000,260703,174037,032,000,1,3,1,861292053604220"},{"data":"+Hooshnic:V1.07,3641.87780,05239.0806,000,260703,174040,034,000,1,3,1,861292053604220"},{"data":"+Hooshnic:V1.07,3641.87690,05239.0988,000,260703,174043,034,001,1,3,1,861292053604220"},{"data":"+Hooshnic:V1.07,3641.87670,05239.1174,000,260703,174046,034,000,1,3,1,861292053604220"},{"data":"+Hooshnic:V1.07,3641.87630,05239.1361,000,260703,174049,036,000,1,3,1,861292053604220"},{"data":"+Hooshnic:V1.07,3641.87600,05239.1576,000,260703,174052,042,002,1,3,1,861292053604220"},{"data":"+Hooshnic:V1.07,3641.87510,05239.1724,000,260703,174054,040,000,1,3,1,861292053604220"},{"data":"+Hooshnic:V1.07,3641.87430,05239.1947,000,260703,174057,042,000,1,3,1,861292053604220"},{"data":"+Hooshnic:V1.07,3641.87360,05239.2154,000,260703,174100,036,001,1,3,1,861292053604220"},{"data":"+Hooshnic:V1.07,3641.87250,05239.2348,000,260703,174103,036,000,1,3,1,861292053604220"},{}]....................................................................ADDRESS_LOCATION = 1384448AT+CIPSTART="TCP","api.hooshnics.com",80
AT+CIPSEND=1701
POST /api/gps/reports HTTP/1.1
Host: api.hooshnics.com
Content-Type: application/json
Content-Length: 1588

[{"data":"+Hooshnic:V1.07,3641.91240,05238.8679,000,260703,173935,028,000,1,3,1,861292053604220"},{"data":"+Hooshnic:V1.07,3641.91040,05238.8845,000,260703,173938,032,000,1,3,1,861292053604220"},{"data":"+Hooshnic:V1.07,3641.90850,05238.9016,000,260703,173941,028,000,1,3,1,861292053604220"},{"data":"+Hooshnic:V1.07,3641.90730,05238.9105,000,260703,173943,024,000,1,3,1,861292053604220"},{"data":"+Hooshnic:V1.07,3641.90540,05238.9239,000,260703,173946,026,000,1,3,1,861292053604220"},{"data":"+Hooshnic:V1.07,3641.90440,05238.9354,000,260703,173949,016,000,1,3,1,861292053604220"},{"data":"+Hooshnic:V1.07,3641.90400,05238.9435,000,260703,173952,014,002,1,3,1,861292053604220"},{"data":"+Hooshnic:V1.07,3641.90280,05238.9505,000,260703,173955,014,000,1,3,1,861292053604220"},{"data":"+Hooshnic:V1.07,3641.90270,05238.9578,000,260703,173958,012,000,1,3,1,861292053604220"},{"data":"+Hooshnic:V1.07,3641.90220,05238.9656,000,260703,174001,016,001,1,3,1,861292053604220"},{"data":"+Hooshnic:V1.07,3641.90140,05238.9713,000,260703,174003,016,000,1,3,1,861292053604220"},{"data":"+Hooshnic:V1.07,3641.89840,05238.9811,000,260703,174006,022,000,1,3,1,861292053604220"},{"data":"+Hooshnic:V1.07,3641.89270,05238.9910,000,260703,174009,016,002,1,3,1,861292053604220"},{"data":"+Hooshnic:V1.07,3641.88880,05238.9962,000,260703,174012,008,000,1,3,1,861292053604220"},{"data":"+Hooshnic:V1.07,3641.88530,05239.0008,000,260703,174015,010,000,1,3,1,861292053604220"},{"data":"+Hooshnic:V1.07,3641.88270,05239.0064,000,260703,174018,012,006,1,3,1,861292053604220"},{}]....................................................................ADDRESS_LOCATION = 1380352AT+CIPSTART="TCP","api.hooshnics.com",80
AT+CIPSEND=1701
POST /api/gps/reports HTTP/1.1
Host: api.hooshnics.com
Content-Type: application/json
Content-Length: 1588

[{"data":"+Hooshnic:V1.07,3641.93520,05238.6647,000,260703,173841,000,000,1,3,1,861292053604220"},{"data":"+Hooshnic:V1.07,3641.93530,05238.6657,000,260703,173844,000,000,1,3,1,861292053604220"},{"data":"+Hooshnic:V1.07,3641.93250,05238.6819,000,260703,173855,006,000,1,3,1,861292053604220"},{"data":"+Hooshnic:V1.07,3641.93200,05238.6865,000,260703,173858,014,000,1,3,1,861292053604220"},{"data":"+Hooshnic:V1.07,3641.93110,05238.6984,000,260703,173901,028,001,1,3,1,861292053604220"},{"data":"+Hooshnic:V1.07,3641.92940,05238.7146,000,260703,173904,032,000,1,3,1,861292053604220"},{"data":"+Hooshnic:V1.07,3641.92750,05238.7323,000,260703,173907,034,000,1,3,1,861292053604220"},{"data":"+Hooshnic:V1.07,3641.92610,05238.7450,000,260703,173909,038,000,1,3,1,861292053604220"},{"data":"+Hooshnic:V1.07,3641.92370,05238.7663,000,260703,173912,040,000,1,3,1,861292053604220"},{"data":"+Hooshnic:V1.07,3641.92160,05238.7865,000,260703,173915,036,000,1,3,1,861292053604220"},{"data":"+Hooshnic:V1.07,3641.92050,05238.8026,000,260703,173918,026,001,1,3,1,861292053604220"},{"data":"+Hooshnic:V1.07,3641.91950,05238.8122,000,260703,173921,016,000,1,3,1,861292053604220"},{"data":"+Hooshnic:V1.07,3641.91760,05238.8215,000,260703,173924,020,000,1,3,1,861292053604220"},{"data":"+Hooshnic:V1.07,3641.91680,05238.8286,000,260703,173926,022,001,1,3,1,861292053604220"},{"data":"+Hooshnic:V1.07,3641.91550,05238.8396,000,260703,173929,022,000,1,3,1,861292053604220"},{"data":"+Hooshnic:V1.07,3641.91440,05238.8528,000,260703,173932,028,000,1,3,1,861292053604220"},{}]....................................................................ADDRESS_LOCATION = 1376256AT+CIPSTART="TCP","api.hooshnics.com",80
AT+CIPSEND=1701
POST /api/gps/reports HTTP/1.1
Host: api.hooshnics.com
Content-Type: application/json
Content-Length: 1588

[{"data":"+Hooshnic:V1.07,3641.94240,05238.5783,000,260703,173756,010,000,1,3,1,861292053604220"},{"data":"+Hooshnic:V1.07,3641.94180,05238.5844,000,260703,173759,012,003,1,3,1,861292053604220"},{"data":"+Hooshnic:V1.07,3641.94140,05238.5887,000,260703,173801,010,000,1,3,1,861292053604220"},{"data":"+Hooshnic:V1.07,3641.94100,05238.5954,000,260703,173804,012,000,1,3,1,861292053604220"},{"data":"+Hooshnic:V1.07,3641.94040,05238.6031,000,260703,173807,016,001,1,3,1,861292053604220"},{"data":"+Hooshnic:V1.07,3641.93940,05238.6121,000,260703,173810,014,000,1,3,1,861292053604220"},{"data":"+Hooshnic:V1.07,3641.93890,05238.6179,000,260703,173813,008,000,1,3,1,861292053604220"},{"data":"+Hooshnic:V1.07,3641.93860,05238.6237,000,260703,173816,010,000,1,3,1,861292053604220"},{"data":"+Hooshnic:V1.07,3641.93780,05238.6257,000,260703,173818,004,000,1,3,1,861292053604220"},{"data":"+Hooshnic:V1.07,3641.93680,05238.6298,000,260703,173821,014,000,1,3,1,861292053604220"},{"data":"+Hooshnic:V1.07,3641.93490,05238.6382,000,260703,173824,012,007,1,3,1,861292053604220"},{"data":"+Hooshnic:V1.07,3641.93510,05238.6445,000,260703,173827,008,000,1,3,1,861292053604220"},{"data":"+Hooshnic:V1.07,3641.93560,05238.6491,000,260703,173830,012,000,1,3,1,861292053604220"},{"data":"+Hooshnic:V1.07,3641.93580,05238.6537,000,260703,173833,006,005,1,3,1,861292053604220"},{"data":"+Hooshnic:V1.07,3641.93530,05238.6579,000,260703,173836,010,000,1,3,1,861292053604220"},{"data":"+Hooshnic:V1.07,3641.93500,05238.6619,000,260703,173838,010,000,1,3,1,861292053604220"},{}]....................................................................ADDRESS_LOCATION = 1372160AT+CIPSTART="TCP","api.hooshnics.com",80
AT+CIPSEND=1701
POST /api/gps/reports HTTP/1.1
Host: api.hooshnics.com
Content-Type: application/json
Content-Length: 1588

[{"data":"+Hooshnic:V1.07,3641.94600,05238.5348,000,260703,173710,014,000,1,3,1,861292053604220"},{"data":"+Hooshnic:V1.07,3641.94580,05238.5429,000,260703,173713,012,000,1,3,1,861292053604220"},{"data":"+Hooshnic:V1.07,3641.94470,05238.5475,000,260703,173716,004,000,1,3,1,861292053604220"},{"data":"+Hooshnic:V1.07,3641.94370,05238.5472,000,260703,173719,000,000,1,3,1,861292053604220"},{"data":"+Hooshnic:V1.07,3641.94370,05238.5472,000,260703,173722,000,000,1,3,1,861292053604220"},{"data":"+Hooshnic:V1.07,3641.94370,05238.5472,000,260703,173725,000,000,1,3,1,861292053604220"},{"data":"+Hooshnic:V1.07,3641.94340,05238.5482,000,260703,173727,002,000,1,3,1,861292053604220"},{"data":"+Hooshnic:V1.07,3641.94290,05238.5505,000,260703,173730,004,000,1,3,1,861292053604220"},{"data":"+Hooshnic:V1.07,3641.94270,05238.5533,000,260703,173733,004,002,1,3,1,861292053604220"},{"data":"+Hooshnic:V1.07,3641.94220,05238.5548,000,260703,173736,000,000,1,3,1,861292053604220"},{"data":"+Hooshnic:V1.07,3641.94210,05238.5549,000,260703,173739,000,000,1,3,1,861292053604220"},{"data":"+Hooshnic:V1.07,3641.94250,05238.5562,000,260703,173742,002,027,1,3,1,861292053604220"},{"data":"+Hooshnic:V1.07,3641.94270,05238.5583,000,260703,173744,006,000,1,3,1,861292053604220"},{"data":"+Hooshnic:V1.07,3641.94350,05238.5624,000,260703,173747,004,000,1,3,1,861292053604220"},{"data":"+Hooshnic:V1.07,3641.94360,05238.5659,000,260703,173750,006,007,1,3,1,861292053604220"},{"data":"+Hooshnic:V1.07,3641.94320,05238.5715,000,260703,173753,012,000,1,3,1,861292053604220"},{}]....................................................................ADDRESS_LOCATION = 1368064AT+CIPSTART="TCP","api.hooshnics.com",80
AT+CIPSEND=1701
POST /api/gps/reports HTTP/1.1
Host: api.hooshnics.com
Content-Type: application/json
Content-Length: 1588

[{"data":"+Hooshnic:V1.07,3641.94950,05238.4659,000,260703,173617,000,000,1,3,1,861292053604220"},{"data":"+Hooshnic:V1.07,3641.94950,05238.4659,000,260703,173628,000,000,1,3,1,861292053604220"},{"data":"+Hooshnic:V1.07,3641.94950,05238.4659,000,260703,173631,000,000,1,3,1,861292053604220"},{"data":"+Hooshnic:V1.07,3641.94990,05238.4693,000,260703,173633,010,003,1,3,1,861292053604220"},{"data":"+Hooshnic:V1.07,3641.95060,05238.4742,000,260703,173636,008,000,1,3,1,861292053604220"},{"data":"+Hooshnic:V1.07,3641.95110,05238.4784,000,260703,173639,006,000,1,3,1,861292053604220"},{"data":"+Hooshnic:V1.07,3641.95140,05238.4830,000,260703,173642,008,002,1,3,1,861292053604220"},{"data":"+Hooshnic:V1.07,3641.95170,05238.4866,000,260703,173645,008,000,1,3,1,861292053604220"},{"data":"+Hooshnic:V1.07,3641.95200,05238.4945,000,260703,173648,020,000,1,3,1,861292053604220"},{"data":"+Hooshnic:V1.07,3641.95050,05238.5048,000,260703,173651,018,005,1,3,1,861292053604220"},{"data":"+Hooshnic:V1.07,3641.94960,05238.5110,000,260703,173653,018,000,1,3,1,861292053604220"},{"data":"+Hooshnic:V1.07,3641.94810,05238.5204,000,260703,173656,018,000,1,3,1,861292053604220"},{"data":"+Hooshnic:V1.07,3641.94640,05238.5288,000,260703,173659,008,003,1,3,1,861292053604220"},{"data":"+Hooshnic:V1.07,3641.94580,05238.5308,000,260703,173702,000,000,1,3,1,861292053604220"},{"data":"+Hooshnic:V1.07,3641.94600,05238.5306,000,260703,173705,000,000,1,3,1,861292053604220"},{"data":"+Hooshnic:V1.07,3641.94600,05238.5306,000,260703,173707,000,000,1,3,1,861292053604220"},{}]....................................................................ADDRESS_LOCATION = 1363968AT+CIPSTART="TCP","api.hooshnics.com",80
AT+CIPSEND=1701
POST /api/gps/reports HTTP/1.1
Host: api.hooshnics.com
Content-Type: application/json
Content-Length: 1588

[{"data":"+Hooshnic:V1.07,3641.94440,05238.4088,000,260703,173531,012,004,1,3,1,861292053604220"},{"data":"+Hooshnic:V1.07,3641.94440,05238.4167,000,260703,173534,016,000,1,3,1,861292053604220"},{"data":"+Hooshnic:V1.07,3641.94540,05238.4254,000,260703,173537,016,000,1,3,1,861292053604220"},{"data":"+Hooshnic:V1.07,3641.94620,05238.4363,000,260703,173540,022,002,1,3,1,861292053604220"},{"data":"+Hooshnic:V1.07,3641.94790,05238.4489,000,260703,173543,024,000,1,3,1,861292053604220"},{"data":"+Hooshnic:V1.07,3641.94900,05238.4568,000,260703,173545,020,000,1,3,1,861292053604220"},{"data":"+Hooshnic:V1.07,3641.94970,05238.4632,000,260703,173548,004,000,1,3,1,861292053604220"},{"data":"+Hooshnic:V1.07,3641.94960,05238.4657,000,260703,173551,000,000,1,3,1,861292053604220"},{"data":"+Hooshnic:V1.07,3641.94950,05238.4659,000,260703,173554,000,000,1,3,1,861292053604220"},{"data":"+Hooshnic:V1.07,3641.94950,05238.4659,000,260703,173557,000,000,1,3,1,861292053604220"},{"data":"+Hooshnic:V1.07,3641.94950,05238.4659,000,260703,173600,000,000,1,3,1,861292053604220"},{"data":"+Hooshnic:V1.07,3641.94950,05238.4659,000,260703,173602,000,000,1,3,1,861292053604220"},{"data":"+Hooshnic:V1.07,3641.94950,05238.4659,000,260703,173605,000,000,1,3,1,861292053604220"},{"data":"+Hooshnic:V1.07,3641.94950,05238.4659,000,260703,173608,000,000,1,3,1,861292053604220"},{"data":"+Hooshnic:V1.07,3641.94950,05238.4659,000,260703,173611,000,000,1,3,1,861292053604220"},{"data":"+Hooshnic:V1.07,3641.94950,05238.4659,000,260703,173614,000,000,1,3,1,861292053604220"},{}]....................................................................ADDRESS_LOCATION = 1359872AT+CIPSTART="TCP","api.hooshnics.com",80
AT+CIPSEND=1701
POST /api/gps/reports HTTP/1.1
Host: api.hooshnics.com
Content-Type: application/json
Content-Length: 1588

[{"data":"+Hooshnic:V1.07,3641.93640,05238.3522,000,260703,173446,008,000,1,3,1,861292053604220"},{"data":"+Hooshnic:V1.07,3641.93720,05238.3570,000,260703,173449,008,001,1,3,1,861292053604220"},{"data":"+Hooshnic:V1.07,3641.93770,05238.3618,000,260703,173452,010,000,1,3,1,861292053604220"},{"data":"+Hooshnic:V1.07,3641.93790,05238.3663,000,260703,173454,014,000,1,3,1,861292053604220"},{"data":"+Hooshnic:V1.07,3641.93830,05238.3750,000,260703,173457,016,004,1,3,1,861292053604220"},{"data":"+Hooshnic:V1.07,3641.93950,05238.3824,000,260703,173500,008,000,1,3,1,861292053604220"},{"data":"+Hooshnic:V1.07,3641.94030,05238.3855,000,260703,173503,004,000,1,3,1,861292053604220"},{"data":"+Hooshnic:V1.07,3641.94050,05238.3864,000,260703,173506,000,000,1,3,1,861292053604220"},{"data":"+Hooshnic:V1.07,3641.94060,05238.3863,000,260703,173509,000,000,1,3,1,861292053604220"},{"data":"+Hooshnic:V1.07,3641.94060,05238.3863,000,260703,173511,000,000,1,3,1,861292053604220"},{"data":"+Hooshnic:V1.07,3641.94060,05238.3863,000,260703,173514,000,000,1,3,1,861292053604220"},{"data":"+Hooshnic:V1.07,3641.94060,05238.3863,000,260703,173517,000,000,1,3,1,861292053604220"},{"data":"+Hooshnic:V1.07,3641.94060,05238.3863,000,260703,173520,000,000,1,3,1,861292053604220"},{"data":"+Hooshnic:V1.07,3641.94080,05238.3871,000,260703,173523,006,005,1,3,1,861292053604220"},{"data":"+Hooshnic:V1.07,3641.94200,05238.3936,000,260703,173526,016,000,1,3,1,861292053604220"},{"data":"+Hooshnic:V1.07,3641.94310,05238.4004,000,260703,173528,018,000,1,3,1,861292053604220"},{}]....................................................................ADDRESS_LOCATION = 1355776AT+CIPSTART="TCP","api.hooshnics.com",80
AT+CIPSEND=1701
POST /api/gps/reports HTTP/1.1
Host: api.hooshnics.com
Content-Type: application/json
Content-Length: 1588

[{"data":"+Hooshnic:V1.07,3641.93070,05238.3216,000,260703,173400,000,000,1,3,1,861292053604220"},{"data":"+Hooshnic:V1.07,3641.93070,05238.3216,000,260703,173403,000,000,1,3,1,861292053604220"},{"data":"+Hooshnic:V1.07,3641.93070,05238.3216,000,260703,173406,000,000,1,3,1,861292053604220"},{"data":"+Hooshnic:V1.07,3641.93070,05238.3216,000,260703,173409,000,000,1,3,1,861292053604220"},{"data":"+Hooshnic:V1.07,3641.93070,05238.3216,000,260703,173412,000,000,1,3,1,861292053604220"},{"data":"+Hooshnic:V1.07,3641.93070,05238.3216,000,260703,173415,000,000,1,3,1,861292053604220"},{"data":"+Hooshnic:V1.07,3641.93140,05238.3235,000,260703,173417,002,000,1,3,1,861292053604220"},{"data":"+Hooshnic:V1.07,3641.93210,05238.3269,000,260703,173420,004,000,1,3,1,861292053604220"},{"data":"+Hooshnic:V1.07,3641.93250,05238.3314,000,260703,173423,002,011,1,3,1,861292053604220"},{"data":"+Hooshnic:V1.07,3641.93280,05238.3339,000,260703,173426,002,000,1,3,1,861292053604220"},{"data":"+Hooshnic:V1.07,3641.93350,05238.3362,000,260703,173429,002,000,1,3,1,861292053604220"},{"data":"+Hooshnic:V1.07,3641.93390,05238.3379,000,260703,173432,002,007,1,3,1,861292053604220"},{"data":"+Hooshnic:V1.07,3641.93400,05238.3388,000,260703,173435,000,000,1,3,1,861292053604220"},{"data":"+Hooshnic:V1.07,3641.93440,05238.3398,000,260703,173437,002,000,1,3,1,861292053604220"},{"data":"+Hooshnic:V1.07,3641.93480,05238.3430,000,260703,173440,006,001,1,3,1,861292053604220"},{"data":"+Hooshnic:V1.07,3641.93550,05238.3473,000,260703,173443,008,000,1,3,1,861292053604220"},{}]....................................................................ADDRESS_LOCATION = 1351680AT+CIPSTART="TCP","api.hooshnics.com",80
AT+CIPSEND=1701
POST /api/gps/reports HTTP/1.1
Host: api.hooshnics.com
Content-Type: application/json
Content-Length: 1588

[{"data":"+Hooshnic:V1.07,3641.92100,05238.2931,000,260703,173307,028,000,1,3,1,861292053604220"},{"data":"+Hooshnic:V1.07,3641.92560,05238.3056,000,260703,173310,020,000,1,3,1,861292053604220"},{"data":"+Hooshnic:V1.07,3641.92680,05238.3100,000,260703,173312,006,004,1,3,1,861292053604220"},{"data":"+Hooshnic:V1.07,3641.92710,05238.3109,000,260703,173315,000,000,1,3,1,861292053604220"},{"data":"+Hooshnic:V1.07,3641.92710,05238.3109,000,260703,173318,000,000,1,3,1,861292053604220"},{"data":"+Hooshnic:V1.07,3641.92710,05238.3109,000,260703,173321,000,000,1,3,1,861292053604220"},{"data":"+Hooshnic:V1.07,3641.92740,05238.3115,000,260703,173324,004,000,1,3,1,861292053604220"},{"data":"+Hooshnic:V1.07,3641.92880,05238.3159,000,260703,173327,008,000,1,3,1,861292053604220"},{"data":"+Hooshnic:V1.07,3641.92950,05238.3188,000,260703,173329,006,000,1,3,1,861292053604220"},{"data":"+Hooshnic:V1.07,3641.93040,05238.3208,000,260703,173332,000,000,1,3,1,861292053604220"},{"data":"+Hooshnic:V1.07,3641.93050,05238.3215,000,260703,173335,000,000,1,3,1,861292053604220"},{"data":"+Hooshnic:V1.07,3641.93070,05238.3216,000,260703,173338,000,000,1,3,1,861292053604220"},{"data":"+Hooshnic:V1.07,3641.93070,05238.3216,000,260703,173341,000,000,1,3,1,861292053604220"},{"data":"+Hooshnic:V1.07,3641.93070,05238.3216,000,260703,173344,000,000,1,3,1,861292053604220"},{"data":"+Hooshnic:V1.07,3641.93070,05238.3216,000,260703,173346,000,000,1,3,1,861292053604220"},{"data":"+Hooshnic:V1.07,3641.93070,05238.3216,000,260703,173349,000,000,1,3,1,861292053604220"},{}]....................................................................ADDRESS_LOCATION = 1347584AT+CIPSTART="TCP","api.hooshnics.com",80
AT+CIPSEND=1701
POST /api/gps/reports HTTP/1.1
Host: api.hooshnics.com
Content-Type: application/json
Content-Length: 1588

[{"data":"+Hooshnic:V1.07,3641.89120,05238.2164,000,260703,173221,022,001,1,3,1,861292053604220"},{"data":"+Hooshnic:V1.07,3641.89470,05238.2259,000,260703,173224,020,000,1,3,1,861292053604220"},{"data":"+Hooshnic:V1.07,3641.89740,05238.2345,000,260703,173227,016,000,1,3,1,861292053604220"},{"data":"+Hooshnic:V1.07,3641.90010,05238.2412,000,260703,173230,010,002,1,3,1,861292053604220"},{"data":"+Hooshnic:V1.07,3641.90130,05238.2441,000,260703,173233,004,000,1,3,1,861292053604220"},{"data":"+Hooshnic:V1.07,3641.90220,05238.2459,000,260703,173236,002,000,1,3,1,861292053604220"},{"data":"+Hooshnic:V1.07,3641.90230,05238.2464,000,260703,173238,000,000,1,3,1,861292053604220"},{"data":"+Hooshnic:V1.07,3641.90280,05238.2476,000,260703,173241,000,000,1,3,1,861292053604220"},{"data":"+Hooshnic:V1.07,3641.90370,05238.2501,000,260703,173244,000,000,1,3,1,861292053604220"},{"data":"+Hooshnic:V1.07,3641.90370,05238.2511,000,260703,173247,000,000,1,3,1,861292053604220"},{"data":"+Hooshnic:V1.07,3641.90420,05238.2527,000,260703,173250,004,000,1,3,1,861292053604220"},{"data":"+Hooshnic:V1.07,3641.90560,05238.2560,000,260703,173252,012,000,1,3,1,861292053604220"},{"data":"+Hooshnic:V1.07,3641.90920,05238.2634,000,260703,173255,016,001,1,3,1,861292053604220"},{"data":"+Hooshnic:V1.07,3641.91090,05238.2674,000,260703,173258,002,000,1,3,1,861292053604220"},{"data":"+Hooshnic:V1.07,3641.91220,05238.2702,000,260703,173301,010,000,1,3,1,861292053604220"},{"data":"+Hooshnic:V1.07,3641.91540,05238.2792,000,260703,173304,024,004,1,3,1,861292053604220"},{}]....................................................................ADDRESS_LOCATION = 1343488AT+CIPSTART="TCP","api.hooshnics.com",80
AT+CIPSEND=1701
POST /api/gps/reports HTTP/1.1
Host: api.hooshnics.com
Content-Type: application/json
Content-Length: 1588

[{"data":"+Hooshnic:V1.07,3641.82060,05237.9334,000,260703,173136,004,000,1,3,1,861292053604220"},{"data":"+Hooshnic:V1.07,3641.82050,05237.9381,000,260703,173139,016,001,1,3,1,861292053604220"},{"data":"+Hooshnic:V1.07,3641.82130,05237.9491,000,260703,173142,026,000,1,3,1,861292053604220"},{"data":"+Hooshnic:V1.07,3641.82170,05237.9592,000,260703,173144,030,000,1,3,1,861292053604220"},{"data":"+Hooshnic:V1.07,3641.82430,05237.9748,000,260703,173147,030,000,1,3,1,861292053604220"},{"data":"+Hooshnic:V1.07,3641.82710,05237.9923,000,260703,173150,038,000,1,3,1,861292053604220"},{"data":"+Hooshnic:V1.07,3641.83110,05238.0130,000,260703,173153,042,000,1,3,1,861292053604220"},{"data":"+Hooshnic:V1.07,3641.83620,05238.0368,000,260703,173156,050,004,1,3,1,861292053604220"},{"data":"+Hooshnic:V1.07,3641.84060,05238.0636,000,260703,173159,052,000,1,3,1,861292053604220"},{"data":"+Hooshnic:V1.07,3641.84460,05238.0809,000,260703,173201,048,000,1,3,1,861292053604220"},{"data":"+Hooshnic:V1.07,3641.85130,05238.1038,000,260703,173204,048,002,1,3,1,861292053604220"},{"data":"+Hooshnic:V1.07,3641.86000,05238.1289,000,260703,173207,056,000,1,3,1,861292053604220"},{"data":"+Hooshnic:V1.07,3641.87030,05238.1561,000,260703,173210,058,000,1,3,1,861292053604220"},{"data":"+Hooshnic:V1.07,3641.88020,05238.1814,000,260703,173213,048,000,1,3,1,861292053604220"},{"data":"+Hooshnic:V1.07,3641.88710,05238.2002,000,260703,173216,030,000,1,3,1,861292053604220"},{"data":"+Hooshnic:V1.07,3641.88840,05238.2065,000,260703,173218,018,000,1,3,1,861292053604220"},{}]....................................................................ADDRESS_LOCATION = 1339392AT+CIPSTART="TCP","api.hooshnics.com",80
AT+CIPSEND=1701
POST /api/gps/reports HTTP/1.1
Host: api.hooshnics.com
Content-Type: application/json
Content-Length: 1588

[{"data":"+Hooshnic:V1.07,3641.77410,05237.5275,000,260703,173042,050,000,1,3,1,861292053604220"},{"data":"+Hooshnic:V1.07,3641.77730,05237.5567,000,260703,173045,054,000,1,3,1,861292053604220"},{"data":"+Hooshnic:V1.07,3641.78050,05237.5843,000,260703,173048,050,000,1,3,1,861292053604220"},{"data":"+Hooshnic:V1.07,3641.78380,05237.6104,000,260703,173051,048,000,1,3,1,861292053604220"},{"data":"+Hooshnic:V1.07,3641.78600,05237.6277,000,260703,173053,050,001,1,3,1,861292053604220"},{"data":"+Hooshnic:V1.07,3641.78960,05237.6546,000,260703,173056,050,000,1,3,1,861292053604220"},{"data":"+Hooshnic:V1.07,3641.79320,05237.6834,000,260703,173059,054,000,1,3,1,861292053604220"},{"data":"+Hooshnic:V1.07,3641.79680,05237.7087,000,260703,173102,044,001,1,3,1,861292053604220"},{"data":"+Hooshnic:V1.07,3641.79910,05237.7303,000,260703,173105,044,000,1,3,1,861292053604220"},{"data":"+Hooshnic:V1.07,3641.80150,05237.7536,000,260703,173108,044,000,1,3,1,861292053604220"},{"data":"+Hooshnic:V1.07,3641.80380,05237.7767,000,260703,173111,046,001,1,3,1,861292053604220"},{"data":"+Hooshnic:V1.07,3641.80560,05237.7937,000,260703,173113,050,000,1,3,1,861292053604220"},{"data":"+Hooshnic:V1.07,3641.80920,05237.8216,000,260703,173116,054,000,1,3,1,861292053604220"},{"data":"+Hooshnic:V1.07,3641.81240,05237.8488,000,260703,173119,050,001,1,3,1,861292053604220"},{"data":"+Hooshnic:V1.07,3641.81510,05237.8728,000,260703,173122,042,000,1,3,1,861292053604220"},{"data":"+Hooshnic:V1.07,3641.82030,05237.9288,000,260703,173133,018,000,1,3,1,861292053604220"},{}]....................................................................ADDRESS_LOCATION = 1335296AT+CIPSTART="TCP","api.hooshnics.com",80
AT+CIPSEND=1701
POST /api/gps/reports HTTP/1.1
Host: api.hooshnics.com
Content-Type: application/json
Content-Length: 1588

[{"data":"+Hooshnic:V1.07,3641.59070,05237.6549,000,260703,172957,046,000,1,3,1,861292053604220"},{"data":"+Hooshnic:V1.07,3641.60070,05237.6427,000,260703,172959,050,000,1,3,1,861292053604220"},{"data":"+Hooshnic:V1.07,3641.61740,05237.6222,000,260703,173002,056,000,1,3,1,861292053604220"},{"data":"+Hooshnic:V1.07,3641.63490,05237.6009,000,260703,173005,056,000,1,3,1,861292053604220"},{"data":"+Hooshnic:V1.07,3641.65190,05237.5805,000,260703,173008,054,000,1,3,1,861292053604220"},{"data":"+Hooshnic:V1.07,3641.66690,05237.5630,000,260703,173011,046,000,1,3,1,861292053604220"},{"data":"+Hooshnic:V1.07,3641.68050,05237.5476,000,260703,173014,040,000,1,3,1,861292053604220"},{"data":"+Hooshnic:V1.07,3641.69400,05237.5323,000,260703,173017,046,000,1,3,1,861292053604220"},{"data":"+Hooshnic:V1.07,3641.70360,05237.5211,000,260703,173019,046,001,1,3,1,861292053604220"},{"data":"+Hooshnic:V1.07,3641.71610,05237.5062,000,260703,173022,036,000,1,3,1,861292053604220"},{"data":"+Hooshnic:V1.07,3641.72620,05237.4940,000,260703,173025,030,000,1,3,1,861292053604220"},{"data":"+Hooshnic:V1.07,3641.73570,05237.4836,000,260703,173028,028,003,1,3,1,861292053604220"},{"data":"+Hooshnic:V1.07,3641.74690,05237.4780,000,260703,173031,030,000,1,3,1,861292053604220"},{"data":"+Hooshnic:V1.07,3641.75880,05237.4806,000,260703,173034,030,000,1,3,1,861292053604220"},{"data":"+Hooshnic:V1.07,3641.76530,05237.4877,000,260703,173036,032,006,1,3,1,861292053604220"},{"data":"+Hooshnic:V1.07,3641.77160,05237.5041,000,260703,173039,036,000,1,3,1,861292053604220"},{}]....................................................................ADDRESS_LOCATION = 1331200AT+CIPSTART="TCP","api.hooshnics.com",80
AT+CIPSEND=1701
POST /api/gps/reports HTTP/1.1
Host: api.hooshnics.com
Content-Type: application/json
Content-Length: 1588

[{"data":"+Hooshnic:V1.07,3641.67560,05237.3725,000,260703,172911,058,001,1,3,1,861292053604220"},{"data":"+Hooshnic:V1.07,3641.66340,05237.4009,000,260703,172914,062,000,1,3,1,861292053604220"},{"data":"+Hooshnic:V1.07,3641.65010,05237.4285,000,260703,172917,058,000,1,3,1,861292053604220"},{"data":"+Hooshnic:V1.07,3641.63780,05237.4528,000,260703,172920,052,000,1,3,1,861292053604220"},{"data":"+Hooshnic:V1.07,3641.62580,05237.4784,000,260703,172923,060,000,1,3,1,861292053604220"},{"data":"+Hooshnic:V1.07,3641.61660,05237.4973,000,260703,172925,064,000,1,3,1,861292053604220"},{"data":"+Hooshnic:V1.07,3641.60160,05237.5242,000,260703,172928,058,000,1,3,1,861292053604220"},{"data":"+Hooshnic:V1.07,3641.58810,05237.5485,000,260703,172931,054,000,1,3,1,861292053604220"},{"data":"+Hooshnic:V1.07,3641.57450,05237.5754,000,260703,172934,064,000,1,3,1,861292053604220"},{"data":"+Hooshnic:V1.07,3641.56010,05237.6052,000,260703,172937,066,001,1,3,1,861292053604220"},{"data":"+Hooshnic:V1.07,3641.54730,05237.6316,000,260703,172940,054,000,1,3,1,861292053604220"},{"data":"+Hooshnic:V1.07,3641.54100,05237.6457,000,260703,172942,038,000,1,3,1,861292053604220"},{"data":"+Hooshnic:V1.07,3641.53960,05237.6609,000,260703,172945,028,014,1,3,1,861292053604220"},{"data":"+Hooshnic:V1.07,3641.54670,05237.6737,000,260703,172948,032,000,1,3,1,861292053604220"},{"data":"+Hooshnic:V1.07,3641.56070,05237.6798,000,260703,172951,036,000,1,3,1,861292053604220"},{"data":"+Hooshnic:V1.07,3641.57660,05237.6724,000,260703,172954,042,012,1,3,1,861292053604220"},{}]....................................................................ADDRESS_LOCATION = 1327104AT+CIPSTART="TCP","api.hooshnics.com",80
AT+CIPSEND=1701
POST /api/gps/reports HTTP/1.1
Host: api.hooshnics.com
Content-Type: application/json
Content-Length: 1588

[{"data":"+Hooshnic:V1.07,3641.71020,05236.9222,000,260703,172818,022,000,1,3,1,861292053604220"},{"data":"+Hooshnic:V1.07,3641.71100,05236.9304,000,260703,172820,024,000,1,3,1,861292053604220"},{"data":"+Hooshnic:V1.07,3641.71250,05236.9459,000,260703,172823,038,000,1,3,1,861292053604220"},{"data":"+Hooshnic:V1.07,3641.71400,05236.9666,000,260703,172826,040,000,1,3,1,861292053604220"},{"data":"+Hooshnic:V1.07,3641.71570,05236.9885,000,260703,172829,042,000,1,3,1,861292053604220"},{"data":"+Hooshnic:V1.07,3641.71740,05237.0108,000,260703,172832,042,000,1,3,1,861292053604220"},{"data":"+Hooshnic:V1.07,3641.71920,05237.0330,000,260703,172835,042,000,1,3,1,861292053604220"},{"data":"+Hooshnic:V1.07,3641.72020,05237.0481,000,260703,172837,042,000,1,3,1,861292053604220"},{"data":"+Hooshnic:V1.07,3641.72180,05237.0716,000,260703,172840,044,000,1,3,1,861292053604220"},{"data":"+Hooshnic:V1.07,3641.72360,05237.0953,000,260703,172843,046,001,1,3,1,861292053604220"},{"data":"+Hooshnic:V1.07,3641.72590,05237.1224,000,260703,172846,054,000,1,3,1,861292053604220"},{"data":"+Hooshnic:V1.07,3641.72720,05237.1539,000,260703,172849,064,000,1,3,1,861292053604220"},{"data":"+Hooshnic:V1.07,3641.72740,05237.1896,000,260703,172852,068,001,1,3,1,861292053604220"},{"data":"+Hooshnic:V1.07,3641.72610,05237.2116,000,260703,172854,058,000,1,3,1,861292053604220"},{"data":"+Hooshnic:V1.07,3641.69490,05237.3288,000,260703,172906,060,000,1,3,1,861292053604220"},{"data":"+Hooshnic:V1.07,3641.68340,05237.3549,000,260703,172909,060,000,1,3,1,861292053604220"},{}]....................................................................ADDRESS_LOCATION = 1323008AT+CIPSTART="TCP","api.hooshnics.com",80
AT+CIPSEND=1701
POST /api/gps/reports HTTP/1.1
Host: api.hooshnics.com
Content-Type: application/json
Content-Length: 1588

[{"data":"+Hooshnic:V1.07,3641.68320,05236.5928,000,260703,172732,038,000,1,3,1,861292053604220"},{"data":"+Hooshnic:V1.07,3641.68560,05236.6152,000,260703,172735,048,001,1,3,1,861292053604220"},{"data":"+Hooshnic:V1.07,3641.68790,05236.6428,000,260703,172738,054,000,1,3,1,861292053604220"},{"data":"+Hooshnic:V1.07,3641.69000,05236.6701,000,260703,172741,050,000,1,3,1,861292053604220"},{"data":"+Hooshnic:V1.07,3641.69150,05236.6880,000,260703,172743,052,000,1,3,1,861292053604220"},{"data":"+Hooshnic:V1.07,3641.69390,05236.7164,000,260703,172746,054,000,1,3,1,861292053604220"},{"data":"+Hooshnic:V1.07,3641.69600,05236.7445,000,260703,172749,054,000,1,3,1,861292053604220"},{"data":"+Hooshnic:V1.07,3641.69810,05236.7729,000,260703,172752,054,001,1,3,1,861292053604220"},{"data":"+Hooshnic:V1.07,3641.70030,05236.8004,000,260703,172755,050,000,1,3,1,861292053604220"},{"data":"+Hooshnic:V1.07,3641.70250,05236.8258,000,260703,172758,046,000,1,3,1,861292053604220"},{"data":"+Hooshnic:V1.07,3641.70380,05236.8410,000,260703,172800,040,000,1,3,1,861292053604220"},{"data":"+Hooshnic:V1.07,3641.70550,05236.8599,000,260703,172803,032,000,1,3,1,861292053604220"},{"data":"+Hooshnic:V1.07,3641.70650,05236.8741,000,260703,172806,024,000,1,3,1,861292053604220"},{"data":"+Hooshnic:V1.07,3641.70750,05236.8869,000,260703,172809,024,000,1,3,1,861292053604220"},{"data":"+Hooshnic:V1.07,3641.70840,05236.8987,000,260703,172812,024,000,1,3,1,861292053604220"},{"data":"+Hooshnic:V1.07,3641.70910,05236.9107,000,260703,172815,022,000,1,3,1,861292053604220"},{}]....................................................................ADDRESS_LOCATION = 1318912AT+CIPSTART="TCP","api.hooshnics.com",80
AT+CIPSEND=1701
POST /api/gps/reports HTTP/1.1
Host: api.hooshnics.com
Content-Type: application/json
Content-Length: 1588

[{"data":"+Hooshnic:V1.07,3641.66290,05236.3775,000,260703,172647,014,000,1,3,1,861292053604220"},{"data":"+Hooshnic:V1.07,3641.66320,05236.3825,000,260703,172650,006,000,1,3,1,861292053604220"},{"data":"+Hooshnic:V1.07,3641.66390,05236.3874,000,260703,172652,012,005,1,3,1,861292053604220"},{"data":"+Hooshnic:V1.07,3641.66560,05236.3976,000,260703,172655,026,000,1,3,1,861292053604220"},{"data":"+Hooshnic:V1.07,3641.66660,05236.4109,000,260703,172658,020,000,1,3,1,861292053604220"},{"data":"+Hooshnic:V1.07,3641.66810,05236.4219,000,260703,172701,020,000,1,3,1,861292053604220"},{"data":"+Hooshnic:V1.07,3641.66890,05236.4314,000,260703,172704,016,000,1,3,1,861292053604220"},{"data":"+Hooshnic:V1.07,3641.66960,05236.4404,000,260703,172707,018,000,1,3,1,861292053604220"},{"data":"+Hooshnic:V1.07,3641.66990,05236.4470,000,260703,172709,018,008,1,3,1,861292053604220"},{"data":"+Hooshnic:V1.07,3641.67000,05236.4580,000,260703,172712,022,000,1,3,1,861292053604220"},{"data":"+Hooshnic:V1.07,3641.67000,05236.4697,000,260703,172715,020,000,1,3,1,861292053604220"},{"data":"+Hooshnic:V1.07,3641.67150,05236.4836,000,260703,172718,032,000,1,3,1,861292053604220"},{"data":"+Hooshnic:V1.07,3641.67390,05236.5040,000,260703,172721,044,000,1,3,1,861292053604220"},{"data":"+Hooshnic:V1.07,3641.67670,05236.5295,000,260703,172724,050,000,1,3,1,861292053604220"},{"data":"+Hooshnic:V1.07,3641.67840,05236.5471,000,260703,172726,048,001,1,3,1,861292053604220"},{"data":"+Hooshnic:V1.07,3641.68080,05236.5718,000,260703,172729,044,000,1,3,1,861292053604220"},{}]....................................................................ADDRESS_LOCATION = 1314816AT+CIPSTART="TCP","api.hooshnics.com",80
AT+CIPSEND=1701
POST /api/gps/reports HTTP/1.1
Host: api.hooshnics.com
Content-Type: application/json
Content-Length: 1588

[{"data":"+Hooshnic:V1.07,3641.65010,05236.1777,000,260703,172553,012,000,1,3,1,861292053604220"},{"data":"+Hooshnic:V1.07,3641.65070,05236.1892,000,260703,172556,030,000,1,3,1,861292053604220"},{"data":"+Hooshnic:V1.07,3641.65220,05236.2094,000,260703,172559,044,003,1,3,1,861292053604220"},{"data":"+Hooshnic:V1.07,3641.65470,05236.2354,000,260703,172602,052,000,1,3,1,861292053604220"},{"data":"+Hooshnic:V1.07,3641.65690,05236.2633,000,260703,172605,050,000,1,3,1,861292053604220"},{"data":"+Hooshnic:V1.07,3641.65770,05236.2798,000,260703,172607,044,000,1,3,1,861292053604220"},{"data":"+Hooshnic:V1.07,3641.65900,05236.3003,000,260703,172610,032,000,1,3,1,861292053604220"},{"data":"+Hooshnic:V1.07,3641.66050,05236.3100,000,260703,172613,012,000,1,3,1,861292053604220"},{"data":"+Hooshnic:V1.07,3641.65980,05236.3167,000,260703,172616,012,004,1,3,1,861292053604220"},{"data":"+Hooshnic:V1.07,3641.65920,05236.3226,000,260703,172619,008,000,1,3,1,861292053604220"},{"data":"+Hooshnic:V1.07,3641.65910,05236.3279,000,260703,172622,010,000,1,3,1,861292053604220"},{"data":"+Hooshnic:V1.07,3641.65920,05236.3306,000,260703,172624,000,000,1,3,1,861292053604220"},{"data":"+Hooshnic:V1.07,3641.65910,05236.3313,000,260703,172627,000,000,1,3,1,861292053604220"},{"data":"+Hooshnic:V1.07,3641.66040,05236.3403,000,260703,172638,012,000,1,3,1,861292053604220"},{"data":"+Hooshnic:V1.07,3641.66090,05236.3506,000,260703,172641,024,000,1,3,1,861292053604220"},{"data":"+Hooshnic:V1.07,3641.66200,05236.3657,000,260703,172644,028,000,1,3,1,861292053604220"},{}]....................................................................ADDRESS_LOCATION = 1310720AT+CIPSTART="TCP","api.hooshnics.com",80
AT+CIPSEND=1701
POST /api/gps/reports HTTP/1.1
Host: api.hooshnics.com
Content-Type: application/json
Content-Length: 1588

[{"data":"+Hooshnic:V1.07,3641.63960,05236.0855,000,260703,172508,008,000,1,3,1,861292053604220"},{"data":"+Hooshnic:V1.07,3641.63990,05236.0882,000,260703,172510,006,000,1,3,1,861292053604220"},{"data":"+Hooshnic:V1.07,3641.63990,05236.0916,000,260703,172513,006,000,1,3,1,861292053604220"},{"data":"+Hooshnic:V1.07,3641.63990,05236.0955,000,260703,172516,010,001,1,3,1,861292053604220"},{"data":"+Hooshnic:V1.07,3641.64090,05236.1019,000,260703,172519,012,000,1,3,1,861292053604220"},{"data":"+Hooshnic:V1.07,3641.64120,05236.1085,000,260703,172522,010,000,1,3,1,861292053604220"},{"data":"+Hooshnic:V1.07,3641.64160,05236.1124,000,260703,172525,006,004,1,3,1,861292053604220"},{"data":"+Hooshnic:V1.07,3641.64190,05236.1149,000,260703,172527,006,000,1,3,1,861292053604220"},{"data":"+Hooshnic:V1.07,3641.64250,05236.1196,000,260703,172530,010,000,1,3,1,861292053604220"},{"data":"+Hooshnic:V1.07,3641.64330,05236.1253,000,260703,172533,010,003,1,3,1,861292053604220"},{"data":"+Hooshnic:V1.07,3641.64460,05236.1327,000,260703,172536,016,000,1,3,1,861292053604220"},{"data":"+Hooshnic:V1.07,3641.64540,05236.1432,000,260703,172539,024,000,1,3,1,861292053604220"},{"data":"+Hooshnic:V1.07,3641.64660,05236.1522,000,260703,172542,010,001,1,3,1,861292053604220"},{"data":"+Hooshnic:V1.07,3641.64730,05236.1554,000,260703,172544,010,000,1,3,1,861292053604220"},{"data":"+Hooshnic:V1.07,3641.64850,05236.1637,000,260703,172547,018,000,1,3,1,861292053604220"},{"data":"+Hooshnic:V1.07,3641.64960,05236.1726,000,260703,172550,010,000,1,3,1,861292053604220"},{}]....................................................................ADDRESS_LOCATION = 1306624AT+CIPSTART="TCP","api.hooshnics.com",80
AT+CIPSEND=1701
POST /api/gps/reports HTTP/1.1
Host: api.hooshnics.com
Content-Type: application/json
Content-Length: 1588

[{"data":"+Hooshnic:V1.07,3641.63380,05236.0426,000,260703,172422,004,000,1,3,1,861292053604220"},{"data":"+Hooshnic:V1.07,3641.63380,05236.0441,000,260703,172425,000,005,1,3,1,861292053604220"},{"data":"+Hooshnic:V1.07,3641.63390,05236.0454,000,260703,172428,002,000,1,3,1,861292053604220"},{"data":"+Hooshnic:V1.07,3641.63420,05236.0490,000,260703,172431,006,000,1,3,1,861292053604220"},{"data":"+Hooshnic:V1.07,3641.63480,05236.0525,000,260703,172434,006,018,1,3,1,861292053604220"},{"data":"+Hooshnic:V1.07,3641.63590,05236.0544,000,260703,172436,004,000,1,3,1,861292053604220"},{"data":"+Hooshnic:V1.07,3641.63630,05236.0546,000,260703,172439,000,000,1,3,1,861292053604220"},{"data":"+Hooshnic:V1.07,3641.63630,05236.0546,000,260703,172442,000,000,1,3,1,861292053604220"},{"data":"+Hooshnic:V1.07,3641.63650,05236.0566,000,260703,172445,004,000,1,3,1,861292053604220"},{"data":"+Hooshnic:V1.07,3641.63620,05236.0589,000,260703,172448,002,000,1,3,1,861292053604220"},{"data":"+Hooshnic:V1.07,3641.63600,05236.0616,000,260703,172451,002,005,1,3,1,861292053604220"},{"data":"+Hooshnic:V1.07,3641.63630,05236.0631,000,260703,172453,006,000,1,3,1,861292053604220"},{"data":"+Hooshnic:V1.07,3641.63700,05236.0666,000,260703,172456,006,000,1,3,1,861292053604220"},{"data":"+Hooshnic:V1.07,3641.63790,05236.0708,000,260703,172459,008,001,1,3,1,861292053604220"},{"data":"+Hooshnic:V1.07,3641.63870,05236.0760,000,260703,172502,006,000,1,3,1,861292053604220"},{"data":"+Hooshnic:V1.07,3641.63920,05236.0794,000,260703,172505,008,000,1,3,1,861292053604220"},{}]....................................................................ADDRESS_LOCATION = 1302528AT+CIPSTART="TCP","api.hooshnics.com",80
AT+CIPSEND=1701
POST /api/gps/reports HTTP/1.1
Host: api.hooshnics.com
Content-Type: application/json
Content-Length: 1588

[{"data":"+Hooshnic:V1.07,3641.62980,05235.9966,000,260703,172328,000,000,1,3,1,861292053604220"},{"data":"+Hooshnic:V1.07,3641.62990,05235.9966,000,260703,172331,000,000,1,3,1,861292053604220"},{"data":"+Hooshnic:V1.07,3641.62990,05235.9966,000,260703,172334,000,000,1,3,1,861292053604220"},{"data":"+Hooshnic:V1.07,3641.63040,05235.9993,000,260703,172337,008,000,1,3,1,861292053604220"},{"data":"+Hooshnic:V1.07,3641.63050,05236.0033,000,260703,172340,002,008,1,3,1,861292053604220"},{"data":"+Hooshnic:V1.07,3641.63070,05236.0038,000,260703,172343,000,000,1,3,1,861292053604220"},{"data":"+Hooshnic:V1.07,3641.63070,05236.0038,000,260703,172345,000,000,1,3,1,861292053604220"},{"data":"+Hooshnic:V1.07,3641.63080,05236.0043,000,260703,172348,000,021,1,3,1,861292053604220"},{"data":"+Hooshnic:V1.07,3641.63110,05236.0061,000,260703,172351,002,000,1,3,1,861292053604220"},{"data":"+Hooshnic:V1.07,3641.63170,05236.0078,000,260703,172354,002,000,1,3,1,861292053604220"},{"data":"+Hooshnic:V1.07,3641.63140,05236.0097,000,260703,172357,002,002,1,3,1,861292053604220"},{"data":"+Hooshnic:V1.07,3641.63160,05236.0129,000,260703,172400,004,000,1,3,1,861292053604220"},{"data":"+Hooshnic:V1.07,3641.63280,05236.0294,000,260703,172411,010,000,1,3,1,861292053604220"},{"data":"+Hooshnic:V1.07,3641.63340,05236.0339,000,260703,172414,004,000,1,3,1,861292053604220"},{"data":"+Hooshnic:V1.07,3641.63390,05236.0379,000,260703,172417,006,004,1,3,1,861292053604220"},{"data":"+Hooshnic:V1.07,3641.63380,05236.0398,000,260703,172419,004,000,1,3,1,861292053604220"},{}]....................................................................ADDRESS_LOCATION = 1298432AT+CIPSTART="TCP","api.hooshnics.com",80
AT+CIPSEND=1701
POST /api/gps/reports HTTP/1.1
Host: api.hooshnics.com
Content-Type: application/json
Content-Length: 1588

[{"data":"+Hooshnic:V1.07,3641.62900,05235.9736,000,260703,172243,002,000,1,3,1,861292053604220"},{"data":"+Hooshnic:V1.07,3641.62890,05235.9736,000,260703,172246,000,000,1,3,1,861292053604220"},{"data":"+Hooshnic:V1.07,3641.62890,05235.9736,000,260703,172249,000,000,1,3,1,861292053604220"},{"data":"+Hooshnic:V1.07,3641.62850,05235.9762,000,260703,172252,002,000,1,3,1,861292053604220"},{"data":"+Hooshnic:V1.07,3641.62860,05235.9764,000,260703,172254,000,000,1,3,1,861292053604220"},{"data":"+Hooshnic:V1.07,3641.62880,05235.9764,000,260703,172257,000,000,1,3,1,861292053604220"},{"data":"+Hooshnic:V1.07,3641.62880,05235.9764,000,260703,172300,000,000,1,3,1,861292053604220"},{"data":"+Hooshnic:V1.07,3641.62880,05235.9764,000,260703,172303,000,000,1,3,1,861292053604220"},{"data":"+Hooshnic:V1.07,3641.62880,05235.9764,000,260703,172306,000,000,1,3,1,861292053604220"},{"data":"+Hooshnic:V1.07,3641.62990,05235.9812,000,260703,172309,008,000,1,3,1,861292053604220"},{"data":"+Hooshnic:V1.07,3641.63070,05235.9842,000,260703,172311,008,000,1,3,1,861292053604220"},{"data":"+Hooshnic:V1.07,3641.63110,05235.9876,000,260703,172314,004,010,1,3,1,861292053604220"},{"data":"+Hooshnic:V1.07,3641.63070,05235.9901,000,260703,172317,006,000,1,3,1,861292053604220"},{"data":"+Hooshnic:V1.07,3641.63010,05235.9915,000,260703,172320,000,000,1,3,1,861292053604220"},{"data":"+Hooshnic:V1.07,3641.62980,05235.9914,000,260703,172323,000,000,1,3,1,861292053604220"},{"data":"+Hooshnic:V1.07,3641.62980,05235.9960,000,260703,172326,004,000,1,3,1,861292053604220"},{}]....................................................................ADDRESS_LOCATION = 1294336AT+CIPSTART="TCP","api.hooshnics.com",80
AT+CIPSEND=1701
POST /api/gps/reports HTTP/1.1
Host: api.hooshnics.com
Content-Type: application/json
Content-Length: 1588

[{"data":"+Hooshnic:V1.07,3641.62410,05235.9204,000,260703,172158,018,003,1,3,1,861292053604220"},{"data":"+Hooshnic:V1.07,3641.62460,05235.9272,000,260703,172200,018,000,1,3,1,861292053604220"},{"data":"+Hooshnic:V1.07,3641.62520,05235.9362,000,260703,172203,014,000,1,3,1,861292053604220"},{"data":"+Hooshnic:V1.07,3641.62490,05235.9436,000,260703,172206,010,002,1,3,1,861292053604220"},{"data":"+Hooshnic:V1.07,3641.62540,05235.9471,000,260703,172209,000,000,1,3,1,861292053604220"},{"data":"+Hooshnic:V1.07,3641.62570,05235.9488,000,260703,172212,000,000,1,3,1,861292053604220"},{"data":"+Hooshnic:V1.07,3641.62570,05235.9526,000,260703,172215,008,002,1,3,1,861292053604220"},{"data":"+Hooshnic:V1.07,3641.62550,05235.9554,000,260703,172217,006,000,1,3,1,861292053604220"},{"data":"+Hooshnic:V1.07,3641.62550,05235.9567,000,260703,172220,000,000,1,3,1,861292053604220"},{"data":"+Hooshnic:V1.07,3641.62550,05235.9567,000,260703,172223,000,000,1,3,1,861292053604220"},{"data":"+Hooshnic:V1.07,3641.62570,05235.9612,000,260703,172226,010,000,1,3,1,861292053604220"},{"data":"+Hooshnic:V1.07,3641.62630,05235.9637,000,260703,172229,000,000,1,3,1,861292053604220"},{"data":"+Hooshnic:V1.07,3641.62650,05235.9655,000,260703,172232,004,228,1,3,1,861292053604220"},{"data":"+Hooshnic:V1.07,3641.62770,05235.9696,000,260703,172235,002,000,1,3,1,861292053604220"},{"data":"+Hooshnic:V1.07,3641.62860,05235.9702,000,260703,172237,000,000,1,3,1,861292053604220"},{"data":"+Hooshnic:V1.07,3641.62900,05235.9710,000,260703,172240,000,000,1,3,1,861292053604220"},{}]....................................................................ADDRESS_LOCATION = 1290240AT+CIPSTART="TCP","api.hooshnics.com",80
AT+CIPSEND=1701
POST /api/gps/reports HTTP/1.1
Host: api.hooshnics.com
Content-Type: application/json
Content-Length: 1588

[{"data":"+Hooshnic:V1.07,3641.62390,05235.8671,000,260703,172104,006,004,1,3,1,861292053604220"},{"data":"+Hooshnic:V1.07,3641.62440,05235.8694,000,260703,172107,002,000,1,3,1,861292053604220"},{"data":"+Hooshnic:V1.07,3641.62420,05235.8724,000,260703,172110,006,000,1,3,1,861292053604220"},{"data":"+Hooshnic:V1.07,3641.62390,05235.8735,000,260703,172112,000,000,1,3,1,861292053604220"},{"data":"+Hooshnic:V1.07,3641.62400,05235.8734,000,260703,172115,000,000,1,3,1,861292053604220"},{"data":"+Hooshnic:V1.07,3641.62400,05235.8734,000,260703,172118,000,000,1,3,1,861292053604220"},{"data":"+Hooshnic:V1.07,3641.62400,05235.8755,000,260703,172121,000,000,1,3,1,861292053604220"},{"data":"+Hooshnic:V1.07,3641.62360,05235.8775,000,260703,172124,000,000,1,3,1,861292053604220"},{"data":"+Hooshnic:V1.07,3641.62350,05235.8773,000,260703,172127,000,000,1,3,1,861292053604220"},{"data":"+Hooshnic:V1.07,3641.62350,05235.8773,000,260703,172129,000,000,1,3,1,861292053604220"},{"data":"+Hooshnic:V1.07,3641.62300,05235.8801,000,260703,172132,006,000,1,3,1,861292053604220"},{"data":"+Hooshnic:V1.07,3641.62210,05235.8951,000,260703,172143,010,000,1,3,1,861292053604220"},{"data":"+Hooshnic:V1.07,3641.62330,05235.9001,000,260703,172146,008,000,1,3,1,861292053604220"},{"data":"+Hooshnic:V1.07,3641.62380,05235.9038,000,260703,172149,006,003,1,3,1,861292053604220"},{"data":"+Hooshnic:V1.07,3641.62350,05235.9073,000,260703,172152,006,000,1,3,1,861292053604220"},{"data":"+Hooshnic:V1.07,3641.62370,05235.9115,000,260703,172155,012,000,1,3,1,861292053604220"},{}]....................................................................ADDRESS_LOCATION = 1286144AT+CIPSTART="TCP","api.hooshnics.com",80
AT+CIPSEND=1701
POST /api/gps/reports HTTP/1.1
Host: api.hooshnics.com
Content-Type: application/json
Content-Length: 1588

[{"data":"+Hooshnic:V1.07,3641.58690,05235.4059,000,260703,172018,064,000,1,3,1,861292053604220"},{"data":"+Hooshnic:V1.07,3641.58950,05235.4370,000,260703,172021,056,001,1,3,1,861292053604220"},{"data":"+Hooshnic:V1.07,3641.59150,05235.4700,000,260703,172024,064,000,1,3,1,861292053604220"},{"data":"+Hooshnic:V1.07,3641.59420,05235.5043,000,260703,172027,066,000,1,3,1,861292053604220"},{"data":"+Hooshnic:V1.07,3641.59690,05235.5395,000,260703,172030,068,001,1,3,1,861292053604220"},{"data":"+Hooshnic:V1.07,3641.59950,05235.5765,000,260703,172033,072,000,1,3,1,861292053604220"},{"data":"+Hooshnic:V1.07,3641.60120,05235.6014,000,260703,172035,072,000,1,3,1,861292053604220"},{"data":"+Hooshnic:V1.07,3641.60380,05235.6390,000,260703,172038,072,001,1,3,1,861292053604220"},{"data":"+Hooshnic:V1.07,3641.60660,05235.6756,000,260703,172041,070,000,1,3,1,861292053604220"},{"data":"+Hooshnic:V1.07,3641.60940,05235.7097,000,260703,172044,064,000,1,3,1,861292053604220"},{"data":"+Hooshnic:V1.07,3641.61290,05235.7427,000,260703,172047,060,000,1,3,1,861292053604220"},{"data":"+Hooshnic:V1.07,3641.61570,05235.7742,000,260703,172050,058,000,1,3,1,861292053604220"},{"data":"+Hooshnic:V1.07,3641.61760,05235.8027,000,260703,172053,052,000,1,3,1,861292053604220"},{"data":"+Hooshnic:V1.07,3641.61910,05235.8206,000,260703,172055,050,002,1,3,1,861292053604220"},{"data":"+Hooshnic:V1.07,3641.62120,05235.8451,000,260703,172058,040,000,1,3,1,861292053604220"},{"data":"+Hooshnic:V1.07,3641.62230,05235.8616,000,260703,172101,022,000,1,3,1,861292053604220"},{}]....................................................................ADDRESS_LOCATION = 1282048AT+CIPSTART="TCP","api.hooshnics.com",80
AT+CIPSEND=1701
POST /api/gps/reports HTTP/1.1
Host: api.hooshnics.com
Content-Type: application/json
Content-Length: 1588

[{"data":"+Hooshnic:V1.07,3641.53820,05234.8480,000,260703,171933,052,000,1,3,1,861292053604220"},{"data":"+Hooshnic:V1.07,3641.54080,05234.8765,000,260703,171936,056,000,1,3,1,861292053604220"},{"data":"+Hooshnic:V1.07,3641.54320,05234.9078,000,260703,171939,060,000,1,3,1,861292053604220"},{"data":"+Hooshnic:V1.07,3641.54470,05234.9396,000,260703,171942,060,000,1,3,1,861292053604220"},{"data":"+Hooshnic:V1.07,3641.54630,05234.9608,000,260703,171944,060,000,1,3,1,861292053604220"},{"data":"+Hooshnic:V1.07,3641.54880,05234.9943,000,260703,171947,066,000,1,3,1,861292053604220"},{"data":"+Hooshnic:V1.07,3641.55120,05235.0298,000,260703,171950,070,000,1,3,1,861292053604220"},{"data":"+Hooshnic:V1.07,3641.55380,05235.0677,000,260703,171953,074,000,1,3,1,861292053604220"},{"data":"+Hooshnic:V1.07,3641.55670,05235.1077,000,260703,171956,078,001,1,3,1,861292053604220"},{"data":"+Hooshnic:V1.07,3641.56010,05235.1488,000,260703,171959,078,000,1,3,1,861292053604220"},{"data":"+Hooshnic:V1.07,3641.56280,05235.1760,000,260703,172001,078,000,1,3,1,861292053604220"},{"data":"+Hooshnic:V1.07,3641.56800,05235.2178,000,260703,172004,080,000,1,3,1,861292053604220"},{"data":"+Hooshnic:V1.07,3641.57270,05235.2586,000,260703,172007,078,000,1,3,1,861292053604220"},{"data":"+Hooshnic:V1.07,3641.57680,05235.3000,000,260703,172010,080,000,1,3,1,861292053604220"},{"data":"+Hooshnic:V1.07,3641.58090,05235.3417,000,260703,172013,078,001,1,3,1,861292053604220"},{"data":"+Hooshnic:V1.07,3641.58450,05235.3818,000,260703,172016,074,000,1,3,1,861292053604220"},{}]....................................................................ADDRESS_LOCATION = 1277952AT+CIPSTART="TCP","api.hooshnics.com",80
AT+CIPSEND=1701
POST /api/gps/reports HTTP/1.1
Host: api.hooshnics.com
Content-Type: application/json
Content-Length: 1588

[{"data":"+Hooshnic:V1.07,3641.50740,05234.4599,000,260703,171839,028,000,1,3,1,861292053604220"},{"data":"+Hooshnic:V1.07,3641.50880,05234.4761,000,260703,171842,032,000,1,3,1,861292053604220"},{"data":"+Hooshnic:V1.07,3641.51060,05234.4946,000,260703,171845,038,000,1,3,1,861292053604220"},{"data":"+Hooshnic:V1.07,3641.51240,05234.5155,000,260703,171848,042,000,1,3,1,861292053604220"},{"data":"+Hooshnic:V1.07,3641.51350,05234.5346,000,260703,171851,028,000,1,3,1,861292053604220"},{"data":"+Hooshnic:V1.07,3641.51420,05234.5443,000,260703,171853,028,000,1,3,1,861292053604220"},{"data":"+Hooshnic:V1.07,3641.51570,05234.5607,000,260703,171856,034,000,1,3,1,861292053604220"},{"data":"+Hooshnic:V1.07,3641.51730,05234.5815,000,260703,171859,042,000,1,3,1,861292053604220"},{"data":"+Hooshnic:V1.07,3641.51940,05234.6051,000,260703,171902,046,000,1,3,1,861292053604220"},{"data":"+Hooshnic:V1.07,3641.52130,05234.6305,000,260703,171905,050,000,1,3,1,861292053604220"},{"data":"+Hooshnic:V1.07,3641.52860,05234.7323,000,260703,171916,054,000,1,3,1,861292053604220"},{"data":"+Hooshnic:V1.07,3641.53060,05234.7587,000,260703,171919,046,000,1,3,1,861292053604220"},{"data":"+Hooshnic:V1.07,3641.53220,05234.7792,000,260703,171922,032,002,1,3,1,861292053604220"},{"data":"+Hooshnic:V1.07,3641.53320,05234.7927,000,260703,171925,026,000,1,3,1,861292053604220"},{"data":"+Hooshnic:V1.07,3641.53350,05234.8023,000,260703,171927,030,000,1,3,1,861292053604220"},{"data":"+Hooshnic:V1.07,3641.53500,05234.8223,000,260703,171930,042,001,1,3,1,861292053604220"},{}]....................................................................ADDRESS_LOCATION = 1273856AT+CIPSTART="TCP","api.hooshnics.com",80
AT+CIPSEND=1701
POST /api/gps/reports HTTP/1.1
Host: api.hooshnics.com
Content-Type: application/json
Content-Length: 1588

[{"data":"+Hooshnic:V1.07,3641.49620,05234.3271,000,260703,171754,008,002,1,3,1,861292053604220"},{"data":"+Hooshnic:V1.07,3641.49660,05234.3311,000,260703,171757,006,000,1,3,1,861292053604220"},{"data":"+Hooshnic:V1.07,3641.49710,05234.3355,000,260703,171800,008,000,1,3,1,861292053604220"},{"data":"+Hooshnic:V1.07,3641.49760,05234.3387,000,260703,171802,008,003,1,3,1,861292053604220"},{"data":"+Hooshnic:V1.07,3641.49830,05234.3425,000,260703,171805,006,000,1,3,1,861292053604220"},{"data":"+Hooshnic:V1.07,3641.49880,05234.3468,000,260703,171808,010,000,1,3,1,861292053604220"},{"data":"+Hooshnic:V1.07,3641.49930,05234.3535,000,260703,171811,014,005,1,3,1,861292053604220"},{"data":"+Hooshnic:V1.07,3641.49960,05234.3619,000,260703,171814,016,000,1,3,1,861292053604220"},{"data":"+Hooshnic:V1.07,3641.50030,05234.3711,000,260703,171817,016,000,1,3,1,861292053604220"},{"data":"+Hooshnic:V1.07,3641.50080,05234.3768,000,260703,171819,014,001,1,3,1,861292053604220"},{"data":"+Hooshnic:V1.07,3641.50150,05234.3844,000,260703,171822,014,000,1,3,1,861292053604220"},{"data":"+Hooshnic:V1.07,3641.50220,05234.3946,000,260703,171825,020,000,1,3,1,861292053604220"},{"data":"+Hooshnic:V1.07,3641.50310,05234.4074,000,260703,171828,024,002,1,3,1,861292053604220"},{"data":"+Hooshnic:V1.07,3641.50400,05234.4198,000,260703,171831,022,000,1,3,1,861292053604220"},{"data":"+Hooshnic:V1.07,3641.50540,05234.4345,000,260703,171834,028,000,1,3,1,861292053604220"},{"data":"+Hooshnic:V1.07,3641.50620,05234.4448,000,260703,171836,028,000,1,3,1,861292053604220"},{}]....................................................................ADDRESS_LOCATION = 1269760AT+CIPSTART="TCP","api.hooshnics.com",80
AT+CIPSEND=1701
POST /api/gps/reports HTTP/1.1
Host: api.hooshnics.com
Content-Type: application/json
Content-Length: 1588

[{"data":"+Hooshnic:V1.07,3641.49210,05234.2656,000,260703,171708,002,000,1,3,1,861292053604220"},{"data":"+Hooshnic:V1.07,3641.49280,05234.2716,000,260703,171711,014,000,1,3,1,861292053604220"},{"data":"+Hooshnic:V1.07,3641.49350,05234.2801,000,260703,171714,012,000,1,3,1,861292053604220"},{"data":"+Hooshnic:V1.07,3641.49420,05234.2850,000,260703,171717,004,000,1,3,1,861292053604220"},{"data":"+Hooshnic:V1.07,3641.49460,05234.2866,000,260703,171720,000,006,1,3,1,861292053604220"},{"data":"+Hooshnic:V1.07,3641.49480,05234.2866,000,260703,171723,000,000,1,3,1,861292053604220"},{"data":"+Hooshnic:V1.07,3641.49480,05234.2866,000,260703,171725,000,000,1,3,1,861292053604220"},{"data":"+Hooshnic:V1.07,3641.49480,05234.2866,000,260703,171728,000,000,1,3,1,861292053604220"},{"data":"+Hooshnic:V1.07,3641.49480,05234.2866,000,260703,171731,000,000,1,3,1,861292053604220"},{"data":"+Hooshnic:V1.07,3641.49480,05234.2866,000,260703,171734,000,000,1,3,1,861292053604220"},{"data":"+Hooshnic:V1.07,3641.49480,05234.2866,000,260703,171737,000,000,1,3,1,861292053604220"},{"data":"+Hooshnic:V1.07,3641.49480,05234.2866,000,260703,171740,000,000,1,3,1,861292053604220"},{"data":"+Hooshnic:V1.07,3641.49490,05234.2932,000,260703,171743,018,000,1,3,1,861292053604220"},{"data":"+Hooshnic:V1.07,3641.49500,05234.3013,000,260703,171745,022,002,1,3,1,861292053604220"},{"data":"+Hooshnic:V1.07,3641.49560,05234.3117,000,260703,171748,014,000,1,3,1,861292053604220"},{"data":"+Hooshnic:V1.07,3641.49590,05234.3195,000,260703,171751,016,000,1,3,1,861292053604220"},{}]....................................................................ADDRESS_LOCATION = 1265664AT+CIPSTART="TCP","api.hooshnics.com",80
AT+CIPSEND=1701
POST /api/gps/reports HTTP/1.1
Host: api.hooshnics.com
Content-Type: application/json
Content-Length: 1588

[{"data":"+Hooshnic:V1.07,3641.49230,05234.2589,000,260703,171615,000,000,1,3,1,861292053604220"},{"data":"+Hooshnic:V1.07,3641.49230,05234.2589,000,260703,171618,000,000,1,3,1,861292053604220"},{"data":"+Hooshnic:V1.07,3641.49230,05234.2589,000,260703,171620,000,000,1,3,1,861292053604220"},{"data":"+Hooshnic:V1.07,3641.49230,05234.2589,000,260703,171623,000,000,1,3,1,861292053604220"},{"data":"+Hooshnic:V1.07,3641.49230,05234.2589,000,260703,171626,000,000,1,3,1,861292053604220"},{"data":"+Hooshnic:V1.07,3641.49230,05234.2589,000,260703,171629,000,000,1,3,1,861292053604220"},{"data":"+Hooshnic:V1.07,3641.49230,05234.2589,000,260703,171632,000,000,1,3,1,861292053604220"},{"data":"+Hooshnic:V1.07,3641.49230,05234.2589,000,260703,171635,000,000,1,3,1,861292053604220"},{"data":"+Hooshnic:V1.07,3641.49230,05234.2589,000,260703,171637,000,000,1,3,1,861292053604220"},{"data":"+Hooshnic:V1.07,3641.49290,05234.2623,000,260703,171649,008,000,1,3,1,861292053604220"},{"data":"+Hooshnic:V1.07,3641.49230,05234.2648,000,260703,171651,000,000,1,3,1,861292053604220"},{"data":"+Hooshnic:V1.07,3641.49190,05234.2648,000,260703,171654,000,000,1,3,1,861292053604220"},{"data":"+Hooshnic:V1.07,3641.49190,05234.2648,000,260703,171657,000,000,1,3,1,861292053604220"},{"data":"+Hooshnic:V1.07,3641.49190,05234.2648,000,260703,171700,000,000,1,3,1,861292053604220"},{"data":"+Hooshnic:V1.07,3641.49190,05234.2648,000,260703,171703,000,000,1,3,1,861292053604220"},{"data":"+Hooshnic:V1.07,3641.49190,05234.2648,000,260703,171706,000,000,1,3,1,861292053604220"},{}]....................................................................ADDRESS_LOCATION = 1261568AT+CIPSTART="TCP","api.hooshnics.com",80
AT+CIPSEND=1701
POST /api/gps/reports HTTP/1.1
Host: api.hooshnics.com
Content-Type: application/json
Content-Length: 1588

[{"data":"+Hooshnic:V1.07,3641.48600,05234.1790,000,260703,171529,012,000,1,3,1,861292053604220"},{"data":"+Hooshnic:V1.07,3641.48690,05234.1898,000,260703,171532,022,000,1,3,1,861292053604220"},{"data":"+Hooshnic:V1.07,3641.48760,05234.2019,000,260703,171535,020,003,1,3,1,861292053604220"},{"data":"+Hooshnic:V1.07,3641.48830,05234.2121,000,260703,171538,016,000,1,3,1,861292053604220"},{"data":"+Hooshnic:V1.07,3641.48910,05234.2181,000,260703,171541,000,000,1,3,1,861292053604220"},{"data":"+Hooshnic:V1.07,3641.48950,05234.2189,000,260703,171543,000,000,1,3,1,861292053604220"},{"data":"+Hooshnic:V1.07,3641.49010,05234.2191,000,260703,171546,000,000,1,3,1,861292053604220"},{"data":"+Hooshnic:V1.07,3641.49010,05234.2191,000,260703,171549,000,000,1,3,1,861292053604220"},{"data":"+Hooshnic:V1.07,3641.49050,05234.2196,000,260703,171552,006,008,1,3,1,861292053604220"},{"data":"+Hooshnic:V1.07,3641.49070,05234.2289,000,260703,171555,022,000,1,3,1,861292053604220"},{"data":"+Hooshnic:V1.07,3641.49100,05234.2418,000,260703,171558,022,000,1,3,1,861292053604220"},{"data":"+Hooshnic:V1.07,3641.49140,05234.2491,000,260703,171600,020,000,1,3,1,861292053604220"},{"data":"+Hooshnic:V1.07,3641.49210,05234.2572,000,260703,171603,010,000,1,3,1,861292053604220"},{"data":"+Hooshnic:V1.07,3641.49240,05234.2590,000,260703,171606,000,000,1,3,1,861292053604220"},{"data":"+Hooshnic:V1.07,3641.49230,05234.2589,000,260703,171609,000,000,1,3,1,861292053604220"},{"data":"+Hooshnic:V1.07,3641.49230,05234.2589,000,260703,171612,000,000,1,3,1,861292053604220"},{}]....................................................................ADDRESS_LOCATION = 1257472AT+CIPSTART="TCP","api.hooshnics.com",80
AT+CIPSEND=1701
POST /api/gps/reports HTTP/1.1
Host: api.hooshnics.com
Content-Type: application/json
Content-Length: 1588

[{"data":"+Hooshnic:V1.07,3641.47940,05234.1214,000,260703,171444,030,000,1,3,1,861292053604220"},{"data":"+Hooshnic:V1.07,3641.48110,05234.1379,000,260703,171447,030,000,1,3,1,861292053604220"},{"data":"+Hooshnic:V1.07,3641.48240,05234.1502,000,260703,171450,016,000,1,3,1,861292053604220"},{"data":"+Hooshnic:V1.07,3641.48290,05234.1540,000,260703,171452,006,005,1,3,1,861292053604220"},{"data":"+Hooshnic:V1.07,3641.48310,05234.1553,000,260703,171455,000,000,1,3,1,861292053604220"},{"data":"+Hooshnic:V1.07,3641.48310,05234.1553,000,260703,171458,000,000,1,3,1,861292053604220"},{"data":"+Hooshnic:V1.07,3641.48330,05234.1582,000,260703,171501,014,010,1,3,1,861292053604220"},{"data":"+Hooshnic:V1.07,3641.48400,05234.1683,000,260703,171504,018,000,1,3,1,861292053604220"},{"data":"+Hooshnic:V1.07,3641.48480,05234.1749,000,260703,171507,010,000,1,3,1,861292053604220"},{"data":"+Hooshnic:V1.07,3641.48540,05234.1763,000,260703,171509,000,000,1,3,1,861292053604220"},{"data":"+Hooshnic:V1.07,3641.48530,05234.1764,000,260703,171512,000,000,1,3,1,861292053604220"},{"data":"+Hooshnic:V1.07,3641.48530,05234.1764,000,260703,171515,000,000,1,3,1,861292053604220"},{"data":"+Hooshnic:V1.07,3641.48530,05234.1764,000,260703,171518,000,000,1,3,1,861292053604220"},{"data":"+Hooshnic:V1.07,3641.48530,05234.1764,000,260703,171521,000,000,1,3,1,861292053604220"},{"data":"+Hooshnic:V1.07,3641.48530,05234.1764,000,260703,171524,000,000,1,3,1,861292053604220"},{"data":"+Hooshnic:V1.07,3641.48530,05234.1764,000,260703,171526,000,000,1,3,1,861292053604220"},{}]....................................................................ADDRESS_LOCATION = 1253376AT+CIPSTART="TCP","api.hooshnics.com",80
AT+CIPSEND=1701
POST /api/gps/reports HTTP/1.1
Host: api.hooshnics.com
Content-Type: application/json
Content-Length: 1588

[{"data":"+Hooshnic:V1.07,3641.47470,05234.0599,000,260703,171350,000,000,1,3,1,861292053604220"},{"data":"+Hooshnic:V1.07,3641.47500,05234.0600,000,260703,171353,000,000,1,3,1,861292053604220"},{"data":"+Hooshnic:V1.07,3641.47500,05234.0600,000,260703,171356,000,000,1,3,1,861292053604220"},{"data":"+Hooshnic:V1.07,3641.47500,05234.0600,000,260703,171359,000,000,1,3,1,861292053604220"},{"data":"+Hooshnic:V1.07,3641.47500,05234.0600,000,260703,171402,000,000,1,3,1,861292053604220"},{"data":"+Hooshnic:V1.07,3641.47570,05234.0612,000,260703,171405,004,000,1,3,1,861292053604220"},{"data":"+Hooshnic:V1.07,3641.47630,05234.0675,000,260703,171408,014,002,1,3,1,861292053604220"},{"data":"+Hooshnic:V1.07,3641.47650,05234.0730,000,260703,171410,014,000,1,3,1,861292053604220"},{"data":"+Hooshnic:V1.07,3641.47640,05234.0813,000,260703,171422,000,000,1,3,1,861292053604220"},{"data":"+Hooshnic:V1.07,3641.47640,05234.0813,000,260703,171424,000,000,1,3,1,861292053604220"},{"data":"+Hooshnic:V1.07,3641.47640,05234.0813,000,260703,171427,000,000,1,3,1,861292053604220"},{"data":"+Hooshnic:V1.07,3641.47640,05234.0813,000,260703,171430,000,000,1,3,1,861292053604220"},{"data":"+Hooshnic:V1.07,3641.47640,05234.0813,000,260703,171432,000,000,1,3,1,861292053604220"},{"data":"+Hooshnic:V1.07,3641.47640,05234.0813,000,260703,171435,000,000,1,3,1,861292053604220"},{"data":"+Hooshnic:V1.07,3641.47810,05234.0896,000,260703,171438,018,000,1,3,1,861292053604220"},{"data":"+Hooshnic:V1.07,3641.47850,05234.1042,000,260703,171441,030,000,1,3,1,861292053604220"},{}]....................................................................ADDRESS_LOCATION = 1249280AT+CIPSTART="TCP","api.hooshnics.com",80
AT+CIPSEND=1701
POST /api/gps/reports HTTP/1.1
Host: api.hooshnics.com
Content-Type: application/json
Content-Length: 1588

[{"data":"+Hooshnic:V1.07,3641.46900,05233.9954,000,260703,171305,000,000,1,3,1,861292053604220"},{"data":"+Hooshnic:V1.07,3641.46900,05233.9954,000,260703,171307,000,000,1,3,1,861292053604220"},{"data":"+Hooshnic:V1.07,3641.46900,05233.9954,000,260703,171310,000,000,1,3,1,861292053604220"},{"data":"+Hooshnic:V1.07,3641.46950,05233.9976,000,260703,171313,004,000,1,3,1,861292053604220"},{"data":"+Hooshnic:V1.07,3641.46970,05234.0024,000,260703,171316,008,005,1,3,1,861292053604220"},{"data":"+Hooshnic:V1.07,3641.46990,05234.0047,000,260703,171319,000,000,1,3,1,861292053604220"},{"data":"+Hooshnic:V1.07,3641.47000,05234.0047,000,260703,171322,000,000,1,3,1,861292053604220"},{"data":"+Hooshnic:V1.07,3641.47000,05234.0047,000,260703,171325,000,000,1,3,1,861292053604220"},{"data":"+Hooshnic:V1.07,3641.47000,05234.0047,000,260703,171327,000,000,1,3,1,861292053604220"},{"data":"+Hooshnic:V1.07,3641.47070,05234.0087,000,260703,171330,006,000,1,3,1,861292053604220"},{"data":"+Hooshnic:V1.07,3641.47030,05234.0124,000,260703,171333,006,005,1,3,1,861292053604220"},{"data":"+Hooshnic:V1.07,3641.47050,05234.0152,000,260703,171336,004,000,1,3,1,861292053604220"},{"data":"+Hooshnic:V1.07,3641.47080,05234.0226,000,260703,171339,024,000,1,3,1,861292053604220"},{"data":"+Hooshnic:V1.07,3641.47140,05234.0390,000,260703,171342,032,003,1,3,1,861292053604220"},{"data":"+Hooshnic:V1.07,3641.47240,05234.0501,000,260703,171344,028,000,1,3,1,861292053604220"},{"data":"+Hooshnic:V1.07,3641.47380,05234.0594,000,260703,171347,006,000,1,3,1,861292053604220"},{}]....................................................................ADDRESS_LOCATION = 1245184AT+CIPSTART="TCP","api.hooshnics.com",80
AT+CIPSEND=1701
POST /api/gps/reports HTTP/1.1
Host: api.hooshnics.com
Content-Type: application/json
Content-Length: 1588

[{"data":"+Hooshnic:V1.07,3641.46550,05233.9596,000,260703,171219,018,000,1,3,1,861292053604220"},{"data":"+Hooshnic:V1.07,3641.46660,05233.9692,000,260703,171222,016,000,1,3,1,861292053604220"},{"data":"+Hooshnic:V1.07,3641.46750,05233.9759,000,260703,171225,008,000,1,3,1,861292053604220"},{"data":"+Hooshnic:V1.07,3641.46780,05233.9772,000,260703,171228,000,000,1,3,1,861292053604220"},{"data":"+Hooshnic:V1.07,3641.46780,05233.9772,000,260703,171231,000,000,1,3,1,861292053604220"},{"data":"+Hooshnic:V1.07,3641.46780,05233.9772,000,260703,171234,000,000,1,3,1,861292053604220"},{"data":"+Hooshnic:V1.07,3641.46780,05233.9772,000,260703,171236,000,000,1,3,1,861292053604220"},{"data":"+Hooshnic:V1.07,3641.46780,05233.9772,000,260703,171239,000,000,1,3,1,861292053604220"},{"data":"+Hooshnic:V1.07,3641.46780,05233.9772,000,260703,171242,000,000,1,3,1,861292053604220"},{"data":"+Hooshnic:V1.07,3641.46780,05233.9772,000,260703,171245,000,000,1,3,1,861292053604220"},{"data":"+Hooshnic:V1.07,3641.46780,05233.9772,000,260703,171248,000,000,1,3,1,861292053604220"},{"data":"+Hooshnic:V1.07,3641.46820,05233.9821,000,260703,171251,014,008,1,3,1,861292053604220"},{"data":"+Hooshnic:V1.07,3641.46850,05233.9881,000,260703,171253,016,000,1,3,1,861292053604220"},{"data":"+Hooshnic:V1.07,3641.46890,05233.9952,000,260703,171256,002,000,1,3,1,861292053604220"},{"data":"+Hooshnic:V1.07,3641.46900,05233.9952,000,260703,171259,000,015,1,3,1,861292053604220"},{"data":"+Hooshnic:V1.07,3641.46900,05233.9954,000,260703,171302,000,000,1,3,1,861292053604220"},{}]....................................................................ADDRESS_LOCATION = 1241088AT+CIPSTART="TCP","api.hooshnics.com",80
AT+CIPSEND=1701
POST /api/gps/reports HTTP/1.1
Host: api.hooshnics.com
Content-Type: application/json
Content-Length: 1588

[{"data":"+Hooshnic:V1.07,3641.46360,05233.9156,000,260703,171126,010,000,1,3,1,861292053604220"},{"data":"+Hooshnic:V1.07,3641.46400,05233.9198,000,260703,171128,012,000,1,3,1,861292053604220"},{"data":"+Hooshnic:V1.07,3641.46410,05233.9259,000,260703,171131,010,001,1,3,1,861292053604220"},{"data":"+Hooshnic:V1.07,3641.46420,05233.9333,000,260703,171134,018,000,1,3,1,861292053604220"},{"data":"+Hooshnic:V1.07,3641.46480,05233.9416,000,260703,171137,012,000,1,3,1,861292053604220"},{"data":"+Hooshnic:V1.07,3641.46520,05233.9479,000,260703,171140,010,003,1,3,1,861292053604220"},{"data":"+Hooshnic:V1.07,3641.46530,05233.9499,000,260703,171143,000,000,1,3,1,861292053604220"},{"data":"+Hooshnic:V1.07,3641.46520,05233.9499,000,260703,171154,000,000,1,3,1,861292053604220"},{"data":"+Hooshnic:V1.07,3641.46520,05233.9499,000,260703,171157,000,000,1,3,1,861292053604220"},{"data":"+Hooshnic:V1.07,3641.46520,05233.9499,000,260703,171200,000,000,1,3,1,861292053604220"},{"data":"+Hooshnic:V1.07,3641.46520,05233.9499,000,260703,171202,000,000,1,3,1,861292053604220"},{"data":"+Hooshnic:V1.07,3641.46520,05233.9499,000,260703,171205,000,000,1,3,1,861292053604220"},{"data":"+Hooshnic:V1.07,3641.46520,05233.9499,000,260703,171208,000,000,1,3,1,861292053604220"},{"data":"+Hooshnic:V1.07,3641.46520,05233.9499,000,260703,171211,000,000,1,3,1,861292053604220"},{"data":"+Hooshnic:V1.07,3641.46520,05233.9499,000,260703,171214,000,000,1,3,1,861292053604220"},{"data":"+Hooshnic:V1.07,3641.46400,05233.9503,000,260703,171216,006,014,1,3,1,861292053604220"},{}]....................................................................ADDRESS_LOCATION = 1236992AT+CIPSTART="TCP","api.hooshnics.com",80
AT+CIPSEND=1701
POST /api/gps/reports HTTP/1.1
Host: api.hooshnics.com
Content-Type: application/json
Content-Length: 1588

[{"data":"+Hooshnic:V1.07,3641.46070,05233.8865,000,260703,171040,008,005,1,3,1,861292053604220"},{"data":"+Hooshnic:V1.07,3641.46110,05233.8920,000,260703,171043,010,000,1,3,1,861292053604220"},{"data":"+Hooshnic:V1.07,3641.46150,05233.8975,000,260703,171046,008,000,1,3,1,861292053604220"},{"data":"+Hooshnic:V1.07,3641.46150,05233.8994,000,260703,171049,000,000,1,3,1,861292053604220"},{"data":"+Hooshnic:V1.07,3641.46170,05233.9014,000,260703,171052,000,000,1,3,1,861292053604220"},{"data":"+Hooshnic:V1.07,3641.46180,05233.9037,000,260703,171054,000,000,1,3,1,861292053604220"},{"data":"+Hooshnic:V1.07,3641.46190,05233.9044,000,260703,171057,000,000,1,3,1,861292053604220"},{"data":"+Hooshnic:V1.07,3641.46220,05233.9045,000,260703,171100,000,000,1,3,1,861292053604220"},{"data":"+Hooshnic:V1.07,3641.46220,05233.9045,000,260703,171103,000,000,1,3,1,861292053604220"},{"data":"+Hooshnic:V1.07,3641.46220,05233.9045,000,260703,171106,000,000,1,3,1,861292053604220"},{"data":"+Hooshnic:V1.07,3641.46220,05233.9045,000,260703,171109,000,000,1,3,1,861292053604220"},{"data":"+Hooshnic:V1.07,3641.46220,05233.9045,000,260703,171111,000,000,1,3,1,861292053604220"},{"data":"+Hooshnic:V1.07,3641.46220,05233.9045,000,260703,171114,000,000,1,3,1,861292053604220"},{"data":"+Hooshnic:V1.07,3641.46220,05233.9045,000,260703,171117,000,000,1,3,1,861292053604220"},{"data":"+Hooshnic:V1.07,3641.46220,05233.9045,000,260703,171120,000,000,1,3,1,861292053604220"},{"data":"+Hooshnic:V1.07,3641.46270,05233.9093,000,260703,171123,008,008,1,3,1,861292053604220"},{}]....................................................................ADDRESS_LOCATION = 1232896AT+CIPSTART="TCP","api.hooshnics.com",80
AT+CIPSEND=1701
POST /api/gps/reports HTTP/1.1
Host: api.hooshnics.com
Content-Type: application/json
Content-Length: 1588

[{"data":"+Hooshnic:V1.07,3641.45220,05233.8060,000,260703,170955,012,000,1,3,1,861292053604220"},{"data":"+Hooshnic:V1.07,3641.45270,05233.8122,000,260703,170958,014,004,1,3,1,861292053604220"},{"data":"+Hooshnic:V1.07,3641.45330,05233.8204,000,260703,171001,016,000,1,3,1,861292053604220"},{"data":"+Hooshnic:V1.07,3641.45400,05233.8253,000,260703,171003,010,000,1,3,1,861292053604220"},{"data":"+Hooshnic:V1.07,3641.45500,05233.8287,000,260703,171006,004,000,1,3,1,861292053604220"},{"data":"+Hooshnic:V1.07,3641.45570,05233.8338,000,260703,171009,012,000,1,3,1,861292053604220"},{"data":"+Hooshnic:V1.07,3641.45620,05233.8403,000,260703,171012,010,000,1,3,1,861292053604220"},{"data":"+Hooshnic:V1.07,3641.45680,05233.8461,000,260703,171015,012,001,1,3,1,861292053604220"},{"data":"+Hooshnic:V1.07,3641.45730,05233.8507,000,260703,171017,014,000,1,3,1,861292053604220"},{"data":"+Hooshnic:V1.07,3641.45810,05233.8582,000,260703,171020,012,000,1,3,1,861292053604220"},{"data":"+Hooshnic:V1.07,3641.45850,05233.8622,000,260703,171023,004,000,1,3,1,861292053604220"},{"data":"+Hooshnic:V1.07,3641.45890,05233.8663,000,260703,171026,010,000,1,3,1,861292053604220"},{"data":"+Hooshnic:V1.07,3641.45920,05233.8712,000,260703,171029,006,000,1,3,1,861292053604220"},{"data":"+Hooshnic:V1.07,3641.45970,05233.8753,000,260703,171032,008,004,1,3,1,861292053604220"},{"data":"+Hooshnic:V1.07,3641.46020,05233.8804,000,260703,171035,008,000,1,3,1,861292053604220"},{"data":"+Hooshnic:V1.07,3641.46030,05233.8831,000,260703,171037,004,000,1,3,1,861292053604220"},{}]....................................................................ADDRESS_LOCATION = 1228800AT+CIPSTART="TCP","api.hooshnics.com",80
AT+CIPSEND=1701
POST /api/gps/reports HTTP/1.1
Host: api.hooshnics.com
Content-Type: application/json
Content-Length: 1588

[{"data":"+Hooshnic:V1.07,3641.41960,05233.5418,000,260703,170901,058,000,1,3,1,861292053604220"},{"data":"+Hooshnic:V1.07,3641.42310,05233.5726,000,260703,170904,060,000,1,3,1,861292053604220"},{"data":"+Hooshnic:V1.07,3641.42690,05233.6060,000,260703,170907,068,000,1,3,1,861292053604220"},{"data":"+Hooshnic:V1.07,3641.42970,05233.6308,000,260703,170909,074,000,1,3,1,861292053604220"},{"data":"+Hooshnic:V1.07,3641.43450,05233.6702,000,260703,170912,078,001,1,3,1,861292053604220"},{"data":"+Hooshnic:V1.07,3641.43890,05233.7046,000,260703,170915,054,000,1,3,1,861292053604220"},{"data":"+Hooshnic:V1.07,3641.44380,05233.7517,000,260703,170926,010,000,1,3,1,861292053604220"},{"data":"+Hooshnic:V1.07,3641.44460,05233.7582,000,260703,170929,014,000,1,3,1,861292053604220"},{"data":"+Hooshnic:V1.07,3641.44550,05233.7638,000,260703,170932,008,002,1,3,1,861292053604220"},{"data":"+Hooshnic:V1.07,3641.44600,05233.7667,000,260703,170935,004,000,1,3,1,861292053604220"},{"data":"+Hooshnic:V1.07,3641.44640,05233.7694,000,260703,170938,008,000,1,3,1,861292053604220"},{"data":"+Hooshnic:V1.07,3641.44730,05233.7727,000,260703,170941,004,000,1,3,1,861292053604220"},{"data":"+Hooshnic:V1.07,3641.44760,05233.7751,000,260703,170943,006,000,1,3,1,861292053604220"},{"data":"+Hooshnic:V1.07,3641.44790,05233.7809,000,260703,170946,014,000,1,3,1,861292053604220"},{"data":"+Hooshnic:V1.07,3641.44910,05233.7899,000,260703,170949,018,003,1,3,1,861292053604220"},{"data":"+Hooshnic:V1.07,3641.45100,05233.7984,000,260703,170952,016,000,1,3,1,861292053604220"},{}]....................................................................ADDRESS_LOCATION = 1224704AT+CIPSTART="TCP","api.hooshnics.com",80
AT+CIPSEND=1701
POST /api/gps/reports HTTP/1.1
Host: api.hooshnics.com
Content-Type: application/json
Content-Length: 1588

[{"data":"+Hooshnic:V1.07,3641.36960,05233.0762,000,260703,170816,046,000,1,3,1,861292053604220"},{"data":"+Hooshnic:V1.07,3641.37060,05233.0927,000,260703,170818,046,000,1,3,1,861292053604220"},{"data":"+Hooshnic:V1.07,3641.37210,05233.1157,000,260703,170821,040,001,1,3,1,861292053604220"},{"data":"+Hooshnic:V1.07,3641.37220,05233.1378,000,260703,170824,044,000,1,3,1,861292053604220"},{"data":"+Hooshnic:V1.07,3641.36920,05233.1637,000,260703,170827,050,000,1,3,1,861292053604220"},{"data":"+Hooshnic:V1.07,3641.36550,05233.1894,000,260703,170830,048,005,1,3,1,861292053604220"},{"data":"+Hooshnic:V1.07,3641.36650,05233.2067,000,260703,170832,050,000,1,3,1,861292053604220"},{"data":"+Hooshnic:V1.07,3641.37450,05233.2343,000,260703,170835,060,000,1,3,1,861292053604220"},{"data":"+Hooshnic:V1.07,3641.38510,05233.2653,000,260703,170838,068,003,1,3,1,861292053604220"},{"data":"+Hooshnic:V1.07,3641.39350,05233.3012,000,260703,170841,076,000,1,3,1,861292053604220"},{"data":"+Hooshnic:V1.07,3641.39840,05233.3403,000,260703,170844,070,000,1,3,1,861292053604220"},{"data":"+Hooshnic:V1.07,3641.40260,05233.3742,000,260703,170847,064,001,1,3,1,861292053604220"},{"data":"+Hooshnic:V1.07,3641.40650,05233.4102,000,260703,170850,072,000,1,3,1,861292053604220"},{"data":"+Hooshnic:V1.07,3641.40920,05233.4353,000,260703,170852,072,000,1,3,1,861292053604220"},{"data":"+Hooshnic:V1.07,3641.41310,05233.4727,000,260703,170855,070,001,1,3,1,861292053604220"},{"data":"+Hooshnic:V1.07,3641.41630,05233.5089,000,260703,170858,070,000,1,3,1,861292053604220"},{}]....................................................................ADDRESS_LOCATION = 1220608AT+CIPSTART="TCP","api.hooshnics.com",80
AT+CIPSEND=1701
POST /api/gps/reports HTTP/1.1
Host: api.hooshnics.com
Content-Type: application/json
Content-Length: 1588

[{"data":"+Hooshnic:V1.07,3641.31810,05232.6279,000,260703,170730,048,001,1,3,1,861292053604220"},{"data":"+Hooshnic:V1.07,3641.32110,05232.6547,000,260703,170733,054,000,1,3,1,861292053604220"},{"data":"+Hooshnic:V1.07,3641.32440,05232.6828,000,260703,170736,054,000,1,3,1,861292053604220"},{"data":"+Hooshnic:V1.07,3641.32910,05232.7137,000,260703,170739,064,001,1,3,1,861292053604220"},{"data":"+Hooshnic:V1.07,3641.33120,05232.7360,000,260703,170741,064,000,1,3,1,861292053604220"},{"data":"+Hooshnic:V1.07,3641.33450,05232.7686,000,260703,170744,060,000,1,3,1,861292053604220"},{"data":"+Hooshnic:V1.07,3641.33920,05232.7988,000,260703,170747,056,001,1,3,1,861292053604220"},{"data":"+Hooshnic:V1.07,3641.34310,05232.8284,000,260703,170750,058,000,1,3,1,861292053604220"},{"data":"+Hooshnic:V1.07,3641.34660,05232.8597,000,260703,170753,060,000,1,3,1,861292053604220"},{"data":"+Hooshnic:V1.07,3641.34950,05232.8905,000,260703,170756,058,003,1,3,1,861292053604220"},{"data":"+Hooshnic:V1.07,3641.35190,05232.9216,000,260703,170759,060,000,1,3,1,861292053604220"},{"data":"+Hooshnic:V1.07,3641.35390,05232.9404,000,260703,170801,052,000,1,3,1,861292053604220"},{"data":"+Hooshnic:V1.07,3641.35700,05232.9685,000,260703,170804,052,000,1,3,1,861292053604220"},{"data":"+Hooshnic:V1.07,3641.36070,05232.9995,000,260703,170807,062,000,1,3,1,861292053604220"},{"data":"+Hooshnic:V1.07,3641.36430,05233.0292,000,260703,170810,052,000,1,3,1,861292053604220"},{"data":"+Hooshnic:V1.07,3641.36750,05233.0531,000,260703,170813,042,001,1,3,1,861292053604220"},{}]....................................................................ADDRESS_LOCATION = 1216512AT+CIPSTART="TCP","api.hooshnics.com",80
AT+CIPSEND=1701
POST /api/gps/reports HTTP/1.1
Host: api.hooshnics.com
Content-Type: application/json
Content-Length: 1588

[{"data":"+Hooshnic:V1.07,3641.24130,05232.1328,000,260703,170636,052,001,1,3,1,861292053604220"},{"data":"+Hooshnic:V1.07,3641.24570,05232.1593,000,260703,170639,050,000,1,3,1,861292053604220"},{"data":"+Hooshnic:V1.07,3641.25050,05232.1843,000,260703,170642,048,000,1,3,1,861292053604220"},{"data":"+Hooshnic:V1.07,3641.25450,05232.2062,000,260703,170645,036,000,1,3,1,861292053604220"},{"data":"+Hooshnic:V1.07,3641.25840,05232.2234,000,260703,170648,032,000,1,3,1,861292053604220"},{"data":"+Hooshnic:V1.07,3641.27450,05232.3065,000,260703,170659,050,000,1,3,1,861292053604220"},{"data":"+Hooshnic:V1.07,3641.28020,05232.3344,000,260703,170702,058,000,1,3,1,861292053604220"},{"data":"+Hooshnic:V1.07,3641.28730,05232.3662,000,260703,170705,064,001,1,3,1,861292053604220"},{"data":"+Hooshnic:V1.07,3641.29180,05232.3885,000,260703,170707,066,000,1,3,1,861292053604220"},{"data":"+Hooshnic:V1.07,3641.29780,05232.4227,000,260703,170710,064,000,1,3,1,861292053604220"},{"data":"+Hooshnic:V1.07,3641.30160,05232.4532,000,260703,170713,056,000,1,3,1,861292053604220"},{"data":"+Hooshnic:V1.07,3641.30430,05232.4825,000,260703,170716,058,000,1,3,1,861292053604220"},{"data":"+Hooshnic:V1.07,3641.30720,05232.5140,000,260703,170719,064,000,1,3,1,861292053604220"},{"data":"+Hooshnic:V1.07,3641.31020,05232.5478,000,260703,170722,064,000,1,3,1,861292053604220"},{"data":"+Hooshnic:V1.07,3641.31210,05232.5702,000,260703,170724,062,000,1,3,1,861292053604220"},{"data":"+Hooshnic:V1.07,3641.31470,05232.6018,000,260703,170727,056,000,1,3,1,861292053604220"},{}]....................................................................ADDRESS_LOCATION = 1212416AT+CIPSTART="TCP","api.hooshnics.com",80
AT+CIPSEND=1701
POST /api/gps/reports HTTP/1.1
Host: api.hooshnics.com
Content-Type: application/json
Content-Length: 1588

[{"data":"+Hooshnic:V1.07,3641.20160,05231.9116,000,260703,170551,004,000,1,3,1,861292053604220"},{"data":"+Hooshnic:V1.07,3641.20270,05231.9159,000,260703,170554,010,001,1,3,1,861292053604220"},{"data":"+Hooshnic:V1.07,3641.20400,05231.9217,000,260703,170557,010,000,1,3,1,861292053604220"},{"data":"+Hooshnic:V1.07,3641.20490,05231.9262,000,260703,170559,012,000,1,3,1,861292053604220"},{"data":"+Hooshnic:V1.07,3641.20600,05231.9343,000,260703,170602,016,004,1,3,1,861292053604220"},{"data":"+Hooshnic:V1.07,3641.20730,05231.9436,000,260703,170605,016,000,1,3,1,861292053604220"},{"data":"+Hooshnic:V1.07,3641.20810,05231.9527,000,260703,170608,018,000,1,3,1,861292053604220"},{"data":"+Hooshnic:V1.07,3641.20890,05231.9630,000,260703,170611,020,001,1,3,1,861292053604220"},{"data":"+Hooshnic:V1.07,3641.20920,05231.9749,000,260703,170614,026,000,1,3,1,861292053604220"},{"data":"+Hooshnic:V1.07,3641.20980,05231.9843,000,260703,170616,030,000,1,3,1,861292053604220"},{"data":"+Hooshnic:V1.07,3641.21490,05232.0018,000,260703,170619,036,000,1,3,1,861292053604220"},{"data":"+Hooshnic:V1.07,3641.21980,05232.0219,000,260703,170622,044,000,1,3,1,861292053604220"},{"data":"+Hooshnic:V1.07,3641.22540,05232.0458,000,260703,170625,050,000,1,3,1,861292053604220"},{"data":"+Hooshnic:V1.07,3641.23000,05232.0708,000,260703,170628,046,001,1,3,1,861292053604220"},{"data":"+Hooshnic:V1.07,3641.23440,05232.0929,000,260703,170631,042,000,1,3,1,861292053604220"},{"data":"+Hooshnic:V1.07,3641.23840,05232.1155,000,260703,170634,046,000,1,3,1,861292053604220"},{}]....................................................................ADDRESS_LOCATION = 1208320AT+CIPSTART="TCP","api.hooshnics.com",80
AT+CIPSEND=1701
POST /api/gps/reports HTTP/1.1
Host: api.hooshnics.com
Content-Type: application/json
Content-Length: 1588

[{"data":"+Hooshnic:V1.07,3641.13950,05231.5809,000,260703,170506,068,000,1,3,1,861292053604220"},{"data":"+Hooshnic:V1.07,3641.14410,05231.6050,000,260703,170508,070,000,1,3,1,861292053604220"},{"data":"+Hooshnic:V1.07,3641.15080,05231.6398,000,260703,170511,064,001,1,3,1,861292053604220"},{"data":"+Hooshnic:V1.07,3641.15600,05231.6678,000,260703,170514,042,000,1,3,1,861292053604220"},{"data":"+Hooshnic:V1.07,3641.15960,05231.6901,000,260703,170517,046,000,1,3,1,861292053604220"},{"data":"+Hooshnic:V1.07,3641.16500,05231.7161,000,260703,170520,052,000,1,3,1,861292053604220"},{"data":"+Hooshnic:V1.07,3641.16960,05231.7420,000,260703,170523,048,000,1,3,1,861292053604220"},{"data":"+Hooshnic:V1.07,3641.17240,05231.7582,000,260703,170525,046,000,1,3,1,861292053604220"},{"data":"+Hooshnic:V1.07,3641.17620,05231.7800,000,260703,170528,040,000,1,3,1,861292053604220"},{"data":"+Hooshnic:V1.07,3641.17970,05231.8003,000,260703,170531,042,000,1,3,1,861292053604220"},{"data":"+Hooshnic:V1.07,3641.18360,05231.8235,000,260703,170534,048,000,1,3,1,861292053604220"},{"data":"+Hooshnic:V1.07,3641.18860,05231.8502,000,260703,170537,054,001,1,3,1,861292053604220"},{"data":"+Hooshnic:V1.07,3641.19280,05231.8764,000,260703,170540,046,000,1,3,1,861292053604220"},{"data":"+Hooshnic:V1.07,3641.19520,05231.8898,000,260703,170542,030,000,1,3,1,861292053604220"},{"data":"+Hooshnic:V1.07,3641.19760,05231.9012,000,260703,170545,018,003,1,3,1,861292053604220"},{"data":"+Hooshnic:V1.07,3641.20090,05231.9087,000,260703,170548,008,000,1,3,1,861292053604220"},{}]....................................................................ADDRESS_LOCATION = 1204224AT+CIPSTART="TCP","api.hooshnics.com",80
AT+CIPSEND=1701
POST /api/gps/reports HTTP/1.1
Host: api.hooshnics.com
Content-Type: application/json
Content-Length: 1588

[{"data":"+Hooshnic:V1.07,3641.09520,05231.1520,000,260703,170412,022,000,1,3,1,861292053604220"},{"data":"+Hooshnic:V1.07,3641.09650,05231.1613,000,260703,170414,030,000,1,3,1,861292053604220"},{"data":"+Hooshnic:V1.07,3641.09680,05231.1771,000,260703,170417,030,002,1,3,1,861292053604220"},{"data":"+Hooshnic:V1.07,3641.09650,05231.1962,000,260703,170420,040,000,1,3,1,861292053604220"},{"data":"+Hooshnic:V1.07,3641.09470,05231.2699,000,260703,170431,032,000,1,3,1,861292053604220"},{"data":"+Hooshnic:V1.07,3641.09460,05231.2882,000,260703,170434,040,000,1,3,1,861292053604220"},{"data":"+Hooshnic:V1.07,3641.09640,05231.3081,000,260703,170437,038,004,1,3,1,861292053604220"},{"data":"+Hooshnic:V1.07,3641.09630,05231.3304,000,260703,170440,044,000,1,3,1,861292053604220"},{"data":"+Hooshnic:V1.07,3641.09650,05231.3551,000,260703,170443,048,000,1,3,1,861292053604220"},{"data":"+Hooshnic:V1.07,3641.09940,05231.3800,000,260703,170446,046,003,1,3,1,861292053604220"},{"data":"+Hooshnic:V1.07,3641.10460,05231.4071,000,260703,170449,056,000,1,3,1,861292053604220"},{"data":"+Hooshnic:V1.07,3641.10880,05231.4273,000,260703,170451,060,000,1,3,1,861292053604220"},{"data":"+Hooshnic:V1.07,3641.11530,05231.4585,000,260703,170454,062,001,1,3,1,861292053604220"},{"data":"+Hooshnic:V1.07,3641.12190,05231.4896,000,260703,170457,058,000,1,3,1,861292053604220"},{"data":"+Hooshnic:V1.07,3641.12790,05231.5178,000,260703,170500,054,000,1,3,1,861292053604220"},{"data":"+Hooshnic:V1.07,3641.13350,05231.5470,000,260703,170503,060,002,1,3,1,861292053604220"},{}]....................................................................ADDRESS_LOCATION = 1200128AT+CIPSTART="TCP","api.hooshnics.com",80
AT+CIPSEND=1701
POST /api/gps/reports HTTP/1.1
Host: api.hooshnics.com
Content-Type: application/json
Content-Length: 1588

[{"data":"+Hooshnic:V1.07,3641.07910,05230.8866,000,260703,170326,050,000,1,3,1,861292053604220"},{"data":"+Hooshnic:V1.07,3641.08150,05230.9115,000,260703,170329,046,000,1,3,1,861292053604220"},{"data":"+Hooshnic:V1.07,3641.08480,05230.9369,000,260703,170332,050,000,1,3,1,861292053604220"},{"data":"+Hooshnic:V1.07,3641.08880,05230.9637,000,260703,170335,054,000,1,3,1,861292053604220"},{"data":"+Hooshnic:V1.07,3641.09250,05230.9905,000,260703,170338,048,000,1,3,1,861292053604220"},{"data":"+Hooshnic:V1.07,3641.09510,05231.0151,000,260703,170341,046,000,1,3,1,861292053604220"},{"data":"+Hooshnic:V1.07,3641.09590,05231.0304,000,260703,170343,042,000,1,3,1,861292053604220"},{"data":"+Hooshnic:V1.07,3641.09640,05231.0504,000,260703,170346,036,000,1,3,1,861292053604220"},{"data":"+Hooshnic:V1.07,3641.09640,05231.0682,000,260703,170349,032,000,1,3,1,861292053604220"},{"data":"+Hooshnic:V1.07,3641.09600,05231.0866,000,260703,170352,038,000,1,3,1,861292053604220"},{"data":"+Hooshnic:V1.07,3641.09500,05231.1070,000,260703,170355,032,000,1,3,1,861292053604220"},{"data":"+Hooshnic:V1.07,3641.09470,05231.1197,000,260703,170358,022,000,1,3,1,861292053604220"},{"data":"+Hooshnic:V1.07,3641.09440,05231.1276,000,260703,170400,022,002,1,3,1,861292053604220"},{"data":"+Hooshnic:V1.07,3641.09430,05231.1359,000,260703,170403,012,000,1,3,1,861292053604220"},{"data":"+Hooshnic:V1.07,3641.09450,05231.1406,000,260703,170406,002,000,1,3,1,861292053604220"},{"data":"+Hooshnic:V1.07,3641.09440,05231.1431,000,260703,170409,010,007,1,3,1,861292053604220"},{}]....................................................................ADDRESS_LOCATION = 1196032AT+CIPSTART="TCP","api.hooshnics.com",80
AT+CIPSEND=1701
POST /api/gps/reports HTTP/1.1
Host: api.hooshnics.com
Content-Type: application/json
Content-Length: 1588

[{"data":"+Hooshnic:V1.07,3641.03110,05230.5353,000,260703,170241,050,000,1,3,1,861292053604220"},{"data":"+Hooshnic:V1.07,3641.03480,05230.5623,000,260703,170244,052,000,1,3,1,861292053604220"},{"data":"+Hooshnic:V1.07,3641.03860,05230.5900,000,260703,170247,054,000,1,3,1,861292053604220"},{"data":"+Hooshnic:V1.07,3641.04100,05230.6080,000,260703,170249,048,000,1,3,1,861292053604220"},{"data":"+Hooshnic:V1.07,3641.04400,05230.6313,000,260703,170252,040,001,1,3,1,861292053604220"},{"data":"+Hooshnic:V1.07,3641.04610,05230.6485,000,260703,170255,028,000,1,3,1,861292053604220"},{"data":"+Hooshnic:V1.07,3641.04910,05230.6644,000,260703,170258,036,000,1,3,1,861292053604220"},{"data":"+Hooshnic:V1.07,3641.05200,05230.6863,000,260703,170301,046,000,1,3,1,861292053604220"},{"data":"+Hooshnic:V1.07,3641.05530,05230.7118,000,260703,170304,052,000,1,3,1,861292053604220"},{"data":"+Hooshnic:V1.07,3641.05890,05230.7382,000,260703,170307,050,000,1,3,1,861292053604220"},{"data":"+Hooshnic:V1.07,3641.06130,05230.7553,000,260703,170309,048,000,1,3,1,861292053604220"},{"data":"+Hooshnic:V1.07,3641.06490,05230.7773,000,260703,170312,036,000,1,3,1,861292053604220"},{"data":"+Hooshnic:V1.07,3641.06740,05230.7964,000,260703,170315,040,000,1,3,1,861292053604220"},{"data":"+Hooshnic:V1.07,3641.07100,05230.8200,000,260703,170318,048,000,1,3,1,861292053604220"},{"data":"+Hooshnic:V1.07,3641.07440,05230.8451,000,260703,170321,048,000,1,3,1,861292053604220"},{"data":"+Hooshnic:V1.07,3641.07720,05230.8699,000,260703,170324,046,000,1,3,1,861292053604220"},{}]....................................................................ADDRESS_LOCATION = 1191936AT+CIPSTART="TCP","api.hooshnics.com",80
AT+CIPSEND=1701
POST /api/gps/reports HTTP/1.1
Host: api.hooshnics.com
Content-Type: application/json
Content-Length: 1588

[{"data":"+Hooshnic:V1.07,3640.97280,05230.1645,000,260703,170147,066,000,1,3,1,861292053604220"},{"data":"+Hooshnic:V1.07,3640.97890,05230.1974,000,260703,170150,062,001,1,3,1,861292053604220"},{"data":"+Hooshnic:V1.07,3640.98380,05230.2278,000,260703,170153,054,000,1,3,1,861292053604220"},{"data":"+Hooshnic:V1.07,3640.99210,05230.2923,000,260703,170204,022,000,1,3,1,861292053604220"},{"data":"+Hooshnic:V1.07,3640.99350,05230.3020,000,260703,170207,022,000,1,3,1,861292053604220"},{"data":"+Hooshnic:V1.07,3640.99640,05230.3149,000,260703,170210,026,007,1,3,1,861292053604220"},{"data":"+Hooshnic:V1.07,3641.00090,05230.3291,000,260703,170213,034,000,1,3,1,861292053604220"},{"data":"+Hooshnic:V1.07,3641.00360,05230.3411,000,260703,170215,036,000,1,3,1,861292053604220"},{"data":"+Hooshnic:V1.07,3641.00690,05230.3591,000,260703,170218,034,000,1,3,1,861292053604220"},{"data":"+Hooshnic:V1.07,3641.01010,05230.3769,000,260703,170221,034,000,1,3,1,861292053604220"},{"data":"+Hooshnic:V1.07,3641.01280,05230.3958,000,260703,170224,040,000,1,3,1,861292053604220"},{"data":"+Hooshnic:V1.07,3641.01590,05230.4193,000,260703,170227,046,001,1,3,1,861292053604220"},{"data":"+Hooshnic:V1.07,3641.01930,05230.4430,000,260703,170230,046,000,1,3,1,861292053604220"},{"data":"+Hooshnic:V1.07,3641.02140,05230.4593,000,260703,170232,048,000,1,3,1,861292053604220"},{"data":"+Hooshnic:V1.07,3641.02440,05230.4846,000,260703,170235,048,001,1,3,1,861292053604220"},{"data":"+Hooshnic:V1.07,3641.02760,05230.5094,000,260703,170238,048,000,1,3,1,861292053604220"},{}]....................................................................ADDRESS_LOCATION = 1187840AT+CIPSTART="TCP","api.hooshnics.com",80
AT+CIPSEND=1701
POST /api/gps/reports HTTP/1.1
Host: api.hooshnics.com
Content-Type: application/json
Content-Length: 1588

[{"data":"+Hooshnic:V1.07,3640.88910,05229.7324,000,260703,170102,068,000,1,3,1,861292053604220"},{"data":"+Hooshnic:V1.07,3640.89560,05229.7633,000,260703,170105,058,000,1,3,1,861292053604220"},{"data":"+Hooshnic:V1.07,3640.89980,05229.7810,000,260703,170107,048,000,1,3,1,861292053604220"},{"data":"+Hooshnic:V1.07,3640.90490,05229.8037,000,260703,170110,044,000,1,3,1,861292053604220"},{"data":"+Hooshnic:V1.07,3640.91030,05229.8290,000,260703,170113,056,000,1,3,1,861292053604220"},{"data":"+Hooshnic:V1.07,3640.91620,05229.8581,000,260703,170116,058,002,1,3,1,861292053604220"},{"data":"+Hooshnic:V1.07,3640.92150,05229.8872,000,260703,170119,056,000,1,3,1,861292053604220"},{"data":"+Hooshnic:V1.07,3640.92690,05229.9158,000,260703,170122,056,000,1,3,1,861292053604220"},{"data":"+Hooshnic:V1.07,3640.93250,05229.9449,000,260703,170125,056,000,1,3,1,861292053604220"},{"data":"+Hooshnic:V1.07,3640.93630,05229.9639,000,260703,170127,056,000,1,3,1,861292053604220"},{"data":"+Hooshnic:V1.07,3640.94170,05229.9907,000,260703,170130,048,000,1,3,1,861292053604220"},{"data":"+Hooshnic:V1.07,3640.94640,05230.0173,000,260703,170133,056,001,1,3,1,861292053604220"},{"data":"+Hooshnic:V1.07,3640.95140,05230.0482,000,260703,170136,062,000,1,3,1,861292053604220"},{"data":"+Hooshnic:V1.07,3640.95740,05230.0806,000,260703,170139,062,000,1,3,1,861292053604220"},{"data":"+Hooshnic:V1.07,3640.96140,05230.1009,000,260703,170141,058,001,1,3,1,861292053604220"},{"data":"+Hooshnic:V1.07,3640.96680,05230.1315,000,260703,170144,062,000,1,3,1,861292053604220"},{}]....................................................................ADDRESS_LOCATION = 1183744AT+CIPSTART="TCP","api.hooshnics.com",80
AT+CIPSEND=1701
POST /api/gps/reports HTTP/1.1
Host: api.hooshnics.com
Content-Type: application/json
Content-Length: 1588

[{"data":"+Hooshnic:V1.07,3640.78450,05229.2266,000,260703,170016,082,001,1,3,1,861292053604220"},{"data":"+Hooshnic:V1.07,3640.79310,05229.2695,000,260703,170019,086,000,1,3,1,861292053604220"},{"data":"+Hooshnic:V1.07,3640.80240,05229.3135,000,260703,170022,084,000,1,3,1,861292053604220"},{"data":"+Hooshnic:V1.07,3640.81050,05229.3532,000,260703,170025,072,000,1,3,1,861292053604220"},{"data":"+Hooshnic:V1.07,3640.81760,05229.3879,000,260703,170028,066,000,1,3,1,861292053604220"},{"data":"+Hooshnic:V1.07,3640.82240,05229.4103,000,260703,170030,066,000,1,3,1,861292053604220"},{"data":"+Hooshnic:V1.07,3640.82910,05229.4443,000,260703,170033,070,000,1,3,1,861292053604220"},{"data":"+Hooshnic:V1.07,3640.83590,05229.4783,000,260703,170036,068,000,1,3,1,861292053604220"},{"data":"+Hooshnic:V1.07,3640.84230,05229.5113,000,260703,170039,066,000,1,3,1,861292053604220"},{"data":"+Hooshnic:V1.07,3640.84810,05229.5423,000,260703,170042,052,003,1,3,1,861292053604220"},{"data":"+Hooshnic:V1.07,3640.85380,05229.5669,000,260703,170045,048,000,1,3,1,861292053604220"},{"data":"+Hooshnic:V1.07,3640.85970,05229.5932,000,260703,170048,054,000,1,3,1,861292053604220"},{"data":"+Hooshnic:V1.07,3640.86420,05229.6117,000,260703,170050,054,001,1,3,1,861292053604220"},{"data":"+Hooshnic:V1.07,3640.87040,05229.6394,000,260703,170053,058,000,1,3,1,861292053604220"},{"data":"+Hooshnic:V1.07,3640.87590,05229.6684,000,260703,170056,058,000,1,3,1,861292053604220"},{"data":"+Hooshnic:V1.07,3640.88210,05229.6993,000,260703,170059,064,001,1,3,1,861292053604220"},{}]....................................................................ADDRESS_LOCATION = 1179648AT+CIPSTART="TCP","api.hooshnics.com",80
AT+CIPSEND=1701
POST /api/gps/reports HTTP/1.1
Host: api.hooshnics.com
Content-Type: application/json
Content-Length: 1588

[{"data":"+Hooshnic:V1.07,3640.64580,05228.5518,000,260703,165923,072,002,1,3,1,861292053604220"},{"data":"+Hooshnic:V1.07,3640.64950,05228.5763,000,260703,165925,070,000,1,3,1,861292053604220"},{"data":"+Hooshnic:V1.07,3640.67960,05228.7212,000,260703,165937,062,000,1,3,1,861292053604220"},{"data":"+Hooshnic:V1.07,3640.68610,05228.7518,000,260703,165940,058,000,1,3,1,861292053604220"},{"data":"+Hooshnic:V1.07,3640.69020,05228.7716,000,260703,165942,060,000,1,3,1,861292053604220"},{"data":"+Hooshnic:V1.07,3640.69700,05228.8044,000,260703,165945,068,000,1,3,1,861292053604220"},{"data":"+Hooshnic:V1.07,3640.70430,05228.8405,000,260703,165948,074,000,1,3,1,861292053604220"},{"data":"+Hooshnic:V1.07,3640.71210,05228.8798,000,260703,165951,080,001,1,3,1,861292053604220"},{"data":"+Hooshnic:V1.07,3640.72100,05228.9222,000,260703,165954,086,000,1,3,1,861292053604220"},{"data":"+Hooshnic:V1.07,3640.72730,05228.9510,000,260703,165956,086,000,1,3,1,861292053604220"},{"data":"+Hooshnic:V1.07,3640.73630,05228.9946,000,260703,165959,086,000,1,3,1,861292053604220"},{"data":"+Hooshnic:V1.07,3640.74580,05229.0402,000,260703,170002,090,000,1,3,1,861292053604220"},{"data":"+Hooshnic:V1.07,3640.75500,05229.0837,000,260703,170005,082,000,1,3,1,861292053604220"},{"data":"+Hooshnic:V1.07,3640.76340,05229.1231,000,260703,170008,076,000,1,3,1,861292053604220"},{"data":"+Hooshnic:V1.07,3640.77120,05229.1610,000,260703,170011,074,000,1,3,1,861292053604220"},{"data":"+Hooshnic:V1.07,3640.77650,05229.1865,000,260703,170013,076,000,1,3,1,861292053604220"},{}]....................................................................ADDRESS_LOCATION = 1175552AT+CIPSTART="TCP","api.hooshnics.com",80
AT+CIPSEND=1701
POST /api/gps/reports HTTP/1.1
Host: api.hooshnics.com
Content-Type: application/json
Content-Length: 1588

[{"data":"+Hooshnic:V1.07,3640.60940,05228.0991,000,260703,165837,034,000,1,3,1,861292053604220"},{"data":"+Hooshnic:V1.07,3640.61110,05228.1166,000,260703,165840,036,001,1,3,1,861292053604220"},{"data":"+Hooshnic:V1.07,3640.61250,05228.1367,000,260703,165843,042,000,1,3,1,861292053604220"},{"data":"+Hooshnic:V1.07,3640.61430,05228.1607,000,260703,165846,050,000,1,3,1,861292053604220"},{"data":"+Hooshnic:V1.07,3640.61620,05228.1790,000,260703,165848,056,000,1,3,1,861292053604220"},{"data":"+Hooshnic:V1.07,3640.61860,05228.2099,000,260703,165851,062,000,1,3,1,861292053604220"},{"data":"+Hooshnic:V1.07,3640.62080,05228.2426,000,260703,165854,062,000,1,3,1,861292053604220"},{"data":"+Hooshnic:V1.07,3640.62330,05228.2762,000,260703,165857,064,000,1,3,1,861292053604220"},{"data":"+Hooshnic:V1.07,3640.62580,05228.3103,000,260703,165900,064,000,1,3,1,861292053604220"},{"data":"+Hooshnic:V1.07,3640.62860,05228.3438,000,260703,165903,058,000,1,3,1,861292053604220"},{"data":"+Hooshnic:V1.07,3640.63080,05228.3728,000,260703,165906,050,001,1,3,1,861292053604220"},{"data":"+Hooshnic:V1.07,3640.63190,05228.3901,000,260703,165908,048,000,1,3,1,861292053604220"},{"data":"+Hooshnic:V1.07,3640.63330,05228.4169,000,260703,165911,052,000,1,3,1,861292053604220"},{"data":"+Hooshnic:V1.07,3640.63570,05228.4462,000,260703,165914,060,000,1,3,1,861292053604220"},{"data":"+Hooshnic:V1.07,3640.63830,05228.4789,000,260703,165917,066,000,1,3,1,861292053604220"},{"data":"+Hooshnic:V1.07,3640.64150,05228.5147,000,260703,165920,070,000,1,3,1,861292053604220"},{}]....................................................................ADDRESS_LOCATION = 1171456AT+CIPSTART="TCP","api.hooshnics.com",80
AT+CIPSEND=1701
POST /api/gps/reports HTTP/1.1
Host: api.hooshnics.com
Content-Type: application/json
Content-Length: 1588

[{"data":"+Hooshnic:V1.07,3640.54950,05227.6335,000,260703,165752,052,000,1,3,1,861292053604220"},{"data":"+Hooshnic:V1.07,3640.55320,05227.6612,000,260703,165755,056,000,1,3,1,861292053604220"},{"data":"+Hooshnic:V1.07,3640.55770,05227.6920,000,260703,165758,064,002,1,3,1,861292053604220"},{"data":"+Hooshnic:V1.07,3640.56170,05227.7141,000,260703,165800,064,000,1,3,1,861292053604220"},{"data":"+Hooshnic:V1.07,3640.56610,05227.7469,000,260703,165803,062,000,1,3,1,861292053604220"},{"data":"+Hooshnic:V1.07,3640.56970,05227.7790,000,260703,165806,060,002,1,3,1,861292053604220"},{"data":"+Hooshnic:V1.07,3640.57500,05227.8115,000,260703,165809,062,000,1,3,1,861292053604220"},{"data":"+Hooshnic:V1.07,3640.57930,05227.8418,000,260703,165812,056,000,1,3,1,861292053604220"},{"data":"+Hooshnic:V1.07,3640.58320,05227.8719,000,260703,165815,060,000,1,3,1,861292053604220"},{"data":"+Hooshnic:V1.07,3640.58580,05227.8932,000,260703,165817,062,000,1,3,1,861292053604220"},{"data":"+Hooshnic:V1.07,3640.58990,05227.9264,000,260703,165820,066,000,1,3,1,861292053604220"},{"data":"+Hooshnic:V1.07,3640.59330,05227.9612,000,260703,165823,068,001,1,3,1,861292053604220"},{"data":"+Hooshnic:V1.07,3640.59740,05227.9955,000,260703,165826,066,000,1,3,1,861292053604220"},{"data":"+Hooshnic:V1.07,3640.60150,05228.0287,000,260703,165829,060,000,1,3,1,861292053604220"},{"data":"+Hooshnic:V1.07,3640.60390,05228.0490,000,260703,165831,056,000,1,3,1,861292053604220"},{"data":"+Hooshnic:V1.07,3640.60690,05228.0772,000,260703,165834,052,000,1,3,1,861292053604220"},{}]....................................................................ADDRESS_LOCATION = 1167360AT+CIPSTART="TCP","api.hooshnics.com",80
AT+CIPSEND=1701
POST /api/gps/reports HTTP/1.1
Host: api.hooshnics.com
Content-Type: application/json
Content-Length: 1588

[{"data":"+Hooshnic:V1.07,3640.49140,05227.1584,000,260703,165658,048,000,1,3,1,861292053604220"},{"data":"+Hooshnic:V1.07,3640.50590,05227.2663,000,260703,165709,058,000,1,3,1,861292053604220"},{"data":"+Hooshnic:V1.07,3640.51050,05227.2940,000,260703,165712,052,000,1,3,1,861292053604220"},{"data":"+Hooshnic:V1.07,3640.51400,05227.3187,000,260703,165715,044,001,1,3,1,861292053604220"},{"data":"+Hooshnic:V1.07,3640.51750,05227.3413,000,260703,165718,042,000,1,3,1,861292053604220"},{"data":"+Hooshnic:V1.07,3640.51980,05227.3610,000,260703,165721,034,000,1,3,1,861292053604220"},{"data":"+Hooshnic:V1.07,3640.52120,05227.3731,000,260703,165723,036,002,1,3,1,861292053604220"},{"data":"+Hooshnic:V1.07,3640.52360,05227.3928,000,260703,165726,040,000,1,3,1,861292053604220"},{"data":"+Hooshnic:V1.07,3640.52670,05227.4160,000,260703,165729,048,000,1,3,1,861292053604220"},{"data":"+Hooshnic:V1.07,3640.52970,05227.4442,000,260703,165732,058,000,1,3,1,861292053604220"},{"data":"+Hooshnic:V1.07,3640.53370,05227.4760,000,260703,165735,062,000,1,3,1,861292053604220"},{"data":"+Hooshnic:V1.07,3640.53720,05227.5091,000,260703,165738,062,000,1,3,1,861292053604220"},{"data":"+Hooshnic:V1.07,3640.53920,05227.5300,000,260703,165740,056,000,1,3,1,861292053604220"},{"data":"+Hooshnic:V1.07,3640.54200,05227.5572,000,260703,165743,046,000,1,3,1,861292053604220"},{"data":"+Hooshnic:V1.07,3640.54430,05227.5822,000,260703,165746,050,000,1,3,1,861292053604220"},{"data":"+Hooshnic:V1.07,3640.54660,05227.6078,000,260703,165749,048,002,1,3,1,861292053604220"},{}]....................................................................ADDRESS_LOCATION = 1163264AT+CIPSTART="TCP","api.hooshnics.com",80
AT+CIPSEND=1701
POST /api/gps/reports HTTP/1.1
Host: api.hooshnics.com
Content-Type: application/json
Content-Length: 1588

[{"data":"+Hooshnic:V1.07,3640.45470,05226.8574,000,260703,165613,056,001,1,3,1,861292053604220"},{"data":"+Hooshnic:V1.07,3640.45760,05226.8771,000,260703,165615,060,000,1,3,1,861292053604220"},{"data":"+Hooshnic:V1.07,3640.46120,05226.9086,000,260703,165618,062,000,1,3,1,861292053604220"},{"data":"+Hooshnic:V1.07,3640.46430,05226.9399,000,260703,165621,058,000,1,3,1,861292053604220"},{"data":"+Hooshnic:V1.07,3640.46750,05226.9665,000,260703,165624,044,000,1,3,1,861292053604220"},{"data":"+Hooshnic:V1.07,3640.47040,05226.9888,000,260703,165627,044,000,1,3,1,861292053604220"},{"data":"+Hooshnic:V1.07,3640.47300,05227.0119,000,260703,165630,046,000,1,3,1,861292053604220"},{"data":"+Hooshnic:V1.07,3640.47460,05227.0262,000,260703,165632,038,000,1,3,1,861292053604220"},{"data":"+Hooshnic:V1.07,3640.47630,05227.0437,000,260703,165635,028,000,1,3,1,861292053604220"},{"data":"+Hooshnic:V1.07,3640.47530,05227.0571,000,260703,165638,018,006,1,3,1,861292053604220"},{"data":"+Hooshnic:V1.07,3640.47330,05227.0649,000,260703,165641,016,000,1,3,1,861292053604220"},{"data":"+Hooshnic:V1.07,3640.47030,05227.0759,000,260703,165644,028,000,1,3,1,861292053604220"},{"data":"+Hooshnic:V1.07,3640.46880,05227.0907,000,260703,165647,028,013,1,3,1,861292053604220"},{"data":"+Hooshnic:V1.07,3640.47090,05227.0999,000,260703,165649,028,000,1,3,1,861292053604220"},{"data":"+Hooshnic:V1.07,3640.47850,05227.1151,000,260703,165652,038,000,1,3,1,861292053604220"},{"data":"+Hooshnic:V1.07,3640.48630,05227.1348,000,260703,165655,044,004,1,3,1,861292053604220"},{}]....................................................................ADDRESS_LOCATION = 1159168AT+CIPSTART="TCP","api.hooshnics.com",80
AT+CIPSEND=1701
POST /api/gps/reports HTTP/1.1
Host: api.hooshnics.com
Content-Type: application/json
Content-Length: 1588

[{"data":"+Hooshnic:V1.07,3640.35150,05226.3344,000,260703,165527,076,000,1,3,1,861292053604220"},{"data":"+Hooshnic:V1.07,3640.36690,05226.3679,000,260703,165530,072,001,1,3,1,861292053604220"},{"data":"+Hooshnic:V1.07,3640.38090,05226.4012,000,260703,165533,072,000,1,3,1,861292053604220"},{"data":"+Hooshnic:V1.07,3640.39420,05226.4338,000,260703,165536,070,000,1,3,1,861292053604220"},{"data":"+Hooshnic:V1.07,3640.40490,05226.4691,000,260703,165539,074,003,1,3,1,861292053604220"},{"data":"+Hooshnic:V1.07,3640.41080,05226.4948,000,260703,165541,074,000,1,3,1,861292053604220"},{"data":"+Hooshnic:V1.07,3640.41690,05226.5325,000,260703,165544,068,000,1,3,1,861292053604220"},{"data":"+Hooshnic:V1.07,3640.42070,05226.5668,000,260703,165547,064,001,1,3,1,861292053604220"},{"data":"+Hooshnic:V1.07,3640.42430,05226.6024,000,260703,165550,070,000,1,3,1,861292053604220"},{"data":"+Hooshnic:V1.07,3640.42800,05226.6403,000,260703,165553,074,000,1,3,1,861292053604220"},{"data":"+Hooshnic:V1.07,3640.43250,05226.6795,000,260703,165556,076,001,1,3,1,861292053604220"},{"data":"+Hooshnic:V1.07,3640.43530,05226.7047,000,260703,165558,072,000,1,3,1,861292053604220"},{"data":"+Hooshnic:V1.07,3640.43970,05226.7410,000,260703,165601,070,000,1,3,1,861292053604220"},{"data":"+Hooshnic:V1.07,3640.44410,05226.7738,000,260703,165604,062,000,1,3,1,861292053604220"},{"data":"+Hooshnic:V1.07,3640.44780,05226.8043,000,260703,165607,052,000,1,3,1,861292053604220"},{"data":"+Hooshnic:V1.07,3640.45110,05226.8303,000,260703,165610,050,000,1,3,1,861292053604220"},{}]....................................................................ADDRESS_LOCATION = 1155072AT+CIPSTART="TCP","api.hooshnics.com",80
AT+CIPSEND=1701
POST /api/gps/reports HTTP/1.1
Host: api.hooshnics.com
Content-Type: application/json
Content-Length: 1588

[{"data":"+Hooshnic:V1.07,3640.07120,05226.0517,000,260703,165442,068,000,1,3,1,861292053604220"},{"data":"+Hooshnic:V1.07,3640.09490,05226.0721,000,260703,165445,068,000,1,3,1,861292053604220"},{"data":"+Hooshnic:V1.07,3640.11820,05226.0918,000,260703,165448,066,001,1,3,1,861292053604220"},{"data":"+Hooshnic:V1.07,3640.13360,05226.1045,000,260703,165450,066,000,1,3,1,861292053604220"},{"data":"+Hooshnic:V1.07,3640.15540,05226.1232,000,260703,165453,060,000,1,3,1,861292053604220"},{"data":"+Hooshnic:V1.07,3640.17150,05226.1378,000,260703,165456,038,001,1,3,1,861292053604220"},{"data":"+Hooshnic:V1.07,3640.18290,05226.1492,000,260703,165459,038,000,1,3,1,861292053604220"},{"data":"+Hooshnic:V1.07,3640.19780,05226.1618,000,260703,165502,046,000,1,3,1,861292053604220"},{"data":"+Hooshnic:V1.07,3640.20870,05226.1711,000,260703,165504,048,002,1,3,1,861292053604220"},{"data":"+Hooshnic:V1.07,3640.22530,05226.1869,000,260703,165507,048,000,1,3,1,861292053604220"},{"data":"+Hooshnic:V1.07,3640.24170,05226.2031,000,260703,165510,050,000,1,3,1,861292053604220"},{"data":"+Hooshnic:V1.07,3640.25990,05226.2191,000,260703,165513,056,001,1,3,1,861292053604220"},{"data":"+Hooshnic:V1.07,3640.28010,05226.2384,000,260703,165516,062,000,1,3,1,861292053604220"},{"data":"+Hooshnic:V1.07,3640.30070,05226.2601,000,260703,165519,064,000,1,3,1,861292053604220"},{"data":"+Hooshnic:V1.07,3640.32070,05226.2847,000,260703,165522,068,006,1,3,1,861292053604220"},{"data":"+Hooshnic:V1.07,3640.33330,05226.3034,000,260703,165524,070,000,1,3,1,861292053604220"},{}]....................................................................ADDRESS_LOCATION = 1150976AT+CIPSTART="TCP","api.hooshnics.com",80
AT+CIPSEND=1701
POST /api/gps/reports HTTP/1.1
Host: api.hooshnics.com
Content-Type: application/json
Content-Length: 1588

[{"data":"+Hooshnic:V1.07,3639.85150,05225.6057,000,260703,165348,070,000,1,3,1,861292053604220"},{"data":"+Hooshnic:V1.07,3639.85750,05225.6430,000,260703,165351,076,000,1,3,1,861292053604220"},{"data":"+Hooshnic:V1.07,3639.86310,05225.6798,000,260703,165354,066,000,1,3,1,861292053604220"},{"data":"+Hooshnic:V1.07,3639.86630,05225.7015,000,260703,165356,060,000,1,3,1,861292053604220"},{"data":"+Hooshnic:V1.07,3639.87030,05225.7311,000,260703,165359,054,000,1,3,1,861292053604220"},{"data":"+Hooshnic:V1.07,3639.87480,05225.7596,000,260703,165402,056,001,1,3,1,861292053604220"},{"data":"+Hooshnic:V1.07,3639.87990,05225.7891,000,260703,165405,058,000,1,3,1,861292053604220"},{"data":"+Hooshnic:V1.07,3639.88530,05225.8167,000,260703,165408,054,000,1,3,1,861292053604220"},{"data":"+Hooshnic:V1.07,3639.89190,05225.8427,000,260703,165411,050,002,1,3,1,861292053604220"},{"data":"+Hooshnic:V1.07,3639.89740,05225.8572,000,260703,165413,040,000,1,3,1,861292053604220"},{"data":"+Hooshnic:V1.07,3639.90840,05225.8734,000,260703,165416,042,000,1,3,1,861292053604220"},{"data":"+Hooshnic:V1.07,3639.92450,05225.8887,000,260703,165419,050,001,1,3,1,861292053604220"},{"data":"+Hooshnic:V1.07,3639.94050,05225.9070,000,260703,165422,052,000,1,3,1,861292053604220"},{"data":"+Hooshnic:V1.07,3639.95670,05225.9295,000,260703,165425,058,000,1,3,1,861292053604220"},{"data":"+Hooshnic:V1.07,3639.97310,05225.9522,000,260703,165428,058,002,1,3,1,861292053604220"},{"data":"+Hooshnic:V1.07,3639.98510,05225.9668,000,260703,165430,060,000,1,3,1,861292053604220"},{}]....................................................................ADDRESS_LOCATION = 1146880AT+CIPSTART="TCP","api.hooshnics.com",80
AT+CIPSEND=1701
POST /api/gps/reports HTTP/1.1
Host: api.hooshnics.com
Content-Type: application/json
Content-Length: 1588

[{"data":"+Hooshnic:V1.07,3639.73500,05224.9667,000,260703,165303,068,001,1,3,1,861292053604220"},{"data":"+Hooshnic:V1.07,3639.73970,05224.9907,000,260703,165305,072,000,1,3,1,861292053604220"},{"data":"+Hooshnic:V1.07,3639.74730,05225.0286,000,260703,165308,076,000,1,3,1,861292053604220"},{"data":"+Hooshnic:V1.07,3639.75660,05225.0693,000,260703,165311,084,001,1,3,1,861292053604220"},{"data":"+Hooshnic:V1.07,3639.76490,05225.1129,000,260703,165314,088,000,1,3,1,861292053604220"},{"data":"+Hooshnic:V1.07,3639.77280,05225.1589,000,260703,165317,092,000,1,3,1,861292053604220"},{"data":"+Hooshnic:V1.07,3639.78110,05225.2059,000,260703,165320,092,000,1,3,1,861292053604220"},{"data":"+Hooshnic:V1.07,3639.78680,05225.2371,000,260703,165322,090,000,1,3,1,861292053604220"},{"data":"+Hooshnic:V1.07,3639.79500,05225.2833,000,260703,165325,088,000,1,3,1,861292053604220"},{"data":"+Hooshnic:V1.07,3639.80260,05225.3287,000,260703,165328,088,001,1,3,1,861292053604220"},{"data":"+Hooshnic:V1.07,3639.81120,05225.3743,000,260703,165331,088,000,1,3,1,861292053604220"},{"data":"+Hooshnic:V1.07,3639.81990,05225.4186,000,260703,165334,084,000,1,3,1,861292053604220"},{"data":"+Hooshnic:V1.07,3639.82720,05225.4587,000,260703,165337,074,001,1,3,1,861292053604220"},{"data":"+Hooshnic:V1.07,3639.83370,05225.4985,000,260703,165340,080,000,1,3,1,861292053604220"},{"data":"+Hooshnic:V1.07,3639.83810,05225.5261,000,260703,165342,080,000,1,3,1,861292053604220"},{"data":"+Hooshnic:V1.07,3639.84530,05225.5681,000,260703,165345,080,001,1,3,1,861292053604220"},{}]....................................................................ADDRESS_LOCATION = 1142784AT+CIPSTART="TCP","api.hooshnics.com",80
AT+CIPSEND=1701
POST /api/gps/reports HTTP/1.1
Host: api.hooshnics.com
Content-Type: application/json
Content-Length: 1588

[{"data":"+Hooshnic:V1.07,3639.62620,05224.4824,000,260703,165217,078,000,1,3,1,861292053604220"},{"data":"+Hooshnic:V1.07,3639.64190,05224.5162,000,260703,165220,072,001,1,3,1,861292053604220"},{"data":"+Hooshnic:V1.07,3639.65640,05224.5493,000,260703,165223,072,000,1,3,1,861292053604220"},{"data":"+Hooshnic:V1.07,3639.66750,05224.5839,000,260703,165226,074,000,1,3,1,861292053604220"},{"data":"+Hooshnic:V1.07,3639.67440,05224.6202,000,260703,165229,070,001,1,3,1,861292053604220"},{"data":"+Hooshnic:V1.07,3639.67850,05224.6443,000,260703,165231,070,000,1,3,1,861292053604220"},{"data":"+Hooshnic:V1.07,3639.68430,05224.6798,000,260703,165234,068,000,1,3,1,861292053604220"},{"data":"+Hooshnic:V1.07,3639.69020,05224.7133,000,260703,165237,062,001,1,3,1,861292053604220"},{"data":"+Hooshnic:V1.07,3639.69510,05224.7438,000,260703,165240,056,000,1,3,1,861292053604220"},{"data":"+Hooshnic:V1.07,3639.69950,05224.7719,000,260703,165243,052,000,1,3,1,861292053604220"},{"data":"+Hooshnic:V1.07,3639.70390,05224.7983,000,260703,165246,050,000,1,3,1,861292053604220"},{"data":"+Hooshnic:V1.07,3639.70830,05224.8235,000,260703,165249,050,000,1,3,1,861292053604220"},{"data":"+Hooshnic:V1.07,3639.71160,05224.8412,000,260703,165251,054,000,1,3,1,861292053604220"},{"data":"+Hooshnic:V1.07,3639.71740,05224.8696,000,260703,165254,058,001,1,3,1,861292053604220"},{"data":"+Hooshnic:V1.07,3639.72370,05224.9005,000,260703,165257,062,000,1,3,1,861292053604220"},{"data":"+Hooshnic:V1.07,3639.72940,05224.9329,000,260703,165300,064,000,1,3,1,861292053604220"},{}]....................................................................ADDRESS_LOCATION = 1138688AT+CIPSTART="TCP","api.hooshnics.com",80
AT+CIPSEND=1701
POST /api/gps/reports HTTP/1.1
Host: api.hooshnics.com
Content-Type: application/json
Content-Length: 1588

[{"data":"+Hooshnic:V1.07,3639.34660,05223.8101,000,260703,165123,078,000,1,3,1,861292053604220"},{"data":"+Hooshnic:V1.07,3639.35320,05223.8480,000,260703,165126,070,001,1,3,1,861292053604220"},{"data":"+Hooshnic:V1.07,3639.36000,05223.8843,000,260703,165129,072,000,1,3,1,861292053604220"},{"data":"+Hooshnic:V1.07,3639.37040,05223.9217,000,260703,165132,076,000,1,3,1,861292053604220"},{"data":"+Hooshnic:V1.07,3639.38400,05223.9585,000,260703,165135,078,003,1,3,1,861292053604220"},{"data":"+Hooshnic:V1.07,3639.39450,05223.9828,000,260703,165137,080,000,1,3,1,861292053604220"},{"data":"+Hooshnic:V1.07,3639.41120,05224.0192,000,260703,165140,080,000,1,3,1,861292053604220"},{"data":"+Hooshnic:V1.07,3639.42790,05224.0561,000,260703,165143,082,001,1,3,1,861292053604220"},{"data":"+Hooshnic:V1.07,3639.44580,05224.0940,000,260703,165146,086,000,1,3,1,861292053604220"},{"data":"+Hooshnic:V1.07,3639.46460,05224.1327,000,260703,165149,088,000,1,3,1,861292053604220"},{"data":"+Hooshnic:V1.07,3639.48360,05224.1719,000,260703,165152,088,001,1,3,1,861292053604220"},{"data":"+Hooshnic:V1.07,3639.50080,05224.2093,000,260703,165155,078,000,1,3,1,861292053604220"},{"data":"+Hooshnic:V1.07,3639.51160,05224.2328,000,260703,165157,078,000,1,3,1,861292053604220"},{"data":"+Hooshnic:V1.07,3639.52890,05224.2694,000,260703,165200,082,000,1,3,1,861292053604220"},{"data":"+Hooshnic:V1.07,3639.54650,05224.3079,000,260703,165203,084,000,1,3,1,861292053604220"},{"data":"+Hooshnic:V1.07,3639.60950,05224.4462,000,260703,165214,082,000,1,3,1,861292053604220"},{}]....................................................................ADDRESS_LOCATION = 1134592AT+CIPSTART="TCP","api.hooshnics.com",80
AT+CIPSEND=1701
POST /api/gps/reports HTTP/1.1
Host: api.hooshnics.com
Content-Type: application/json
Content-Length: 1588

[{"data":"+Hooshnic:V1.07,3639.24000,05223.2111,000,260703,165038,096,000,1,3,1,861292053604220"},{"data":"+Hooshnic:V1.07,3639.24870,05223.2602,000,260703,165041,096,000,1,3,1,861292053604220"},{"data":"+Hooshnic:V1.07,3639.25780,05223.3074,000,260703,165044,092,001,1,3,1,861292053604220"},{"data":"+Hooshnic:V1.07,3639.26650,05223.3532,000,260703,165047,090,000,1,3,1,861292053604220"},{"data":"+Hooshnic:V1.07,3639.27190,05223.3837,000,260703,165049,090,000,1,3,1,861292053604220"},{"data":"+Hooshnic:V1.07,3639.27960,05223.4269,000,260703,165052,080,001,1,3,1,861292053604220"},{"data":"+Hooshnic:V1.07,3639.28650,05223.4670,000,260703,165055,078,000,1,3,1,861292053604220"},{"data":"+Hooshnic:V1.07,3639.29360,05223.5055,000,260703,165058,072,000,1,3,1,861292053604220"},{"data":"+Hooshnic:V1.07,3639.30020,05223.5423,000,260703,165101,074,000,1,3,1,861292053604220"},{"data":"+Hooshnic:V1.07,3639.30630,05223.5793,000,260703,165104,068,000,1,3,1,861292053604220"},{"data":"+Hooshnic:V1.07,3639.31010,05223.6014,000,260703,165106,062,000,1,3,1,861292053604220"},{"data":"+Hooshnic:V1.07,3639.31490,05223.6342,000,260703,165109,060,000,1,3,1,861292053604220"},{"data":"+Hooshnic:V1.07,3639.32130,05223.6689,000,260703,165112,070,000,1,3,1,861292053604220"},{"data":"+Hooshnic:V1.07,3639.32850,05223.7050,000,260703,165115,072,000,1,3,1,861292053604220"},{"data":"+Hooshnic:V1.07,3639.33510,05223.7429,000,260703,165118,076,000,1,3,1,861292053604220"},{"data":"+Hooshnic:V1.07,3639.34180,05223.7830,000,260703,165121,080,000,1,3,1,861292053604220"},{}]....................................................................ADDRESS_LOCATION = 1130496AT+CIPSTART="TCP","api.hooshnics.com",80
AT+CIPSEND=1701
POST /api/gps/reports HTTP/1.1
Host: api.hooshnics.com
Content-Type: application/json
Content-Length: 1588

[{"data":"+Hooshnic:V1.07,3639.11300,05222.4985,000,260703,164953,096,000,1,3,1,861292053604220"},{"data":"+Hooshnic:V1.07,3639.12140,05222.5457,000,260703,164956,090,000,1,3,1,861292053604220"},{"data":"+Hooshnic:V1.07,3639.12690,05222.5764,000,260703,164958,090,000,1,3,1,861292053604220"},{"data":"+Hooshnic:V1.07,3639.13560,05222.6229,000,260703,165001,090,000,1,3,1,861292053604220"},{"data":"+Hooshnic:V1.07,3639.14410,05222.6706,000,260703,165004,096,000,1,3,1,861292053604220"},{"data":"+Hooshnic:V1.07,3639.15260,05222.7188,000,260703,165007,090,000,1,3,1,861292053604220"},{"data":"+Hooshnic:V1.07,3639.16020,05222.7614,000,260703,165010,080,000,1,3,1,861292053604220"},{"data":"+Hooshnic:V1.07,3639.16510,05222.7894,000,260703,165012,078,000,1,3,1,861292053604220"},{"data":"+Hooshnic:V1.07,3639.17320,05222.8335,000,260703,165015,088,000,1,3,1,861292053604220"},{"data":"+Hooshnic:V1.07,3639.18170,05222.8792,000,260703,165018,092,000,1,3,1,861292053604220"},{"data":"+Hooshnic:V1.07,3639.19000,05222.9266,000,260703,165021,094,000,1,3,1,861292053604220"},{"data":"+Hooshnic:V1.07,3639.19810,05222.9761,000,260703,165024,098,000,1,3,1,861292053604220"},{"data":"+Hooshnic:V1.07,3639.20710,05223.0265,000,260703,165027,100,001,1,3,1,861292053604220"},{"data":"+Hooshnic:V1.07,3639.21330,05223.0603,000,260703,165029,100,000,1,3,1,861292053604220"},{"data":"+Hooshnic:V1.07,3639.22230,05223.1112,000,260703,165032,100,000,1,3,1,861292053604220"},{"data":"+Hooshnic:V1.07,3639.23110,05223.1616,000,260703,165035,100,000,1,3,1,861292053604220"},{}]....................................................................ADDRESS_LOCATION = 1126400AT+CIPSTART="TCP","api.hooshnics.com",80
AT+CIPSEND=1701
POST /api/gps/reports HTTP/1.1
Host: api.hooshnics.com
Content-Type: application/json
Content-Length: 1588

[{"data":"+Hooshnic:V1.07,3638.97540,05221.7179,000,260703,164859,072,000,1,3,1,861292053604220"},{"data":"+Hooshnic:V1.07,3638.98030,05221.7557,000,260703,164902,074,000,1,3,1,861292053604220"},{"data":"+Hooshnic:V1.07,3638.98630,05221.7919,000,260703,164905,066,000,1,3,1,861292053604220"},{"data":"+Hooshnic:V1.07,3638.99040,05221.8147,000,260703,164907,068,000,1,3,1,861292053604220"},{"data":"+Hooshnic:V1.07,3638.99670,05221.8507,000,260703,164910,070,000,1,3,1,861292053604220"},{"data":"+Hooshnic:V1.07,3639.00280,05221.8874,000,260703,164913,070,000,1,3,1,861292053604220"},{"data":"+Hooshnic:V1.07,3639.00920,05221.9247,000,260703,164916,072,000,1,3,1,861292053604220"},{"data":"+Hooshnic:V1.07,3639.01570,05221.9616,000,260703,164919,072,000,1,3,1,861292053604220"},{"data":"+Hooshnic:V1.07,3639.02080,05221.9877,000,260703,164921,078,000,1,3,1,861292053604220"},{"data":"+Hooshnic:V1.07,3639.02870,05222.0294,000,260703,164924,084,001,1,3,1,861292053604220"},{"data":"+Hooshnic:V1.07,3639.03660,05222.0741,000,260703,164927,088,000,1,3,1,861292053604220"},{"data":"+Hooshnic:V1.07,3639.04480,05222.1205,000,260703,164930,092,000,1,3,1,861292053604220"},{"data":"+Hooshnic:V1.07,3639.05350,05222.1684,000,260703,164933,094,000,1,3,1,861292053604220"},{"data":"+Hooshnic:V1.07,3639.06220,05222.2170,000,260703,164936,094,000,1,3,1,861292053604220"},{"data":"+Hooshnic:V1.07,3639.09510,05222.3988,000,260703,164947,098,000,1,3,1,861292053604220"},{"data":"+Hooshnic:V1.07,3639.10410,05222.4490,000,260703,164950,098,000,1,3,1,861292053604220"},{}]....................................................................ADDRESS_LOCATION = 1122304AT+CIPSTART="TCP","api.hooshnics.com",80
AT+CIPSEND=1701
POST /api/gps/reports HTTP/1.1
Host: api.hooshnics.com
Content-Type: application/json
Content-Length: 1588

[{"data":"+Hooshnic:V1.07,3638.98340,05221.0449,000,260703,164813,086,000,1,3,1,861292053604220"},{"data":"+Hooshnic:V1.07,3638.98160,05221.0908,000,260703,164816,090,001,1,3,1,861292053604220"},{"data":"+Hooshnic:V1.07,3638.98060,05221.1385,000,260703,164819,092,000,1,3,1,861292053604220"},{"data":"+Hooshnic:V1.07,3638.97930,05221.1875,000,260703,164822,094,000,1,3,1,861292053604220"},{"data":"+Hooshnic:V1.07,3638.97830,05221.2377,000,260703,164825,096,000,1,3,1,861292053604220"},{"data":"+Hooshnic:V1.07,3638.97760,05221.2895,000,260703,164828,100,000,1,3,1,861292053604220"},{"data":"+Hooshnic:V1.07,3638.97680,05221.3240,000,260703,164830,100,000,1,3,1,861292053604220"},{"data":"+Hooshnic:V1.07,3638.97620,05221.3739,000,260703,164833,094,001,1,3,1,861292053604220"},{"data":"+Hooshnic:V1.07,3638.97530,05221.4229,000,260703,164836,092,000,1,3,1,861292053604220"},{"data":"+Hooshnic:V1.07,3638.97470,05221.4673,000,260703,164839,082,000,1,3,1,861292053604220"},{"data":"+Hooshnic:V1.07,3638.97350,05221.5093,000,260703,164842,080,000,1,3,1,861292053604220"},{"data":"+Hooshnic:V1.07,3638.97260,05221.5510,000,260703,164845,076,000,1,3,1,861292053604220"},{"data":"+Hooshnic:V1.07,3638.97170,05221.5759,000,260703,164847,068,000,1,3,1,861292053604220"},{"data":"+Hooshnic:V1.07,3638.97030,05221.6102,000,260703,164850,064,001,1,3,1,861292053604220"},{"data":"+Hooshnic:V1.07,3638.97010,05221.6456,000,260703,164853,068,000,1,3,1,861292053604220"},{"data":"+Hooshnic:V1.07,3638.97190,05221.6816,000,260703,164856,070,000,1,3,1,861292053604220"},{}]....................................................................ADDRESS_LOCATION = 1118208AT+CIPSTART="TCP","api.hooshnics.com",80
AT+CIPSEND=1701
POST /api/gps/reports HTTP/1.1
Host: api.hooshnics.com
Content-Type: application/json
Content-Length: 1588

[{"data":"+Hooshnic:V1.07,3638.96800,05220.3193,000,260703,164728,084,000,1,3,1,861292053604220"},{"data":"+Hooshnic:V1.07,3638.96870,05220.3636,000,260703,164731,086,000,1,3,1,861292053604220"},{"data":"+Hooshnic:V1.07,3638.96910,05220.4090,000,260703,164734,088,000,1,3,1,861292053604220"},{"data":"+Hooshnic:V1.07,3638.97080,05220.4548,000,260703,164737,088,000,1,3,1,861292053604220"},{"data":"+Hooshnic:V1.07,3638.97240,05220.4855,000,260703,164739,088,000,1,3,1,861292053604220"},{"data":"+Hooshnic:V1.07,3638.97530,05220.5319,000,260703,164742,088,001,1,3,1,861292053604220"},{"data":"+Hooshnic:V1.07,3638.97770,05220.5790,000,260703,164745,092,000,1,3,1,861292053604220"},{"data":"+Hooshnic:V1.07,3638.97970,05220.6277,000,260703,164748,094,000,1,3,1,861292053604220"},{"data":"+Hooshnic:V1.07,3638.98150,05220.6777,000,260703,164751,096,000,1,3,1,861292053604220"},{"data":"+Hooshnic:V1.07,3638.98290,05220.7286,000,260703,164754,098,000,1,3,1,861292053604220"},{"data":"+Hooshnic:V1.07,3638.98410,05220.7626,000,260703,164756,098,000,1,3,1,861292053604220"},{"data":"+Hooshnic:V1.07,3638.98630,05220.8139,000,260703,164759,098,000,1,3,1,861292053604220"},{"data":"+Hooshnic:V1.07,3638.98730,05220.8648,000,260703,164802,098,000,1,3,1,861292053604220"},{"data":"+Hooshnic:V1.07,3638.98690,05220.9160,000,260703,164805,098,000,1,3,1,861292053604220"},{"data":"+Hooshnic:V1.07,3638.98570,05220.9667,000,260703,164808,098,000,1,3,1,861292053604220"},{"data":"+Hooshnic:V1.07,3638.98450,05221.0147,000,260703,164811,088,000,1,3,1,861292053604220"},{}]....................................................................ADDRESS_LOCATION = 1114112AT+CIPSTART="TCP","api.hooshnics.com",80
AT+CIPSEND=1701
POST /api/gps/reports HTTP/1.1
Host: api.hooshnics.com
Content-Type: application/json
Content-Length: 1588

[{"data":"+Hooshnic:V1.07,3638.94770,05219.6071,000,260703,164634,080,000,1,3,1,861292053604220"},{"data":"+Hooshnic:V1.07,3638.94880,05219.6480,000,260703,164637,078,000,1,3,1,861292053604220"},{"data":"+Hooshnic:V1.07,3638.95030,05219.6874,000,260703,164640,076,002,1,3,1,861292053604220"},{"data":"+Hooshnic:V1.07,3638.95270,05219.7236,000,260703,164643,068,000,1,3,1,861292053604220"},{"data":"+Hooshnic:V1.07,3638.95520,05219.7609,000,260703,164646,076,000,1,3,1,861292053604220"},{"data":"+Hooshnic:V1.07,3638.95670,05219.7881,000,260703,164648,080,001,1,3,1,861292053604220"},{"data":"+Hooshnic:V1.07,3638.95850,05219.8305,000,260703,164651,084,000,1,3,1,861292053604220"},{"data":"+Hooshnic:V1.07,3638.95990,05219.8706,000,260703,164654,072,000,1,3,1,861292053604220"},{"data":"+Hooshnic:V1.07,3638.96060,05219.9071,000,260703,164657,068,000,1,3,1,861292053604220"},{"data":"+Hooshnic:V1.07,3638.96170,05219.9418,000,260703,164700,064,000,1,3,1,861292053604220"},{"data":"+Hooshnic:V1.07,3638.96230,05219.9755,000,260703,164703,064,000,1,3,1,861292053604220"},{"data":"+Hooshnic:V1.07,3638.96270,05219.9980,000,260703,164705,066,000,1,3,1,861292053604220"},{"data":"+Hooshnic:V1.07,3638.96330,05220.0338,000,260703,164708,072,000,1,3,1,861292053604220"},{"data":"+Hooshnic:V1.07,3638.96640,05220.2001,000,260703,164720,086,000,1,3,1,861292053604220"},{"data":"+Hooshnic:V1.07,3638.96670,05220.2302,000,260703,164722,086,000,1,3,1,861292053604220"},{"data":"+Hooshnic:V1.07,3638.96730,05220.2750,000,260703,164725,084,001,1,3,1,861292053604220"},{}]....................................................................ADDRESS_LOCATION = 1110016AT+CIPSTART="TCP","api.hooshnics.com",80
AT+CIPSEND=1701
POST /api/gps/reports HTTP/1.1
Host: api.hooshnics.com
Content-Type: application/json
Content-Length: 1588

[{"data":"+Hooshnic:V1.07,3638.88300,05218.9096,000,260703,164549,068,000,1,3,1,861292053604220"},{"data":"+Hooshnic:V1.07,3638.89260,05218.9454,000,260703,164552,074,000,1,3,1,861292053604220"},{"data":"+Hooshnic:V1.07,3638.89910,05218.9708,000,260703,164554,078,000,1,3,1,861292053604220"},{"data":"+Hooshnic:V1.07,3638.90980,05219.0117,000,260703,164557,084,001,1,3,1,861292053604220"},{"data":"+Hooshnic:V1.07,3638.91980,05219.0553,000,260703,164600,088,000,1,3,1,861292053604220"},{"data":"+Hooshnic:V1.07,3638.92840,05219.1011,000,260703,164603,090,000,1,3,1,861292053604220"},{"data":"+Hooshnic:V1.07,3638.93390,05219.1488,000,260703,164606,092,001,1,3,1,861292053604220"},{"data":"+Hooshnic:V1.07,3638.93710,05219.1975,000,260703,164609,094,000,1,3,1,861292053604220"},{"data":"+Hooshnic:V1.07,3638.93860,05219.2467,000,260703,164612,094,000,1,3,1,861292053604220"},{"data":"+Hooshnic:V1.07,3638.93920,05219.2798,000,260703,164614,096,000,1,3,1,861292053604220"},{"data":"+Hooshnic:V1.07,3638.94170,05219.3307,000,260703,164617,098,000,1,3,1,861292053604220"},{"data":"+Hooshnic:V1.07,3638.94460,05219.3820,000,260703,164620,098,000,1,3,1,861292053604220"},{"data":"+Hooshnic:V1.07,3638.94680,05219.4325,000,260703,164623,096,001,1,3,1,861292053604220"},{"data":"+Hooshnic:V1.07,3638.94830,05219.4829,000,260703,164626,096,000,1,3,1,861292053604220"},{"data":"+Hooshnic:V1.07,3638.94860,05219.5161,000,260703,164628,094,000,1,3,1,861292053604220"},{"data":"+Hooshnic:V1.07,3638.94790,05219.5640,000,260703,164631,086,000,1,3,1,861292053604220"},{}]....................................................................ADDRESS_LOCATION = 1105920AT+CIPSTART="TCP","api.hooshnics.com",80
AT+CIPSEND=1701
POST /api/gps/reports HTTP/1.1
Host: api.hooshnics.com
Content-Type: application/json
Content-Length: 1588

[{"data":"+Hooshnic:V1.07,3638.71780,05218.2888,000,260703,164503,092,000,1,3,1,861292053604220"},{"data":"+Hooshnic:V1.07,3638.72890,05218.3369,000,260703,164506,096,000,1,3,1,861292053604220"},{"data":"+Hooshnic:V1.07,3638.74070,05218.3836,000,260703,164509,092,000,1,3,1,861292053604220"},{"data":"+Hooshnic:V1.07,3638.75290,05218.4248,000,260703,164512,070,000,1,3,1,861292053604220"},{"data":"+Hooshnic:V1.07,3638.76150,05218.4570,000,260703,164515,068,001,1,3,1,861292053604220"},{"data":"+Hooshnic:V1.07,3638.77160,05218.4932,000,260703,164518,078,000,1,3,1,861292053604220"},{"data":"+Hooshnic:V1.07,3638.77870,05218.5196,000,260703,164520,082,000,1,3,1,861292053604220"},{"data":"+Hooshnic:V1.07,3638.79030,05218.5628,000,260703,164523,092,000,1,3,1,861292053604220"},{"data":"+Hooshnic:V1.07,3638.80310,05218.6095,000,260703,164526,096,000,1,3,1,861292053604220"},{"data":"+Hooshnic:V1.07,3638.81590,05218.6557,000,260703,164529,092,000,1,3,1,861292053604220"},{"data":"+Hooshnic:V1.07,3638.82770,05218.6976,000,260703,164532,078,001,1,3,1,861292053604220"},{"data":"+Hooshnic:V1.07,3638.83750,05218.7354,000,260703,164535,074,000,1,3,1,861292053604220"},{"data":"+Hooshnic:V1.07,3638.84740,05218.7743,000,260703,164538,076,000,1,3,1,861292053604220"},{"data":"+Hooshnic:V1.07,3638.85410,05218.7983,000,260703,164540,072,001,1,3,1,861292053604220"},{"data":"+Hooshnic:V1.07,3638.86350,05218.8354,000,260703,164543,078,000,1,3,1,861292053604220"},{"data":"+Hooshnic:V1.07,3638.87370,05218.8745,000,260703,164546,076,000,1,3,1,861292053604220"},{}]....................................................................ADDRESS_LOCATION = 1101824AT+CIPSTART="TCP","api.hooshnics.com",80
AT+CIPSEND=1701
POST /api/gps/reports HTTP/1.1
Host: api.hooshnics.com
Content-Type: application/json
Content-Length: 1588

[{"data":"+Hooshnic:V1.07,3638.53480,05217.5647,000,260703,164410,070,000,1,3,1,861292053604220"},{"data":"+Hooshnic:V1.07,3638.54140,05217.5891,000,260703,164412,076,000,1,3,1,861292053604220"},{"data":"+Hooshnic:V1.07,3638.55160,05217.6295,000,260703,164415,082,000,1,3,1,861292053604220"},{"data":"+Hooshnic:V1.07,3638.56250,05217.6719,000,260703,164418,086,000,1,3,1,861292053604220"},{"data":"+Hooshnic:V1.07,3638.57470,05217.7165,000,260703,164421,092,001,1,3,1,861292053604220"},{"data":"+Hooshnic:V1.07,3638.58690,05217.7635,000,260703,164424,096,000,1,3,1,861292053604220"},{"data":"+Hooshnic:V1.07,3638.59930,05217.8112,000,260703,164427,094,000,1,3,1,861292053604220"},{"data":"+Hooshnic:V1.07,3638.61110,05217.8577,000,260703,164430,090,001,1,3,1,861292053604220"},{"data":"+Hooshnic:V1.07,3638.61850,05217.8864,000,260703,164432,084,000,1,3,1,861292053604220"},{"data":"+Hooshnic:V1.07,3638.62740,05217.9219,000,260703,164435,064,000,1,3,1,861292053604220"},{"data":"+Hooshnic:V1.07,3638.63580,05217.9561,000,260703,164438,072,001,1,3,1,861292053604220"},{"data":"+Hooshnic:V1.07,3638.64520,05217.9947,000,260703,164441,082,000,1,3,1,861292053604220"},{"data":"+Hooshnic:V1.07,3638.68050,05218.1322,000,260703,164452,070,000,1,3,1,861292053604220"},{"data":"+Hooshnic:V1.07,3638.68830,05218.1698,000,260703,164455,080,000,1,3,1,861292053604220"},{"data":"+Hooshnic:V1.07,3638.69830,05218.2117,000,260703,164458,088,001,1,3,1,861292053604220"},{"data":"+Hooshnic:V1.07,3638.70980,05218.2577,000,260703,164501,094,000,1,3,1,861292053604220"},{}]....................................................................ADDRESS_LOCATION = 1097728AT+CIPSTART="TCP","api.hooshnics.com",80
AT+CIPSEND=1701
POST /api/gps/reports HTTP/1.1
Host: api.hooshnics.com
Content-Type: application/json
Content-Length: 1588

[{"data":"+Hooshnic:V1.07,3638.41150,05217.0759,000,260703,164324,062,000,1,3,1,861292053604220"},{"data":"+Hooshnic:V1.07,3638.42010,05217.1081,000,260703,164327,066,000,1,3,1,861292053604220"},{"data":"+Hooshnic:V1.07,3638.42940,05217.1429,000,260703,164330,072,001,1,3,1,861292053604220"},{"data":"+Hooshnic:V1.07,3638.43870,05217.1799,000,260703,164333,074,000,1,3,1,861292053604220"},{"data":"+Hooshnic:V1.07,3638.44830,05217.2171,000,260703,164336,074,000,1,3,1,861292053604220"},{"data":"+Hooshnic:V1.07,3638.45720,05217.2527,000,260703,164339,070,001,1,3,1,861292053604220"},{"data":"+Hooshnic:V1.07,3638.46310,05217.2767,000,260703,164341,070,000,1,3,1,861292053604220"},{"data":"+Hooshnic:V1.07,3638.47200,05217.3146,000,260703,164344,078,000,1,3,1,861292053604220"},{"data":"+Hooshnic:V1.07,3638.48030,05217.3529,000,260703,164347,070,000,1,3,1,861292053604220"},{"data":"+Hooshnic:V1.07,3638.48720,05217.3857,000,260703,164350,058,000,1,3,1,861292053604220"},{"data":"+Hooshnic:V1.07,3638.49240,05217.4136,000,260703,164353,050,000,1,3,1,861292053604220"},{"data":"+Hooshnic:V1.07,3638.49490,05217.4308,000,260703,164355,050,003,1,3,1,861292053604220"},{"data":"+Hooshnic:V1.07,3638.49740,05217.4559,000,260703,164358,046,000,1,3,1,861292053604220"},{"data":"+Hooshnic:V1.07,3638.50340,05217.4792,000,260703,164401,050,000,1,3,1,861292053604220"},{"data":"+Hooshnic:V1.07,3638.51420,05217.5031,000,260703,164404,054,005,1,3,1,861292053604220"},{"data":"+Hooshnic:V1.07,3638.52460,05217.5317,000,260703,164407,064,000,1,3,1,861292053604220"},{}]....................................................................ADDRESS_LOCATION = 1093632AT+CIPSTART="TCP","api.hooshnics.com",80
AT+CIPSEND=1701
POST /api/gps/reports HTTP/1.1
Host: api.hooshnics.com
Content-Type: application/json
Content-Length: 1588

[{"data":"+Hooshnic:V1.07,3638.29360,05216.6401,000,260703,164239,064,002,1,3,1,861292053604220"},{"data":"+Hooshnic:V1.07,3638.30220,05216.6690,000,260703,164242,052,000,1,3,1,861292053604220"},{"data":"+Hooshnic:V1.07,3638.30990,05216.6952,000,260703,164245,054,000,1,3,1,861292053604220"},{"data":"+Hooshnic:V1.07,3638.31480,05216.7137,000,260703,164247,054,001,1,3,1,861292053604220"},{"data":"+Hooshnic:V1.07,3638.32210,05216.7417,000,260703,164250,056,000,1,3,1,861292053604220"},{"data":"+Hooshnic:V1.07,3638.32910,05216.7692,000,260703,164253,056,000,1,3,1,861292053604220"},{"data":"+Hooshnic:V1.07,3638.33710,05216.7990,000,260703,164256,062,001,1,3,1,861292053604220"},{"data":"+Hooshnic:V1.07,3638.34510,05216.8288,000,260703,164259,056,000,1,3,1,861292053604220"},{"data":"+Hooshnic:V1.07,3638.35290,05216.8559,000,260703,164302,054,000,1,3,1,861292053604220"},{"data":"+Hooshnic:V1.07,3638.35810,05216.8752,000,260703,164304,054,001,1,3,1,861292053604220"},{"data":"+Hooshnic:V1.07,3638.36650,05216.9068,000,260703,164307,062,000,1,3,1,861292053604220"},{"data":"+Hooshnic:V1.07,3638.37480,05216.9389,000,260703,164310,066,000,1,3,1,861292053604220"},{"data":"+Hooshnic:V1.07,3638.38360,05216.9727,000,260703,164313,068,001,1,3,1,861292053604220"},{"data":"+Hooshnic:V1.07,3638.39190,05217.0043,000,260703,164316,056,000,1,3,1,861292053604220"},{"data":"+Hooshnic:V1.07,3638.39960,05217.0295,000,260703,164319,048,000,1,3,1,861292053604220"},{"data":"+Hooshnic:V1.07,3638.40650,05217.0559,000,260703,164322,058,001,1,3,1,861292053604220"},{}]....................................................................ADDRESS_LOCATION = 1089536AT+CIPSTART="TCP","api.hooshnics.com",80
AT+CIPSEND=1701
POST /api/gps/reports HTTP/1.1
Host: api.hooshnics.com
Content-Type: application/json
Content-Length: 1588

[{"data":"+Hooshnic:V1.07,3638.16980,05216.1880,000,260703,164145,048,001,1,3,1,861292053604220"},{"data":"+Hooshnic:V1.07,3638.17630,05216.2114,000,260703,164148,046,000,1,3,1,861292053604220"},{"data":"+Hooshnic:V1.07,3638.18270,05216.2367,000,260703,164151,052,000,1,3,1,861292053604220"},{"data":"+Hooshnic:V1.07,3638.18920,05216.2632,000,260703,164154,054,001,1,3,1,861292053604220"},{"data":"+Hooshnic:V1.07,3638.19640,05216.2892,000,260703,164157,048,000,1,3,1,861292053604220"},{"data":"+Hooshnic:V1.07,3638.20100,05216.3059,000,260703,164159,052,000,1,3,1,861292053604220"},{"data":"+Hooshnic:V1.07,3638.20790,05216.3321,000,260703,164202,052,001,1,3,1,861292053604220"},{"data":"+Hooshnic:V1.07,3638.21420,05216.3544,000,260703,164205,040,000,1,3,1,861292053604220"},{"data":"+Hooshnic:V1.07,3638.22000,05216.3739,000,260703,164208,042,000,1,3,1,861292053604220"},{"data":"+Hooshnic:V1.07,3638.22630,05216.3964,000,260703,164211,048,001,1,3,1,861292053604220"},{"data":"+Hooshnic:V1.07,3638.23300,05216.4225,000,260703,164214,054,000,1,3,1,861292053604220"},{"data":"+Hooshnic:V1.07,3638.25260,05216.4990,000,260703,164225,044,000,1,3,1,861292053604220"},{"data":"+Hooshnic:V1.07,3638.25990,05216.5239,000,260703,164228,056,000,1,3,1,861292053604220"},{"data":"+Hooshnic:V1.07,3638.26650,05216.5430,000,260703,164230,060,001,1,3,1,861292053604220"},{"data":"+Hooshnic:V1.07,3638.27590,05216.5753,000,260703,164233,068,000,1,3,1,861292053604220"},{"data":"+Hooshnic:V1.07,3638.28520,05216.6089,000,260703,164236,068,000,1,3,1,861292053604220"},{}]....................................................................ADDRESS_LOCATION = 1085440AT+CIPSTART="TCP","api.hooshnics.com",80
AT+CIPSEND=1701
hnic:V1.07,3638.05630,05215.6696,000,260703,164014,058,000,1,3,1,861292053604220"},{"data":"+Hooshnic:V1.07,3638.06070,05215.6994,000,260703,164017,058,000,1,3,1,861292053604220"},{"data":"+Hooshnic:V1.07,3638.06510,05215.7289,000,260703,164020,056,000,1,3,1,861292053604220"},{"data":"+Hooshnic:V1.07,3638.06770,05215.7581,000,260703,164023,054,000,1,3,1,861292053604220"},{"data":"+Hooshnic:V1.07,3638.06790,05215.7854,000,260703,164026,050,000,1,3,1,861292053604220"},{"data":"+Hooshnic:V1.07,3638.06810,05215.8119,000,260703,164029,048,004,1,3,1,861292053604220"},{"data":"+Hooshnic:V1.07,3638.06980,05215.8281,000,260703,164031,044,000,1,3,1,861292053604220"},{"data":"+Hooshnic:V1.07,3638.07660,05215.8520,000,260703,164034,050,000,1,3,1,861292053604220"},{"data":"+Hooshnic:V1.07,3638.08450,05215.8792,000,260703,164037,060,000,1,3,1,861292053604220"},{"data":"+Hooshnic:V1.07,3638.09330,05215.9094,000,260703,164040,058,000,1,3,1,861292053604220"},{"data":"+Hooshnic:V1.07,3638.10080,05215.9364,000,260703,164043,048,000,1,3,1,861292053604220"},{"data":"+Hooshnic:V1.07,3638.10660,05215.9573,000,260703,164046,038,001,1,3,1,861292053604220"},{"data":"+Hooshnic:V1.07,3638.11050,05215.9705,000,260703,164048,040,000,1,3,1,861292053604220"},{"data":"+Hooshnic:V1.07,3638.11600,05215.9921,000,260703,164051,048,000,1,3,1,861292053604220"},{"data":"+Hooshnic:V1.07,3638.12220,05216.0160,000,260703,164054,044,001,1,3,1,861292053604220"},{"data":"+Hooshnic:V1.07,3638.12560,05216.0318,000,260703,164057,024,000,1,3,1,861292053604220"},{}]....................................................................ADDRESS_LOCATION = 1077248AT+CIPSTART="TCP","api.hooshnics.com",80
AT+CIPSEND=1701
POST /api/gps/reports HTTP/1.1
Host: api.hooshnics.com
Content-Type: application/json
Content-Length: 1588

[{"data":"+Hooshnic:V1.07,3638.04240,05215.5857,000,260703,163921,000,000,1,3,1,861292053604220"},{"data":"+Hooshnic:V1.07,3638.04240,05215.5857,000,260703,163923,000,000,1,3,1,861292053604220"},{"data":"+Hooshnic:V1.07,3638.04240,05215.5857,000,260703,163926,000,000,1,3,1,861292053604220"},{"data":"+Hooshnic:V1.07,3638.04240,05215.5857,000,260703,163929,000,000,1,3,1,861292053604220"},{"data":"+Hooshnic:V1.07,3638.04240,05215.5857,000,260703,163932,000,000,1,3,1,861292053604220"},{"data":"+Hooshnic:V1.07,3638.04240,05215.5857,000,260703,163935,000,000,1,3,1,861292053604220"},{"data":"+Hooshnic:V1.07,3638.04240,05215.5857,000,260703,163938,000,000,1,3,1,861292053604220"},{"data":"+Hooshnic:V1.07,3638.04240,05215.5857,000,260703,163940,000,000,1,3,1,861292053604220"},{"data":"+Hooshnic:V1.07,3638.04240,05215.5857,000,260703,163943,000,000,1,3,1,861292053604220"},{"data":"+Hooshnic:V1.07,3638.04240,05215.5857,000,260703,163946,000,000,1,3,1,861292053604220"},{"data":"+Hooshnic:V1.07,3638.04240,05215.5857,000,260703,163957,000,000,1,3,1,861292053604220"},{"data":"+Hooshnic:V1.07,3638.04240,05215.5857,000,260703,164000,000,000,1,3,1,861292053604220"},{"data":"+Hooshnic:V1.07,3638.04240,05215.5857,000,260703,164003,000,000,1,3,1,861292053604220"},{"data":"+Hooshnic:V1.07,3638.04460,05215.5965,000,260703,164006,028,000,1,3,1,861292053604220"},{"data":"+Hooshnic:V1.07,3638.04820,05215.6195,000,260703,164009,050,000,1,3,1,861292053604220"},{"data":"+Hooshnic:V1.07,3638.05330,05215.6491,000,260703,164012,058,001,1,3,1,861292053604220"},{}]....................................................................ADDRESS_LOCATION = 1073152AT+CIPSTART="TCP","api.hooshnics.com",80
AT+CIPSEND=1701
POST /api/gps/reports HTTP/1.1
Host: api.hooshnics.com
Content-Type: application/json
Content-Length: 1588

[{"data":"+Hooshnic:V1.07,3638.04240,05215.5857,000,260703,163835,000,000,1,3,1,861292053604220"},{"data":"+Hooshnic:V1.07,3638.04240,05215.5857,000,260703,163838,000,000,1,3,1,861292053604220"},{"data":"+Hooshnic:V1.07,3638.04240,05215.5857,000,260703,163841,000,000,1,3,1,861292053604220"},{"data":"+Hooshnic:V1.07,3638.04240,05215.5857,000,260703,163844,000,000,1,3,1,861292053604220"},{"data":"+Hooshnic:V1.07,3638.04240,05215.5857,000,260703,163847,000,000,1,3,1,861292053604220"},{"data":"+Hooshnic:V1.07,3638.04240,05215.5857,000,260703,163849,000,000,1,3,1,861292053604220"},{"data":"+Hooshnic:V1.07,3638.04240,05215.5857,000,260703,163852,000,000,1,3,1,861292053604220"},{"data":"+Hooshnic:V1.07,3638.04240,05215.5857,000,260703,163855,000,000,1,3,1,861292053604220"},{"data":"+Hooshnic:V1.07,3638.04240,05215.5857,000,260703,163858,000,000,1,3,1,861292053604220"},{"data":"+Hooshnic:V1.07,3638.04240,05215.5857,000,260703,163901,000,000,1,3,1,861292053604220"},{"data":"+Hooshnic:V1.07,3638.04240,05215.5857,000,260703,163904,000,000,1,3,1,861292053604220"},{"data":"+Hooshnic:V1.07,3638.04240,05215.5857,000,260703,163906,000,000,1,3,1,861292053604220"},{"data":"+Hooshnic:V1.07,3638.04240,05215.5857,000,260703,163909,000,000,1,3,1,861292053604220"},{"data":"+Hooshnic:V1.07,3638.04240,05215.5857,000,260703,163912,000,000,1,3,1,861292053604220"},{"data":"+Hooshnic:V1.07,3638.04240,05215.5857,000,260703,163915,000,000,1,3,1,861292053604220"},{"data":"+Hooshnic:V1.07,3638.04240,05215.5857,000,260703,163918,000,000,1,3,1,861292053604220"},{}]....................................................................ADDRESS_LOCATION = 1069056AT+CIPSTART="TCP","api.hooshnics.com",80
AT+CIPSEND=1701
POST /api/gps/reports HTTP/1.1
Host: api.hooshnics.com
Content-Type: application/json
Content-Length: 1588

[{"data":"+Hooshnic:V1.07,3638.04240,05215.5857,000,260703,163750,000,000,1,3,1,861292053604220"},{"data":"+Hooshnic:V1.07,3638.04240,05215.5857,000,260703,163753,000,000,1,3,1,861292053604220"},{"data":"+Hooshnic:V1.07,3638.04240,05215.5857,000,260703,163756,000,000,1,3,1,861292053604220"},{"data":"+Hooshnic:V1.07,3638.04240,05215.5857,000,260703,163758,000,000,1,3,1,861292053604220"},{"data":"+Hooshnic:V1.07,3638.04240,05215.5857,000,260703,163801,000,000,1,3,1,861292053604220"},{"data":"+Hooshnic:V1.07,3638.04240,05215.5857,000,260703,163804,000,000,1,3,1,861292053604220"},{"data":"+Hooshnic:V1.07,3638.04240,05215.5857,000,260703,163807,000,000,1,3,1,861292053604220"},{"data":"+Hooshnic:V1.07,3638.04240,05215.5857,000,260703,163810,000,000,1,3,1,861292053604220"},{"data":"+Hooshnic:V1.07,3638.04240,05215.5857,000,260703,163813,000,000,1,3,1,861292053604220"},{"data":"+Hooshnic:V1.07,3638.04240,05215.5857,000,260703,163815,000,000,1,3,1,861292053604220"},{"data":"+Hooshnic:V1.07,3638.04240,05215.5857,000,260703,163818,000,000,1,3,1,861292053604220"},{"data":"+Hooshnic:V1.07,3638.04240,05215.5857,000,260703,163821,000,000,1,3,1,861292053604220"},{"data":"+Hooshnic:V1.07,3638.04240,05215.5857,000,260703,163824,000,000,1,3,1,861292053604220"},{"data":"+Hooshnic:V1.07,3638.04240,05215.5857,000,260703,163827,000,000,1,3,1,861292053604220"},{"data":"+Hooshnic:V1.07,3638.04240,05215.5857,000,260703,163830,000,000,1,3,1,861292053604220"},{"data":"+Hooshnic:V1.07,3638.04240,05215.5857,000,260703,163832,000,000,1,3,1,861292053604220"},{}]....................................................................ADDRESS_LOCATION = 1064960AT+CIPSTART="TCP","api.hooshnics.com",80
AT+CIPSEND=1701
POST /api/gps/reports HTTP/1.1
Host: api.hooshnics.com
Content-Type: application/json
Content-Length: 1588

[{"data":"+Hooshnic:V1.07,3638.03950,05215.5617,000,260703,163656,000,000,1,3,1,861292053604220"},{"data":"+Hooshnic:V1.07,3638.03950,05215.5617,000,260703,163659,000,000,1,3,1,861292053604220"},{"data":"+Hooshnic:V1.07,3638.03950,05215.5617,000,260703,163702,000,000,1,3,1,861292053604220"},{"data":"+Hooshnic:V1.07,3638.03950,05215.5617,000,260703,163705,000,000,1,3,1,861292053604220"},{"data":"+Hooshnic:V1.07,3638.03950,05215.5617,000,260703,163707,000,000,1,3,1,861292053604220"},{"data":"+Hooshnic:V1.07,3638.03950,05215.5617,000,260703,163710,000,000,1,3,1,861292053604220"},{"data":"+Hooshnic:V1.07,3638.03950,05215.5617,000,260703,163713,000,000,1,3,1,861292053604220"},{"data":"+Hooshnic:V1.07,3638.03950,05215.5617,000,260703,163716,000,000,1,3,1,861292053604220"},{"data":"+Hooshnic:V1.07,3638.04030,05215.5680,000,260703,163719,006,000,1,3,1,861292053604220"},{"data":"+Hooshnic:V1.07,3638.04230,05215.5848,000,260703,163730,000,000,1,3,1,861292053604220"},{"data":"+Hooshnic:V1.07,3638.04240,05215.5846,000,260703,163733,000,000,1,3,1,861292053604220"},{"data":"+Hooshnic:V1.07,3638.04240,05215.5846,000,260703,163736,000,000,1,3,1,861292053604220"},{"data":"+Hooshnic:V1.07,3638.04240,05215.5846,000,260703,163738,000,000,1,3,1,861292053604220"},{"data":"+Hooshnic:V1.07,3638.04250,05215.5855,000,260703,163741,000,000,1,3,1,861292053604220"},{"data":"+Hooshnic:V1.07,3638.04240,05215.5857,000,260703,163744,000,000,1,3,1,861292053604220"},{"data":"+Hooshnic:V1.07,3638.04240,05215.5857,000,260703,163747,000,000,1,3,1,861292053604220"},{}]....................................................................ADDRESS_LOCATION = 1060864AT+CIPSTART="TCP","api.hooshnics.com",80
AT+CIPSEND=1701
POST /api/gps/reports HTTP/1.1
Host: api.hooshnics.com
Content-Type: application/json
Content-Length: 1588

[{"data":"+Hooshnic:V1.07,3638.03790,05215.5506,000,260703,163611,004,000,1,3,1,861292053604220"},{"data":"+Hooshnic:V1.07,3638.03770,05215.5526,000,260703,163614,002,000,1,3,1,861292053604220"},{"data":"+Hooshnic:V1.07,3638.03740,05215.5526,000,260703,163616,000,000,1,3,1,861292053604220"},{"data":"+Hooshnic:V1.07,3638.03770,05215.5538,000,260703,163619,002,000,1,3,1,861292053604220"},{"data":"+Hooshnic:V1.07,3638.03800,05215.5549,000,260703,163622,002,000,1,3,1,861292053604220"},{"data":"+Hooshnic:V1.07,3638.03850,05215.5572,000,260703,163625,004,001,1,3,1,861292053604220"},{"data":"+Hooshnic:V1.07,3638.03850,05215.5581,000,260703,163628,000,000,1,3,1,861292053604220"},{"data":"+Hooshnic:V1.07,3638.03850,05215.5581,000,260703,163630,000,000,1,3,1,861292053604220"},{"data":"+Hooshnic:V1.07,3638.03850,05215.5581,000,260703,163633,000,000,1,3,1,861292053604220"},{"data":"+Hooshnic:V1.07,3638.03850,05215.5581,000,260703,163636,000,000,1,3,1,861292053604220"},{"data":"+Hooshnic:V1.07,3638.03850,05215.5581,000,260703,163639,000,000,1,3,1,861292053604220"},{"data":"+Hooshnic:V1.07,3638.03850,05215.5581,000,260703,163642,000,000,1,3,1,861292053604220"},{"data":"+Hooshnic:V1.07,3638.03940,05215.5605,000,260703,163645,002,000,1,3,1,861292053604220"},{"data":"+Hooshnic:V1.07,3638.03940,05215.5613,000,260703,163648,000,000,1,3,1,861292053604220"},{"data":"+Hooshnic:V1.07,3638.03950,05215.5617,000,260703,163650,000,000,1,3,1,861292053604220"},{"data":"+Hooshnic:V1.07,3638.03950,05215.5617,000,260703,163653,000,000,1,3,1,861292053604220"},{}]....................................................................ADDRESS_LOCATION = 1056768AT+CIPSTART="TCP","api.hooshnics.com",80
AT+CIPSEND=1701
POST /api/gps/reports HTTP/1.1
Host: api.hooshnics.com
Content-Type: application/json
Content-Length: 1588

[{"data":"+Hooshnic:V1.07,3638.03850,05215.5439,000,260703,163525,000,000,1,3,1,861292053604220"},{"data":"+Hooshnic:V1.07,3638.03850,05215.5439,000,260703,163528,000,000,1,3,1,861292053604220"},{"data":"+Hooshnic:V1.07,3638.03850,05215.5439,000,260703,163531,000,000,1,3,1,861292053604220"},{"data":"+Hooshnic:V1.07,3638.03850,05215.5439,000,260703,163534,000,000,1,3,1,861292053604220"},{"data":"+Hooshnic:V1.07,3638.03850,05215.5439,000,260703,163537,000,000,1,3,1,861292053604220"},{"data":"+Hooshnic:V1.07,3638.03850,05215.5439,000,260703,163539,000,000,1,3,1,861292053604220"},{"data":"+Hooshnic:V1.07,3638.03850,05215.5439,000,260703,163542,000,000,1,3,1,861292053604220"},{"data":"+Hooshnic:V1.07,3638.03850,05215.5439,000,260703,163545,000,000,1,3,1,861292053604220"},{"data":"+Hooshnic:V1.07,3638.03920,05215.5469,000,260703,163548,002,000,1,3,1,861292053604220"},{"data":"+Hooshnic:V1.07,3638.03880,05215.5472,000,260703,163551,000,000,1,3,1,861292053604220"},{"data":"+Hooshnic:V1.07,3638.03880,05215.5473,000,260703,163554,000,000,1,3,1,861292053604220"},{"data":"+Hooshnic:V1.07,3638.03880,05215.5473,000,260703,163556,000,000,1,3,1,861292053604220"},{"data":"+Hooshnic:V1.07,3638.03880,05215.5473,000,260703,163559,000,000,1,3,1,861292053604220"},{"data":"+Hooshnic:V1.07,3638.03880,05215.5473,000,260703,163602,000,000,1,3,1,861292053604220"},{"data":"+Hooshnic:V1.07,3638.03880,05215.5473,000,260703,163605,000,000,1,3,1,861292053604220"},{"data":"+Hooshnic:V1.07,3638.03880,05215.5473,000,260703,163608,000,000,1,3,1,861292053604220"},{}]....................................................................ADDRESS_LOCATION = 1052672AT+CIPSTART="TCP","api.hooshnics.com",80
AT+CIPSEND=1701
POST /api/gps/reports HTTP/1.1
Host: api.hooshnics.com
Content-Type: application/json
Content-Length: 1588

[{"data":"+Hooshnic:V1.07,3638.03850,05215.5439,000,260703,163432,000,000,1,3,1,861292053604220"},{"data":"+Hooshnic:V1.07,3638.03850,05215.5439,000,260703,163434,000,000,1,3,1,861292053604220"},{"data":"+Hooshnic:V1.07,3638.03850,05215.5439,000,260703,163437,000,000,1,3,1,861292053604220"},{"data":"+Hooshnic:V1.07,3638.03850,05215.5439,000,260703,163440,000,000,1,3,1,861292053604220"},{"data":"+Hooshnic:V1.07,3638.03850,05215.5439,000,260703,163443,000,000,1,3,1,861292053604220"},{"data":"+Hooshnic:V1.07,3638.03850,05215.5439,000,260703,163446,000,000,1,3,1,861292053604220"},{"data":"+Hooshnic:V1.07,3638.03850,05215.5439,000,260703,163449,000,000,1,3,1,861292053604220"},{"data":"+Hooshnic:V1.07,3638.03850,05215.5439,000,260703,163451,000,000,1,3,1,861292053604220"},{"data":"+Hooshnic:V1.07,3638.03850,05215.5439,000,260703,163503,000,000,1,3,1,861292053604220"},{"data":"+Hooshnic:V1.07,3638.03850,05215.5439,000,260703,163505,000,000,1,3,1,861292053604220"},{"data":"+Hooshnic:V1.07,3638.03850,05215.5439,000,260703,163508,000,000,1,3,1,861292053604220"},{"data":"+Hooshnic:V1.07,3638.03850,05215.5439,000,260703,163511,000,000,1,3,1,861292053604220"},{"data":"+Hooshnic:V1.07,3638.03850,05215.5439,000,260703,163514,000,000,1,3,1,861292053604220"},{"data":"+Hooshnic:V1.07,3638.03850,05215.5439,000,260703,163517,000,000,1,3,1,861292053604220"},{"data":"+Hooshnic:V1.07,3638.03850,05215.5439,000,260703,163520,000,000,1,3,1,861292053604220"},{"data":"+Hooshnic:V1.07,3638.03850,05215.5439,000,260703,163522,000,000,1,3,1,861292053604220"},{}]....................................................................ADDRESS_LOCATION = 1048576AT+CIPSTART="TCP","api.hooshnics.com",80
AT+CIPSEND=1701
POST /api/gps/reports HTTP/1.1
Host: api.hooshnics.com
Content-Type: application/json
Content-Length: 1588

[{"data":"+Hooshnic:V1.07,3638.03540,05215.5214,000,260703,163346,006,000,1,3,1,861292053604220"},{"data":"+Hooshnic:V1.07,3638.03540,05215.5233,000,260703,163349,000,000,1,3,1,861292053604220"},{"data":"+Hooshnic:V1.07,3638.03590,05215.5265,000,260703,163352,008,000,1,3,1,861292053604220"},{"data":"+Hooshnic:V1.07,3638.03590,05215.5292,000,260703,163355,000,000,1,3,1,861292053604220"},{"data":"+Hooshnic:V1.07,3638.03600,05215.5298,000,260703,163357,000,006,1,3,1,861292053604220"},{"data":"+Hooshnic:V1.07,3638.03600,05215.5301,000,260703,163400,000,000,1,3,1,861292053604220"},{"data":"+Hooshnic:V1.07,3638.03600,05215.5301,000,260703,163403,000,000,1,3,1,861292053604220"},{"data":"+Hooshnic:V1.07,3638.03600,05215.5301,000,260703,163406,000,000,1,3,1,861292053604220"},{"data":"+Hooshnic:V1.07,3638.03600,05215.5301,000,260703,163409,000,000,1,3,1,861292053604220"},{"data":"+Hooshnic:V1.07,3638.03730,05215.5335,000,260703,163412,002,000,1,3,1,861292053604220"},{"data":"+Hooshnic:V1.07,3638.03810,05215.5353,000,260703,163415,004,020,1,3,1,861292053604220"},{"data":"+Hooshnic:V1.07,3638.03800,05215.5382,000,260703,163417,012,000,1,3,1,861292053604220"},{"data":"+Hooshnic:V1.07,3638.03840,05215.5423,000,260703,163420,002,000,1,3,1,861292053604220"},{"data":"+Hooshnic:V1.07,3638.03860,05215.5431,000,260703,163423,000,000,1,3,1,861292053604220"},{"data":"+Hooshnic:V1.07,3638.03880,05215.5430,000,260703,163426,000,000,1,3,1,861292053604220"},{"data":"+Hooshnic:V1.07,3638.03860,05215.5439,000,260703,163429,000,000,1,3,1,861292053604220"},{}]....................................................................ADDRESS_LOCATION = 1044480AT+CIPSTART="TCP","api.hooshnics.com",80
AT+CIPSEND=1701
POST /api/gps/reports HTTP/1.1
Host: api.hooshnics.com
Content-Type: application/json
Content-Length: 1588

[{"data":"+Hooshnic:V1.07,3638.03120,05215.4993,000,260703,163301,000,000,1,3,1,861292053604220"},{"data":"+Hooshnic:V1.07,3638.03120,05215.4993,000,260703,163304,000,000,1,3,1,861292053604220"},{"data":"+Hooshnic:V1.07,3638.03120,05215.4993,000,260703,163306,000,000,1,3,1,861292053604220"},{"data":"+Hooshnic:V1.07,3638.03120,05215.4993,000,260703,163309,000,000,1,3,1,861292053604220"},{"data":"+Hooshnic:V1.07,3638.03120,05215.4993,000,260703,163312,000,000,1,3,1,861292053604220"},{"data":"+Hooshnic:V1.07,3638.03120,05215.4993,000,260703,163315,000,000,1,3,1,861292053604220"},{"data":"+Hooshnic:V1.07,3638.03220,05215.5005,000,260703,163318,000,000,1,3,1,861292053604220"},{"data":"+Hooshnic:V1.07,3638.03220,05215.5009,000,260703,163321,000,000,1,3,1,861292053604220"},{"data":"+Hooshnic:V1.07,3638.03220,05215.5009,000,260703,163323,000,000,1,3,1,861292053604220"},{"data":"+Hooshnic:V1.07,3638.03120,05215.5040,000,260703,163326,002,000,1,3,1,861292053604220"},{"data":"+Hooshnic:V1.07,3638.03210,05215.5051,000,260703,163329,002,000,1,3,1,861292053604220"},{"data":"+Hooshnic:V1.07,3638.03350,05215.5098,000,260703,163332,012,007,1,3,1,861292053604220"},{"data":"+Hooshnic:V1.07,3638.03430,05215.5142,000,260703,163335,004,000,1,3,1,861292053604220"},{"data":"+Hooshnic:V1.07,3638.03480,05215.5166,000,260703,163338,004,000,1,3,1,861292053604220"},{"data":"+Hooshnic:V1.07,3638.03480,05215.5177,000,260703,163340,000,026,1,3,1,861292053604220"},{"data":"+Hooshnic:V1.07,3638.03440,05215.5176,000,260703,163343,000,000,1,3,1,861292053604220"},{}]....................................................................ADDRESS_LOCATION = 1040384AT+CIPSTART="TCP","api.hooshnics.com",80
AT+CIPSEND=1701
POST /api/gps/reports HTTP/1.1
Host: api.hooshnics.com
Content-Type: application/json
Content-Length: 1588

[{"data":"+Hooshnic:V1.07,3638.02360,05215.4507,000,260703,163207,000,000,1,3,1,861292053604220"},{"data":"+Hooshnic:V1.07,3638.02630,05215.4547,000,260703,163210,010,000,1,3,1,861292053604220"},{"data":"+Hooshnic:V1.07,3638.02820,05215.4643,000,260703,163213,020,002,1,3,1,861292053604220"},{"data":"+Hooshnic:V1.07,3638.02900,05215.4714,000,260703,163216,006,000,1,3,1,861292053604220"},{"data":"+Hooshnic:V1.07,3638.02920,05215.4740,000,260703,163218,010,000,1,3,1,861292053604220"},{"data":"+Hooshnic:V1.07,3638.02990,05215.4805,000,260703,163221,012,003,1,3,1,861292053604220"},{"data":"+Hooshnic:V1.07,3638.02860,05215.4816,000,260703,163224,000,000,1,3,1,861292053604220"},{"data":"+Hooshnic:V1.07,3638.02880,05215.4910,000,260703,163235,008,000,1,3,1,861292053604220"},{"data":"+Hooshnic:V1.07,3638.02950,05215.4927,000,260703,163238,000,000,1,3,1,861292053604220"},{"data":"+Hooshnic:V1.07,3638.03030,05215.4964,000,260703,163241,008,005,1,3,1,861292053604220"},{"data":"+Hooshnic:V1.07,3638.03110,05215.4997,000,260703,163244,000,000,1,3,1,861292053604220"},{"data":"+Hooshnic:V1.07,3638.03120,05215.4993,000,260703,163247,000,000,1,3,1,861292053604220"},{"data":"+Hooshnic:V1.07,3638.03120,05215.4993,000,260703,163249,000,000,1,3,1,861292053604220"},{"data":"+Hooshnic:V1.07,3638.03120,05215.4993,000,260703,163252,000,000,1,3,1,861292053604220"},{"data":"+Hooshnic:V1.07,3638.03120,05215.4993,000,260703,163255,000,000,1,3,1,861292053604220"},{"data":"+Hooshnic:V1.07,3638.03120,05215.4993,000,260703,163258,000,000,1,3,1,861292053604220"},{}]....................................................................ADDRESS_LOCATION = 1036288AT+CIPSTART="TCP","api.hooshnics.com",80
AT+CIPSEND=1701
POST /api/gps/reports HTTP/1.1
Host: api.hooshnics.com
Content-Type: application/json
Content-Length: 1588

[{"data":"+Hooshnic:V1.07,3637.93950,05215.1693,000,260703,163122,050,001,1,3,1,861292053604220"},{"data":"+Hooshnic:V1.07,3637.94500,05215.1859,000,260703,163124,050,000,1,3,1,861292053604220"},{"data":"+Hooshnic:V1.07,3637.95330,05215.2109,000,260703,163127,052,000,1,3,1,861292053604220"},{"data":"+Hooshnic:V1.07,3637.96190,05215.2357,000,260703,163130,048,000,1,3,1,861292053604220"},{"data":"+Hooshnic:V1.07,3637.97000,05215.2593,000,260703,163133,046,000,1,3,1,861292053604220"},{"data":"+Hooshnic:V1.07,3637.97780,05215.2820,000,260703,163136,046,000,1,3,1,861292053604220"},{"data":"+Hooshnic:V1.07,3637.98530,05215.3049,000,260703,163139,048,000,1,3,1,861292053604220"},{"data":"+Hooshnic:V1.07,3637.99040,05215.3205,000,260703,163141,048,000,1,3,1,861292053604220"},{"data":"+Hooshnic:V1.07,3637.99810,05215.3439,000,260703,163144,048,000,1,3,1,861292053604220"},{"data":"+Hooshnic:V1.07,3638.00510,05215.3671,000,260703,163147,046,001,1,3,1,861292053604220"},{"data":"+Hooshnic:V1.07,3638.01130,05215.3881,000,260703,163150,038,000,1,3,1,861292053604220"},{"data":"+Hooshnic:V1.07,3638.01520,05215.4056,000,260703,163153,034,000,1,3,1,861292053604220"},{"data":"+Hooshnic:V1.07,3638.01950,05215.4247,000,260703,163156,036,001,1,3,1,861292053604220"},{"data":"+Hooshnic:V1.07,3638.02150,05215.4375,000,260703,163159,016,000,1,3,1,861292053604220"},{"data":"+Hooshnic:V1.07,3638.02190,05215.4420,000,260703,163201,012,000,1,3,1,861292053604220"},{"data":"+Hooshnic:V1.07,3638.02250,05215.4485,000,260703,163204,012,002,1,3,1,861292053604220"},{}]....................................................................ADDRESS_LOCATION = 1032192AT+CIPSTART="TCP","api.hooshnics.com",80
AT+CIPSEND=1701
POST /api/gps/reports HTTP/1.1
Host: api.hooshnics.com
Content-Type: application/json
Content-Length: 1588

[{"data":"+Hooshnic:V1.07,3637.84720,05214.8579,000,260703,163036,020,000,1,3,1,861292053604220"},{"data":"+Hooshnic:V1.07,3637.85270,05214.8682,000,260703,163039,024,001,1,3,1,861292053604220"},{"data":"+Hooshnic:V1.07,3637.85730,05214.8810,000,260703,163042,026,000,1,3,1,861292053604220"},{"data":"+Hooshnic:V1.07,3637.86180,05214.8933,000,260703,163045,026,000,1,3,1,861292053604220"},{"data":"+Hooshnic:V1.07,3637.86500,05214.9030,000,260703,163047,032,003,1,3,1,861292053604220"},{"data":"+Hooshnic:V1.07,3637.86910,05214.9216,000,260703,163050,040,000,1,3,1,861292053604220"},{"data":"+Hooshnic:V1.07,3637.87500,05214.9423,000,260703,163053,042,000,1,3,1,861292053604220"},{"data":"+Hooshnic:V1.07,3637.88100,05214.9642,000,260703,163056,042,002,1,3,1,861292053604220"},{"data":"+Hooshnic:V1.07,3637.88680,05214.9857,000,260703,163059,042,000,1,3,1,861292053604220"},{"data":"+Hooshnic:V1.07,3637.89250,05215.0069,000,260703,163102,044,000,1,3,1,861292053604220"},{"data":"+Hooshnic:V1.07,3637.89840,05215.0284,000,260703,163105,044,001,1,3,1,861292053604220"},{"data":"+Hooshnic:V1.07,3637.90260,05215.0429,000,260703,163107,044,000,1,3,1,861292053604220"},{"data":"+Hooshnic:V1.07,3637.90910,05215.0659,000,260703,163110,048,000,1,3,1,861292053604220"},{"data":"+Hooshnic:V1.07,3637.91590,05215.0904,000,260703,163113,050,001,1,3,1,861292053604220"},{"data":"+Hooshnic:V1.07,3637.92370,05215.1166,000,260703,163116,056,000,1,3,1,861292053604220"},{"data":"+Hooshnic:V1.07,3637.93150,05215.1436,000,260703,163119,056,000,1,3,1,861292053604220"},{}]....................................................................ADDRESS_LOCATION = 1028096AT+CIPSTART="TCP","api.hooshnics.com",80
AT+CIPSEND=1701
POST /api/gps/reports HTTP/1.1
Host: api.hooshnics.com
Content-Type: application/json
Content-Length: 1588

[{"data":"+Hooshnic:V1.07,3637.83110,05214.8152,000,260703,162942,000,000,1,3,1,861292053604220"},{"data":"+Hooshnic:V1.07,3637.83110,05214.8152,000,260703,162945,000,000,1,3,1,861292053604220"},{"data":"+Hooshnic:V1.07,3637.83110,05214.8152,000,260703,162948,000,000,1,3,1,861292053604220"},{"data":"+Hooshnic:V1.07,3637.83110,05214.8152,000,260703,162951,000,000,1,3,1,861292053604220"},{"data":"+Hooshnic:V1.07,3637.83110,05214.8152,000,260703,162954,000,000,1,3,1,861292053604220"},{"data":"+Hooshnic:V1.07,3637.83110,05214.8152,000,260703,162957,000,000,1,3,1,861292053604220"},{"data":"+Hooshnic:V1.07,3637.83110,05214.8152,000,260703,163008,000,000,1,3,1,861292053604220"},{"data":"+Hooshnic:V1.07,3637.83110,05214.8152,000,260703,163011,000,000,1,3,1,861292053604220"},{"data":"+Hooshnic:V1.07,3637.83110,05214.8152,000,260703,163014,000,000,1,3,1,861292053604220"},{"data":"+Hooshnic:V1.07,3637.83110,05214.8152,000,260703,163016,000,000,1,3,1,861292053604220"},{"data":"+Hooshnic:V1.07,3637.83110,05214.8152,000,260703,163019,000,000,1,3,1,861292053604220"},{"data":"+Hooshnic:V1.07,3637.83110,05214.8152,000,260703,163022,000,000,1,3,1,861292053604220"},{"data":"+Hooshnic:V1.07,3637.83110,05214.8152,000,260703,163025,000,000,1,3,1,861292053604220"},{"data":"+Hooshnic:V1.07,3637.83400,05214.8246,000,260703,163028,026,000,1,3,1,861292053604220"},{"data":"+Hooshnic:V1.07,3637.83760,05214.8353,000,260703,163030,030,004,1,3,1,861292053604220"},{"data":"+Hooshnic:V1.07,3637.84310,05214.8487,000,260703,163033,020,000,1,3,1,861292053604220"},{}]....................................................................ADDRESS_LOCATION = 1024000AT+CIPSTART="TCP","api.hooshnics.com",80
AT+CIPSEND=1701
POST /api/gps/reports HTTP/1.1
Host: api.hooshnics.com
Content-Type: application/json
Content-Length: 1588

[{"data":"+Hooshnic:V1.07,3637.81710,05214.7711,000,260703,162857,020,000,1,3,1,861292053604220"},{"data":"+Hooshnic:V1.07,3637.82010,05214.7815,000,260703,162900,018,000,1,3,1,861292053604220"},{"data":"+Hooshnic:V1.07,3637.82190,05214.7890,000,260703,162903,012,000,1,3,1,861292053604220"},{"data":"+Hooshnic:V1.07,3637.82430,05214.7962,000,260703,162906,016,000,1,3,1,861292053604220"},{"data":"+Hooshnic:V1.07,3637.82630,05214.8012,000,260703,162908,016,000,1,3,1,861292053604220"},{"data":"+Hooshnic:V1.07,3637.82870,05214.8077,000,260703,162911,010,002,1,3,1,861292053604220"},{"data":"+Hooshnic:V1.07,3637.83030,05214.8129,000,260703,162914,010,000,1,3,1,861292053604220"},{"data":"+Hooshnic:V1.07,3637.83100,05214.8152,000,260703,162917,000,000,1,3,1,861292053604220"},{"data":"+Hooshnic:V1.07,3637.83110,05214.8152,000,260703,162920,000,000,1,3,1,861292053604220"},{"data":"+Hooshnic:V1.07,3637.83110,05214.8152,000,260703,162923,000,000,1,3,1,861292053604220"},{"data":"+Hooshnic:V1.07,3637.83110,05214.8152,000,260703,162925,000,000,1,3,1,861292053604220"},{"data":"+Hooshnic:V1.07,3637.83110,05214.8152,000,260703,162928,000,000,1,3,1,861292053604220"},{"data":"+Hooshnic:V1.07,3637.83110,05214.8152,000,260703,162931,000,000,1,3,1,861292053604220"},{"data":"+Hooshnic:V1.07,3637.83110,05214.8152,000,260703,162934,000,000,1,3,1,861292053604220"},{"data":"+Hooshnic:V1.07,3637.83110,05214.8152,000,260703,162937,000,000,1,3,1,861292053604220"},{"data":"+Hooshnic:V1.07,3637.83110,05214.8152,000,260703,162940,000,000,1,3,1,861292053604220"},{}]....................................................................ADDRESS_LOCATION = 1019904AT+CIPSTART="TCP","api.hooshnics.com",80
AT+CIPSEND=1701
POST /api/gps/reports HTTP/1.1
Host: api.hooshnics.com
Content-Type: application/json
Content-Length: 1588

[{"data":"+Hooshnic:V1.07,3637.80620,05214.7438,000,260703,162812,000,000,1,3,1,861292053604220"},{"data":"+Hooshnic:V1.07,3637.80710,05214.7458,000,260703,162814,004,000,1,3,1,861292053604220"},{"data":"+Hooshnic:V1.07,3637.80970,05214.7503,000,260703,162817,004,000,1,3,1,861292053604220"},{"data":"+Hooshnic:V1.07,3637.81070,05214.7507,000,260703,162820,000,000,1,3,1,861292053604220"},{"data":"+Hooshnic:V1.07,3637.81110,05214.7507,000,260703,162823,000,000,1,3,1,861292053604220"},{"data":"+Hooshnic:V1.07,3637.81110,05214.7507,000,260703,162826,000,000,1,3,1,861292053604220"},{"data":"+Hooshnic:V1.07,3637.81270,05214.7551,000,260703,162829,012,004,1,3,1,861292053604220"},{"data":"+Hooshnic:V1.07,3637.81410,05214.7592,000,260703,162831,010,000,1,3,1,861292053604220"},{"data":"+Hooshnic:V1.07,3637.81560,05214.7623,000,260703,162834,002,000,1,3,1,861292053604220"},{"data":"+Hooshnic:V1.07,3637.81580,05214.7631,000,260703,162837,000,000,1,3,1,861292053604220"},{"data":"+Hooshnic:V1.07,3637.81580,05214.7633,000,260703,162840,000,000,1,3,1,861292053604220"},{"data":"+Hooshnic:V1.07,3637.81580,05214.7633,000,260703,162843,000,000,1,3,1,861292053604220"},{"data":"+Hooshnic:V1.07,3637.81580,05214.7633,000,260703,162846,000,000,1,3,1,861292053604220"},{"data":"+Hooshnic:V1.07,3637.81580,05214.7633,000,260703,162848,000,000,1,3,1,861292053604220"},{"data":"+Hooshnic:V1.07,3637.81580,05214.7633,000,260703,162851,000,000,1,3,1,861292053604220"},{"data":"+Hooshnic:V1.07,3637.81550,05214.7649,000,260703,162854,002,023,1,3,1,861292053604220"},{}]....................................................................ADDRESS_LOCATION = 1015808AT+CIPSTART="TCP","api.hooshnics.com",80
AT+CIPSEND=1701
POST /api/gps/reports HTTP/1.1
Host: api.hooshnics.com
Content-Type: application/json
Content-Length: 1588

[{"data":"+Hooshnic:V1.07,3637.79430,05214.7064,000,260703,162718,000,000,1,3,1,861292053604220"},{"data":"+Hooshnic:V1.07,3637.79430,05214.7064,000,260703,162721,000,000,1,3,1,861292053604220"},{"data":"+Hooshnic:V1.07,3637.79430,05214.7064,000,260703,162724,000,000,1,3,1,861292053604220"},{"data":"+Hooshnic:V1.07,3637.79430,05214.7064,000,260703,162726,000,000,1,3,1,861292053604220"},{"data":"+Hooshnic:V1.07,3637.79430,05214.7064,000,260703,162729,000,000,1,3,1,861292053604220"},{"data":"+Hooshnic:V1.07,3637.79430,05214.7064,000,260703,162740,000,000,1,3,1,861292053604220"},{"data":"+Hooshnic:V1.07,3637.79430,05214.7064,000,260703,162743,000,000,1,3,1,861292053604220"},{"data":"+Hooshnic:V1.07,3637.79850,05214.7134,000,260703,162746,016,001,1,3,1,861292053604220"},{"data":"+Hooshnic:V1.07,3637.80010,05214.7216,000,260703,162749,014,000,1,3,1,861292053604220"},{"data":"+Hooshnic:V1.07,3637.80240,05214.7282,000,260703,162752,010,000,1,3,1,861292053604220"},{"data":"+Hooshnic:V1.07,3637.80350,05214.7315,000,260703,162755,006,004,1,3,1,861292053604220"},{"data":"+Hooshnic:V1.07,3637.80410,05214.7334,000,260703,162757,004,000,1,3,1,861292053604220"},{"data":"+Hooshnic:V1.07,3637.80440,05214.7352,000,260703,162800,004,000,1,3,1,861292053604220"},{"data":"+Hooshnic:V1.07,3637.80530,05214.7390,000,260703,162803,006,002,1,3,1,861292053604220"},{"data":"+Hooshnic:V1.07,3637.80520,05214.7398,000,260703,162806,000,000,1,3,1,861292053604220"},{"data":"+Hooshnic:V1.07,3637.80580,05214.7423,000,260703,162809,000,000,1,3,1,861292053604220"},{}]....................................................................ADDRESS_LOCATION = 1011712AT+CIPSTART="TCP","api.hooshnics.com",80
AT+CIPSEND=1701
POST /api/gps/reports HTTP/1.1
Host: api.hooshnics.com
Content-Type: application/json
Content-Length: 1588

[{"data":"+Hooshnic:V1.07,3637.78910,05214.6932,000,260703,162632,000,000,1,3,1,861292053604220"},{"data":"+Hooshnic:V1.07,3637.79000,05214.6941,000,260703,162635,000,000,1,3,1,861292053604220"},{"data":"+Hooshnic:V1.07,3637.79060,05214.6951,000,260703,162638,000,000,1,3,1,861292053604220"},{"data":"+Hooshnic:V1.07,3637.79080,05214.6952,000,260703,162641,000,000,1,3,1,861292053604220"},{"data":"+Hooshnic:V1.07,3637.79080,05214.6952,000,260703,162644,000,000,1,3,1,861292053604220"},{"data":"+Hooshnic:V1.07,3637.79080,05214.6952,000,260703,162647,000,000,1,3,1,861292053604220"},{"data":"+Hooshnic:V1.07,3637.79080,05214.6952,000,260703,162649,000,000,1,3,1,861292053604220"},{"data":"+Hooshnic:V1.07,3637.79080,05214.6952,000,260703,162652,000,000,1,3,1,861292053604220"},{"data":"+Hooshnic:V1.07,3637.79080,05214.6952,000,260703,162655,000,000,1,3,1,861292053604220"},{"data":"+Hooshnic:V1.07,3637.79080,05214.6952,000,260703,162658,000,000,1,3,1,861292053604220"},{"data":"+Hooshnic:V1.07,3637.79080,05214.6952,000,260703,162701,000,000,1,3,1,861292053604220"},{"data":"+Hooshnic:V1.07,3637.79080,05214.6952,000,260703,162704,000,000,1,3,1,861292053604220"},{"data":"+Hooshnic:V1.07,3637.79080,05214.6952,000,260703,162706,000,000,1,3,1,861292053604220"},{"data":"+Hooshnic:V1.07,3637.79260,05214.7015,000,260703,162709,010,001,1,3,1,861292053604220"},{"data":"+Hooshnic:V1.07,3637.79420,05214.7056,000,260703,162712,008,000,1,3,1,861292053604220"},{"data":"+Hooshnic:V1.07,3637.79430,05214.7066,000,260703,162715,000,000,1,3,1,861292053604220"},{}]....................................................................ADDRESS_LOCATION = 1007616AT+CIPSTART="TCP","api.hooshnics.com",80
AT+CIPSEND=1701
POST /api/gps/reports HTTP/1.1
Host: api.hooshnics.com
Content-Type: application/json
Content-Length: 1588

[{"data":"+Hooshnic:V1.07,3637.77800,05214.6623,000,260703,162547,000,000,1,3,1,861292053604220"},{"data":"+Hooshnic:V1.07,3637.77800,05214.6623,000,260703,162550,000,000,1,3,1,861292053604220"},{"data":"+Hooshnic:V1.07,3637.77800,05214.6623,000,260703,162553,000,000,1,3,1,861292053604220"},{"data":"+Hooshnic:V1.07,3637.77800,05214.6623,000,260703,162556,000,000,1,3,1,861292053604220"},{"data":"+Hooshnic:V1.07,3637.77800,05214.6623,000,260703,162558,000,000,1,3,1,861292053604220"},{"data":"+Hooshnic:V1.07,3637.77800,05214.6623,000,260703,162601,000,000,1,3,1,861292053604220"},{"data":"+Hooshnic:V1.07,3637.77800,05214.6623,000,260703,162604,000,000,1,3,1,861292053604220"},{"data":"+Hooshnic:V1.07,3637.77800,05214.6623,000,260703,162607,000,000,1,3,1,861292053604220"},{"data":"+Hooshnic:V1.07,3637.77800,05214.6623,000,260703,162610,000,000,1,3,1,861292053604220"},{"data":"+Hooshnic:V1.07,3637.77800,05214.6623,000,260703,162613,000,000,1,3,1,861292053604220"},{"data":"+Hooshnic:V1.07,3637.77800,05214.6623,000,260703,162615,000,000,1,3,1,861292053604220"},{"data":"+Hooshnic:V1.07,3637.77900,05214.6658,000,260703,162618,010,004,1,3,1,861292053604220"},{"data":"+Hooshnic:V1.07,3637.78070,05214.6695,000,260703,162621,004,000,1,3,1,861292053604220"},{"data":"+Hooshnic:V1.07,3637.78250,05214.6745,000,260703,162624,010,000,1,3,1,861292053604220"},{"data":"+Hooshnic:V1.07,3637.78470,05214.6814,000,260703,162627,014,002,1,3,1,861292053604220"},{"data":"+Hooshnic:V1.07,3637.78780,05214.6903,000,260703,162630,014,000,1,3,1,861292053604220"},{}]....................................................................ADDRESS_LOCATION = 1003520AT+CIPSTART="TCP","api.hooshnics.com",80
AT+CIPSEND=1701
POST /api/gps/reports HTTP/1.1
Host: api.hooshnics.com
Content-Type: application/json
Content-Length: 1588

[{"data":"+Hooshnic:V1.07,3637.76580,05214.6145,000,260703,162453,010,000,1,3,1,861292053604220"},{"data":"+Hooshnic:V1.07,3637.76710,05214.6182,000,260703,162456,006,000,1,3,1,861292053604220"},{"data":"+Hooshnic:V1.07,3637.76770,05214.6242,000,260703,162459,018,002,1,3,1,861292053604220"},{"data":"+Hooshnic:V1.07,3637.77000,05214.6335,000,260703,162502,018,000,1,3,1,861292053604220"},{"data":"+Hooshnic:V1.07,3637.77600,05214.6514,000,260703,162513,000,000,1,3,1,861292053604220"},{"data":"+Hooshnic:V1.07,3637.77600,05214.6514,000,260703,162516,000,000,1,3,1,861292053604220"},{"data":"+Hooshnic:V1.07,3637.77600,05214.6514,000,260703,162519,000,000,1,3,1,861292053604220"},{"data":"+Hooshnic:V1.07,3637.77600,05214.6514,000,260703,162521,000,000,1,3,1,861292053604220"},{"data":"+Hooshnic:V1.07,3637.77600,05214.6514,000,260703,162524,000,000,1,3,1,861292053604220"},{"data":"+Hooshnic:V1.07,3637.77600,05214.6514,000,260703,162527,000,000,1,3,1,861292053604220"},{"data":"+Hooshnic:V1.07,3637.77600,05214.6514,000,260703,162530,000,000,1,3,1,861292053604220"},{"data":"+Hooshnic:V1.07,3637.77700,05214.6569,000,260703,162533,014,000,1,3,1,861292053604220"},{"data":"+Hooshnic:V1.07,3637.77780,05214.6624,000,260703,162536,004,004,1,3,1,861292053604220"},{"data":"+Hooshnic:V1.07,3637.77800,05214.6623,000,260703,162539,000,000,1,3,1,861292053604220"},{"data":"+Hooshnic:V1.07,3637.77800,05214.6623,000,260703,162541,000,000,1,3,1,861292053604220"},{"data":"+Hooshnic:V1.07,3637.77800,05214.6623,000,260703,162544,000,000,1,3,1,861292053604220"},{}]....................................................................ADDRESS_LOCATION = 999424AT+CIPSTART="TCP","api.hooshnics.com",80
AT+CIPSEND=1701
POST /api/gps/reports HTTP/1.1
Host: api.hooshnics.com
Content-Type: application/json
Content-Length: 1588

[{"data":"+Hooshnic:V1.07,3637.76370,05214.6056,000,260703,162408,000,000,1,3,1,861292053604220"},{"data":"+Hooshnic:V1.07,3637.76370,05214.6056,000,260703,162411,000,000,1,3,1,861292053604220"},{"data":"+Hooshnic:V1.07,3637.76370,05214.6056,000,260703,162414,000,000,1,3,1,861292053604220"},{"data":"+Hooshnic:V1.07,3637.76370,05214.6056,000,260703,162416,000,000,1,3,1,861292053604220"},{"data":"+Hooshnic:V1.07,3637.76370,05214.6056,000,260703,162419,000,000,1,3,1,861292053604220"},{"data":"+Hooshnic:V1.07,3637.76370,05214.6056,000,260703,162422,000,000,1,3,1,861292053604220"},{"data":"+Hooshnic:V1.07,3637.76370,05214.6056,000,260703,162425,000,000,1,3,1,861292053604220"},{"data":"+Hooshnic:V1.07,3637.76370,05214.6056,000,260703,162428,000,000,1,3,1,861292053604220"},{"data":"+Hooshnic:V1.07,3637.76370,05214.6056,000,260703,162431,000,000,1,3,1,861292053604220"},{"data":"+Hooshnic:V1.07,3637.76370,05214.6056,000,260703,162433,000,000,1,3,1,861292053604220"},{"data":"+Hooshnic:V1.07,3637.76370,05214.6056,000,260703,162436,000,000,1,3,1,861292053604220"},{"data":"+Hooshnic:V1.07,3637.76370,05214.6056,000,260703,162439,000,000,1,3,1,861292053604220"},{"data":"+Hooshnic:V1.07,3637.76370,05214.6056,000,260703,162442,000,000,1,3,1,861292053604220"},{"data":"+Hooshnic:V1.07,3637.76370,05214.6056,000,260703,162445,000,000,1,3,1,861292053604220"},{"data":"+Hooshnic:V1.07,3637.76370,05214.6056,000,260703,162448,000,000,1,3,1,861292053604220"},{"data":"+Hooshnic:V1.07,3637.76400,05214.6089,000,260703,162450,006,003,1,3,1,861292053604220"},{}]....................................................................ADDRESS_LOCATION = 995328AT+CIPSTART="TCP","api.hooshnics.com",80
AT+CIPSEND=1701
POST /api/gps/reports HTTP/1.1
Host: api.hooshnics.com
Content-Type: application/json
Content-Length: 1588

[{"data":"+Hooshnic:V1.07,3637.75910,05214.5790,000,260703,162322,004,000,1,3,1,861292053604220"},{"data":"+Hooshnic:V1.07,3637.75900,05214.5838,000,260703,162325,006,001,1,3,1,861292053604220"},{"data":"+Hooshnic:V1.07,3637.75920,05214.5863,000,260703,162328,004,000,1,3,1,861292053604220"},{"data":"+Hooshnic:V1.07,3637.76010,05214.5914,000,260703,162331,016,000,1,3,1,861292053604220"},{"data":"+Hooshnic:V1.07,3637.76110,05214.5958,000,260703,162334,004,005,1,3,1,861292053604220"},{"data":"+Hooshnic:V1.07,3637.76160,05214.5972,000,260703,162337,000,000,1,3,1,861292053604220"},{"data":"+Hooshnic:V1.07,3637.76120,05214.5968,000,260703,162340,000,000,1,3,1,861292053604220"},{"data":"+Hooshnic:V1.07,3637.76120,05214.5968,000,260703,162342,000,000,1,3,1,861292053604220"},{"data":"+Hooshnic:V1.07,3637.76180,05214.5988,000,260703,162345,006,000,1,3,1,861292053604220"},{"data":"+Hooshnic:V1.07,3637.76320,05214.6043,000,260703,162348,006,000,1,3,1,861292053604220"},{"data":"+Hooshnic:V1.07,3637.76370,05214.6057,000,260703,162351,000,000,1,3,1,861292053604220"},{"data":"+Hooshnic:V1.07,3637.76370,05214.6056,000,260703,162354,000,000,1,3,1,861292053604220"},{"data":"+Hooshnic:V1.07,3637.76370,05214.6056,000,260703,162357,000,000,1,3,1,861292053604220"},{"data":"+Hooshnic:V1.07,3637.76370,05214.6056,000,260703,162359,000,000,1,3,1,861292053604220"},{"data":"+Hooshnic:V1.07,3637.76370,05214.6056,000,260703,162402,000,000,1,3,1,861292053604220"},{"data":"+Hooshnic:V1.07,3637.76370,05214.6056,000,260703,162405,000,000,1,3,1,861292053604220"},{}]....................................................................ADDRESS_LOCATION = 991232AT+CIPSTART="TCP","api.hooshnics.com",80
AT+CIPSEND=1701
POST /api/gps/reports HTTP/1.1
Host: api.hooshnics.com
Content-Type: application/json
Content-Length: 1588

[{"data":"+Hooshnic:V1.07,3637.75770,05214.5758,000,260703,162229,002,000,1,3,1,861292053604220"},{"data":"+Hooshnic:V1.07,3637.75810,05214.5756,000,260703,162232,000,000,1,3,1,861292053604220"},{"data":"+Hooshnic:V1.07,3637.75810,05214.5756,000,260703,162234,000,000,1,3,1,861292053604220"},{"data":"+Hooshnic:V1.07,3637.75810,05214.5756,000,260703,162246,000,000,1,3,1,861292053604220"},{"data":"+Hooshnic:V1.07,3637.75810,05214.5756,000,260703,162248,000,000,1,3,1,861292053604220"},{"data":"+Hooshnic:V1.07,3637.75810,05214.5756,000,260703,162251,000,000,1,3,1,861292053604220"},{"data":"+Hooshnic:V1.07,3637.75810,05214.5756,000,260703,162254,000,000,1,3,1,861292053604220"},{"data":"+Hooshnic:V1.07,3637.75810,05214.5756,000,260703,162257,000,000,1,3,1,861292053604220"},{"data":"+Hooshnic:V1.07,3637.75880,05214.5768,000,260703,162300,000,028,1,3,1,861292053604220"},{"data":"+Hooshnic:V1.07,3637.75880,05214.5770,000,260703,162303,000,000,1,3,1,861292053604220"},{"data":"+Hooshnic:V1.07,3637.75880,05214.5770,000,260703,162306,000,000,1,3,1,861292053604220"},{"data":"+Hooshnic:V1.07,3637.75880,05214.5770,000,260703,162308,000,000,1,3,1,861292053604220"},{"data":"+Hooshnic:V1.07,3637.75880,05214.5770,000,260703,162311,000,000,1,3,1,861292053604220"},{"data":"+Hooshnic:V1.07,3637.75880,05214.5770,000,260703,162314,000,000,1,3,1,861292053604220"},{"data":"+Hooshnic:V1.07,3637.75880,05214.5770,000,260703,162317,000,000,1,3,1,861292053604220"},{"data":"+Hooshnic:V1.07,3637.75880,05214.5770,000,260703,162320,000,000,1,3,1,861292053604220"},{}]....................................................................ADDRESS_LOCATION = 987136AT+CIPSTART="TCP","api.hooshnics.com",80
AT+CIPSEND=1701
POST /api/gps/reports HTTP/1.1
Host: api.hooshnics.com
Content-Type: application/json
Content-Length: 1588

[{"data":"+Hooshnic:V1.07,3637.68130,05214.3154,000,260703,162143,060,000,1,3,1,861292053604220"},{"data":"+Hooshnic:V1.07,3637.69330,05214.3439,000,260703,162146,062,000,1,3,1,861292053604220"},{"data":"+Hooshnic:V1.07,3637.70650,05214.3738,000,260703,162149,064,002,1,3,1,861292053604220"},{"data":"+Hooshnic:V1.07,3637.71550,05214.4057,000,260703,162152,064,000,1,3,1,861292053604220"},{"data":"+Hooshnic:V1.07,3637.72380,05214.4384,000,260703,162155,066,000,1,3,1,861292053604220"},{"data":"+Hooshnic:V1.07,3637.73190,05214.4702,000,260703,162158,060,003,1,3,1,861292053604220"},{"data":"+Hooshnic:V1.07,3637.73620,05214.4894,000,260703,162200,054,000,1,3,1,861292053604220"},{"data":"+Hooshnic:V1.07,3637.74280,05214.5153,000,260703,162203,050,000,1,3,1,861292053604220"},{"data":"+Hooshnic:V1.07,3637.74910,05214.5388,000,260703,162206,040,001,1,3,1,861292053604220"},{"data":"+Hooshnic:V1.07,3637.75250,05214.5536,000,260703,162209,022,000,1,3,1,861292053604220"},{"data":"+Hooshnic:V1.07,3637.75310,05214.5635,000,260703,162212,016,000,1,3,1,861292053604220"},{"data":"+Hooshnic:V1.07,3637.75430,05214.5675,000,260703,162215,000,000,1,3,1,861292053604220"},{"data":"+Hooshnic:V1.07,3637.75420,05214.5666,000,260703,162217,000,000,1,3,1,861292053604220"},{"data":"+Hooshnic:V1.07,3637.75430,05214.5661,000,260703,162220,000,000,1,3,1,861292053604220"},{"data":"+Hooshnic:V1.07,3637.75430,05214.5662,000,260703,162223,000,000,1,3,1,861292053604220"},{"data":"+Hooshnic:V1.07,3637.75600,05214.5724,000,260703,162226,014,000,1,3,1,861292053604220"},{}]....................................................................ADDRESS_LOCATION = 983040AT+CIPSTART="TCP","api.hooshnics.com",80
AT+CIPSEND=1701
POST /api/gps/reports HTTP/1.1
Host: api.hooshnics.com
Content-Type: application/json
Content-Length: 1588

[{"data":"+Hooshnic:V1.07,3637.41110,05213.9876,000,260703,162058,066,001,1,3,1,861292053604220"},{"data":"+Hooshnic:V1.07,3637.43420,05214.0090,000,260703,162101,068,000,1,3,1,861292053604220"},{"data":"+Hooshnic:V1.07,3637.45750,05214.0312,000,260703,162104,070,000,1,3,1,861292053604220"},{"data":"+Hooshnic:V1.07,3637.47330,05214.0463,000,260703,162106,070,001,1,3,1,861292053604220"},{"data":"+Hooshnic:V1.07,3637.49430,05214.0661,000,260703,162109,056,000,1,3,1,861292053604220"},{"data":"+Hooshnic:V1.07,3637.51370,05214.0836,000,260703,162112,060,000,1,3,1,861292053604220"},{"data":"+Hooshnic:V1.07,3637.53380,05214.1043,000,260703,162115,064,001,1,3,1,861292053604220"},{"data":"+Hooshnic:V1.07,3637.55270,05214.1249,000,260703,162118,056,000,1,3,1,861292053604220"},{"data":"+Hooshnic:V1.07,3637.56800,05214.1428,000,260703,162121,048,000,1,3,1,861292053604220"},{"data":"+Hooshnic:V1.07,3637.57850,05214.1535,000,260703,162123,050,000,1,3,1,861292053604220"},{"data":"+Hooshnic:V1.07,3637.59480,05214.1717,000,260703,162126,058,000,1,3,1,861292053604220"},{"data":"+Hooshnic:V1.07,3637.61270,05214.1944,000,260703,162129,060,000,1,3,1,861292053604220"},{"data":"+Hooshnic:V1.07,3637.62990,05214.2195,000,260703,162132,064,002,1,3,1,861292053604220"},{"data":"+Hooshnic:V1.07,3637.64610,05214.2463,000,260703,162135,062,000,1,3,1,861292053604220"},{"data":"+Hooshnic:V1.07,3637.66040,05214.2717,000,260703,162138,056,000,1,3,1,861292053604220"},{"data":"+Hooshnic:V1.07,3637.67270,05214.2972,000,260703,162141,054,001,1,3,1,861292053604220"},{}]....................................................................ADDRESS_LOCATION = 978944AT+CIPSTART="TCP","api.hooshnics.com",80
AT+CIPSEND=1701
POST /api/gps/reports HTTP/1.1
Host: api.hooshnics.com
Content-Type: application/json
Content-Length: 1588

[{"data":"+Hooshnic:V1.07,3637.03820,05213.5596,000,260703,162004,076,000,1,3,1,861292053604220"},{"data":"+Hooshnic:V1.07,3637.05610,05213.5919,000,260703,162007,076,001,1,3,1,861292053604220"},{"data":"+Hooshnic:V1.07,3637.13580,05213.7093,000,260703,162018,078,000,1,3,1,861292053604220"},{"data":"+Hooshnic:V1.07,3637.15940,05213.7374,000,260703,162021,076,000,1,3,1,861292053604220"},{"data":"+Hooshnic:V1.07,3637.18290,05213.7653,000,260703,162024,076,000,1,3,1,861292053604220"},{"data":"+Hooshnic:V1.07,3637.20420,05213.7899,000,260703,162027,062,000,1,3,1,861292053604220"},{"data":"+Hooshnic:V1.07,3637.22190,05213.8090,000,260703,162030,050,000,1,3,1,861292053604220"},{"data":"+Hooshnic:V1.07,3637.23240,05213.8204,000,260703,162032,048,001,1,3,1,861292053604220"},{"data":"+Hooshnic:V1.07,3637.24950,05213.8383,000,260703,162035,054,000,1,3,1,861292053604220"},{"data":"+Hooshnic:V1.07,3637.26820,05213.8563,000,260703,162038,056,000,1,3,1,861292053604220"},{"data":"+Hooshnic:V1.07,3637.28900,05213.8746,000,260703,162041,060,001,1,3,1,861292053604220"},{"data":"+Hooshnic:V1.07,3637.31030,05213.8936,000,260703,162044,062,000,1,3,1,861292053604220"},{"data":"+Hooshnic:V1.07,3637.33230,05213.9143,000,260703,162047,068,000,1,3,1,861292053604220"},{"data":"+Hooshnic:V1.07,3637.34780,05213.9290,000,260703,162049,070,001,1,3,1,861292053604220"},{"data":"+Hooshnic:V1.07,3637.37020,05213.9492,000,260703,162052,058,000,1,3,1,861292053604220"},{"data":"+Hooshnic:V1.07,3637.38930,05213.9675,000,260703,162055,054,000,1,3,1,861292053604220"},{}]....................................................................ADDRESS_LOCATION = 974848AT+CIPSTART="TCP","api.hooshnics.com",80
AT+CIPSEND=1701
POST /api/gps/reports HTTP/1.1
Host: api.hooshnics.com
Content-Type: application/json
Content-Length: 1588

[{"data":"+Hooshnic:V1.07,3636.89700,05213.3166,000,260703,161919,002,000,1,3,1,861292053604220"},{"data":"+Hooshnic:V1.07,3636.89800,05213.3157,000,260703,161921,002,000,1,3,1,861292053604220"},{"data":"+Hooshnic:V1.07,3636.90180,05213.3119,000,260703,161924,012,000,1,3,1,861292053604220"},{"data":"+Hooshnic:V1.07,3636.90720,05213.3075,000,260703,161927,008,000,1,3,1,861292053604220"},{"data":"+Hooshnic:V1.07,3636.91200,05213.3056,000,260703,161930,010,000,1,3,1,861292053604220"},{"data":"+Hooshnic:V1.07,3636.91810,05213.3055,000,260703,161933,014,017,1,3,1,861292053604220"},{"data":"+Hooshnic:V1.07,3636.92410,05213.3115,000,260703,161936,016,000,1,3,1,861292053604220"},{"data":"+Hooshnic:V1.07,3636.92920,05213.3230,000,260703,161939,030,000,1,3,1,861292053604220"},{"data":"+Hooshnic:V1.07,3636.93390,05213.3347,000,260703,161941,040,000,1,3,1,861292053604220"},{"data":"+Hooshnic:V1.07,3636.94320,05213.3562,000,260703,161944,050,000,1,3,1,861292053604220"},{"data":"+Hooshnic:V1.07,3636.95330,05213.3815,000,260703,161947,056,000,1,3,1,861292053604220"},{"data":"+Hooshnic:V1.07,3636.96520,05213.4095,000,260703,161950,062,002,1,3,1,861292053604220"},{"data":"+Hooshnic:V1.07,3636.97940,05213.4374,000,260703,161953,064,000,1,3,1,861292053604220"},{"data":"+Hooshnic:V1.07,3636.99450,05213.4685,000,260703,161956,074,000,1,3,1,861292053604220"},{"data":"+Hooshnic:V1.07,3637.00490,05213.4912,000,260703,161958,076,001,1,3,1,861292053604220"},{"data":"+Hooshnic:V1.07,3637.02110,05213.5257,000,260703,162001,076,000,1,3,1,861292053604220"},{}]....................................................................ADDRESS_LOCATION = 970752AT+CIPSTART="TCP","api.hooshnics.com",80
AT+CIPSEND=1701
POST /api/gps/reports HTTP/1.1
Host: api.hooshnics.com
Content-Type: application/json
Content-Length: 1588

[{"data":"+Hooshnic:V1.07,3636.90290,05213.3094,000,260703,161513,000,000,1,3,1,861292053604220"},{"data":"+Hooshnic:V1.07,3636.90270,05213.3095,000,260703,161516,000,000,1,3,1,861292053604220"},{"data":"+Hooshnic:V1.07,3636.90020,05213.3113,000,260703,161519,002,002,1,3,1,861292053604220"},{"data":"+Hooshnic:V1.07,3636.89930,05213.3126,000,260703,161522,002,000,1,3,1,861292053604220"},{"data":"+Hooshnic:V1.07,3636.89900,05213.3130,000,260703,161525,000,000,1,3,1,861292053604220"},{"data":"+Hooshnic:V1.07,3636.89870,05213.3134,000,260703,161527,000,009,1,3,1,861292053604220"},{"data":"+Hooshnic:V1.07,3636.89730,05213.3142,000,260703,161530,002,000,1,3,1,861292053604220"},{"data":"+Hooshnic:V1.07,3636.89670,05213.3150,000,260703,161533,000,000,1,3,1,861292053604220"},{"data":"+Hooshnic:V1.07,3636.89660,05213.3156,000,260703,161536,000,000,1,3,1,861292053604220"},{"data":"+Hooshnic:V1.07,3636.89660,05213.3156,000,260703,161539,000,000,1,3,1,861292053604220"},{"data":"+Hooshnic:V1.07,3636.89660,05213.3156,000,260703,161542,000,000,1,3,1,861292053604220"},{"data":"+Hooshnic:V1.07,3636.89660,05213.3156,000,260703,161904,000,000,1,3,1,861292053604220"},{"data":"+Hooshnic:V1.07,3636.89660,05213.3156,000,260703,161907,000,000,1,3,1,861292053604220"},{"data":"+Hooshnic:V1.07,3636.89660,05213.3156,000,260703,161910,000,000,1,3,1,861292053604220"},{"data":"+Hooshnic:V1.07,3636.89660,05213.3156,000,260703,161913,000,000,1,3,1,861292053604220"},{"data":"+Hooshnic:V1.07,3636.89660,05213.3156,000,260703,161916,000,000,1,3,1,861292053604220"},{}]....................................................................ADDRESS_LOCATION = 966656AT+CIPSTART="TCP","api.hooshnics.com",80
AT+CIPSEND=1701
POST /api/gps/reports HTTP/1.1
Host: api.hooshnics.com
Content-Type: application/json
Content-Length: 1588

[{"data":"+Hooshnic:V1.07,3636.89650,05213.3018,000,260703,161219,000,000,1,3,1,861292053604220"},{"data":"+Hooshnic:V1.07,3636.89650,05213.3018,000,260703,161222,000,000,1,3,1,861292053604220"},{"data":"+Hooshnic:V1.07,3636.89650,05213.3018,000,260703,161225,000,000,1,3,1,861292053604220"},{"data":"+Hooshnic:V1.07,3636.89650,05213.3018,000,260703,161228,000,000,1,3,1,861292053604220"},{"data":"+Hooshnic:V1.07,3636.89650,05213.3018,000,260703,161231,000,000,1,3,1,861292053604220"},{"data":"+Hooshnic:V1.07,3636.89650,05213.3018,000,260703,161234,000,000,1,3,1,861292053604220"},{"data":"+Hooshnic:V1.07,3636.89650,05213.3018,000,260703,161237,000,000,1,3,1,861292053604220"},{"data":"+Hooshnic:V1.07,3636.89560,05213.3032,000,260703,161239,002,000,1,3,1,861292053604220"},{"data":"+Hooshnic:V1.07,3636.89610,05213.3028,000,260703,161242,000,000,1,3,1,861292053604220"},{"data":"+Hooshnic:V1.07,3636.89780,05213.3031,000,260703,161245,002,006,1,3,1,861292053604220"},{"data":"+Hooshnic:V1.07,3636.89940,05213.3045,000,260703,161248,004,000,1,3,1,861292053604220"},{"data":"+Hooshnic:V1.07,3636.90010,05213.3032,000,260703,161459,000,000,1,3,1,861292053604220"},{"data":"+Hooshnic:V1.07,3636.90010,05213.3032,000,260703,161502,000,000,1,3,1,861292053604220"},{"data":"+Hooshnic:V1.07,3636.90330,05213.3081,000,260703,161505,002,000,1,3,1,861292053604220"},{"data":"+Hooshnic:V1.07,3636.90260,05213.3098,000,260703,161508,002,000,1,3,1,861292053604220"},{"data":"+Hooshnic:V1.07,3636.90250,05213.3097,000,260703,161510,002,014,1,3,1,861292053604220"},{}]....................................................................ADDRESS_LOCATION = 962560AT+CIPSTART="TCP","api.hooshnics.com",80
AT+CIPSEND=1701
POST /api/gps/reports HTTP/1.1
Host: api.hooshnics.com
Content-Type: application/json
Content-Length: 1588

[{"data":"+Hooshnic:V1.07,3636.89650,05213.3018,000,260703,161125,000,000,1,3,1,861292053604220"},{"data":"+Hooshnic:V1.07,3636.89650,05213.3018,000,260703,161128,000,000,1,3,1,861292053604220"},{"data":"+Hooshnic:V1.07,3636.89650,05213.3018,000,260703,161132,000,000,1,3,1,861292053604220"},{"data":"+Hooshnic:V1.07,3636.89650,05213.3018,000,260703,161134,000,000,1,3,1,861292053604220"},{"data":"+Hooshnic:V1.07,3636.89650,05213.3018,000,260703,161137,000,000,1,3,1,861292053604220"},{"data":"+Hooshnic:V1.07,3636.89650,05213.3018,000,260703,161140,000,000,1,3,1,861292053604220"},{"data":"+Hooshnic:V1.07,3636.89650,05213.3018,000,260703,161142,000,000,1,3,1,861292053604220"},{"data":"+Hooshnic:V1.07,3636.89650,05213.3018,000,260703,161145,000,000,1,3,1,861292053604220"},{"data":"+Hooshnic:V1.07,3636.89650,05213.3018,000,260703,161148,000,000,1,3,1,861292053604220"},{"data":"+Hooshnic:V1.07,3636.89650,05213.3018,000,260703,161151,000,000,1,3,1,861292053604220"},{"data":"+Hooshnic:V1.07,3636.89650,05213.3018,000,260703,161154,000,000,1,3,1,861292053604220"},{"data":"+Hooshnic:V1.07,3636.89650,05213.3018,000,260703,161205,000,000,1,3,1,861292053604220"},{"data":"+Hooshnic:V1.07,3636.89650,05213.3018,000,260703,161208,000,000,1,3,1,861292053604220"},{"data":"+Hooshnic:V1.07,3636.89650,05213.3018,000,260703,161211,000,000,1,3,1,861292053604220"},{"data":"+Hooshnic:V1.07,3636.89650,05213.3018,000,260703,161213,000,000,1,3,1,861292053604220"},{"data":"+Hooshnic:V1.07,3636.89650,05213.3018,000,260703,161216,000,000,1,3,1,861292053604220"},{}]....................................................................ADDRESS_LOCATION = 958464AT+CIPSTART="TCP","api.hooshnics.com",80
AT+CIPSEND=1701
POST /api/gps/reports HTTP/1.1
Host: api.hooshnics.com
Content-Type: application/json
Content-Length: 1588

[{"data":"+Hooshnic:V1.07,3636.89860,05213.2081,000,260703,161040,066,000,1,3,1,861292053604220"},{"data":"+Hooshnic:V1.07,3636.90660,05213.2357,000,260703,161043,054,000,1,3,1,861292053604220"},{"data":"+Hooshnic:V1.07,3636.91210,05213.2580,000,260703,161046,034,000,1,3,1,861292053604220"},{"data":"+Hooshnic:V1.07,3636.91270,05213.2647,000,260703,161048,016,000,1,3,1,861292053604220"},{"data":"+Hooshnic:V1.07,3636.90820,05213.2701,000,260703,161051,014,003,1,3,1,861292053604220"},{"data":"+Hooshnic:V1.07,3636.90570,05213.2781,000,260703,161054,016,000,1,3,1,861292053604220"},{"data":"+Hooshnic:V1.07,3636.90400,05213.2865,000,260703,161057,014,000,1,3,1,861292053604220"},{"data":"+Hooshnic:V1.07,3636.90230,05213.2921,000,260703,161100,008,014,1,3,1,861292053604220"},{"data":"+Hooshnic:V1.07,3636.90150,05213.2939,000,260703,161103,000,000,1,3,1,861292053604220"},{"data":"+Hooshnic:V1.07,3636.90040,05213.2950,000,260703,161106,000,000,1,3,1,861292053604220"},{"data":"+Hooshnic:V1.07,3636.89980,05213.2957,000,260703,161108,000,000,1,3,1,861292053604220"},{"data":"+Hooshnic:V1.07,3636.89980,05213.2958,000,260703,161111,000,000,1,3,1,861292053604220"},{"data":"+Hooshnic:V1.07,3636.89770,05213.2976,000,260703,161114,000,000,1,3,1,861292053604220"},{"data":"+Hooshnic:V1.07,3636.89660,05213.3002,000,260703,161117,000,000,1,3,1,861292053604220"},{"data":"+Hooshnic:V1.07,3636.89650,05213.3017,000,260703,161120,000,000,1,3,1,861292053604220"},{"data":"+Hooshnic:V1.07,3636.89650,05213.3018,000,260703,161122,000,000,1,3,1,861292053604220"},{}]....................................................................ADDRESS_LOCATION = 954368AT+CIPSTART="TCP","api.hooshnics.com",80
AT+CIPSEND=1701
POST /api/gps/reports HTTP/1.1
Host: api.hooshnics.com
Content-Type: application/json
Content-Length: 1588

[{"data":"+Hooshnic:V1.07,3636.71380,05212.5916,000,260703,160955,096,000,1,3,1,861292053604220"},{"data":"+Hooshnic:V1.07,3636.72300,05212.6233,000,260703,160957,096,000,1,3,1,861292053604220"},{"data":"+Hooshnic:V1.07,3636.73770,05212.6708,000,260703,161000,098,000,1,3,1,861292053604220"},{"data":"+Hooshnic:V1.07,3636.75070,05212.7136,000,260703,161003,078,000,1,3,1,861292053604220"},{"data":"+Hooshnic:V1.07,3636.76100,05212.7473,000,260703,161006,064,000,1,3,1,861292053604220"},{"data":"+Hooshnic:V1.07,3636.77080,05212.7779,000,260703,161009,062,000,1,3,1,861292053604220"},{"data":"+Hooshnic:V1.07,3636.78060,05212.8090,000,260703,161012,062,000,1,3,1,861292053604220"},{"data":"+Hooshnic:V1.07,3636.78780,05212.8316,000,260703,161014,072,000,1,3,1,861292053604220"},{"data":"+Hooshnic:V1.07,3636.79960,05212.8684,000,260703,161017,078,001,1,3,1,861292053604220"},{"data":"+Hooshnic:V1.07,3636.81180,05212.9093,000,260703,161020,088,000,1,3,1,861292053604220"},{"data":"+Hooshnic:V1.07,3636.82550,05212.9535,000,260703,161023,094,000,1,3,1,861292053604220"},{"data":"+Hooshnic:V1.07,3636.83910,05212.9992,000,260703,161026,096,000,1,3,1,861292053604220"},{"data":"+Hooshnic:V1.07,3636.85270,05213.0462,000,260703,161029,096,000,1,3,1,861292053604220"},{"data":"+Hooshnic:V1.07,3636.86160,05213.0784,000,260703,161031,098,000,1,3,1,861292053604220"},{"data":"+Hooshnic:V1.07,3636.87490,05213.1254,000,260703,161034,096,000,1,3,1,861292053604220"},{"data":"+Hooshnic:V1.07,3636.88780,05213.1703,000,260703,161037,086,000,1,3,1,861292053604220"},{}]....................................................................ADDRESS_LOCATION = 950272AT+CIPSTART="TCP","api.hooshnics.com",80
AT+CIPSEND=1701
POST /api/gps/reports HTTP/1.1
Host: api.hooshnics.com
Content-Type: application/json
Content-Length: 1588

[{"data":"+Hooshnic:V1.07,3636.79390,05211.9451,000,260703,160901,048,000,1,3,1,861292053604220"},{"data":"+Hooshnic:V1.07,3636.78960,05211.9611,000,260703,160903,048,000,1,3,1,861292053604220"},{"data":"+Hooshnic:V1.07,3636.78350,05211.9875,000,260703,160906,054,001,1,3,1,861292053604220"},{"data":"+Hooshnic:V1.07,3636.77790,05212.0163,000,260703,160909,058,000,1,3,1,861292053604220"},{"data":"+Hooshnic:V1.07,3636.77220,05212.0456,000,260703,160912,058,000,1,3,1,861292053604220"},{"data":"+Hooshnic:V1.07,3636.76630,05212.0741,000,260703,160915,054,001,1,3,1,861292053604220"},{"data":"+Hooshnic:V1.07,3636.75970,05212.1016,000,260703,160918,054,000,1,3,1,861292053604220"},{"data":"+Hooshnic:V1.07,3636.75290,05212.1290,000,260703,160921,056,000,1,3,1,861292053604220"},{"data":"+Hooshnic:V1.07,3636.74830,05212.1488,000,260703,160923,062,000,1,3,1,861292053604220"},{"data":"+Hooshnic:V1.07,3636.74010,05212.1813,000,260703,160926,066,000,1,3,1,861292053604220"},{"data":"+Hooshnic:V1.07,3636.70720,05212.3310,000,260703,160938,082,000,1,3,1,861292053604220"},{"data":"+Hooshnic:V1.07,3636.70140,05212.3590,000,260703,160940,082,000,1,3,1,861292053604220"},{"data":"+Hooshnic:V1.07,3636.69510,05212.4025,000,260703,160943,086,003,1,3,1,861292053604220"},{"data":"+Hooshnic:V1.07,3636.69380,05212.4488,000,260703,160946,090,000,1,3,1,861292053604220"},{"data":"+Hooshnic:V1.07,3636.69700,05212.4968,000,260703,160949,092,000,1,3,1,861292053604220"},{"data":"+Hooshnic:V1.07,3636.70270,05212.5444,000,260703,160952,092,005,1,3,1,861292053604220"},{}]....................................................................ADDRESS_LOCATION = 946176AT+CIPSTART="TCP","api.hooshnics.com",80
AT+CIPSEND=1701
POST /api/gps/reports HTTP/1.1
Host: api.hooshnics.com
Content-Type: application/json
Content-Length: 1588

[{"data":"+Hooshnic:V1.07,3636.83460,05211.4784,000,260703,160815,066,001,1,3,1,861292053604220"},{"data":"+Hooshnic:V1.07,3636.84050,05211.5134,000,260703,160818,068,000,1,3,1,861292053604220"},{"data":"+Hooshnic:V1.07,3636.84350,05211.5484,000,260703,160821,068,000,1,3,1,861292053604220"},{"data":"+Hooshnic:V1.07,3636.84590,05211.5858,000,260703,160824,074,002,1,3,1,861292053604220"},{"data":"+Hooshnic:V1.07,3636.84620,05211.6269,000,260703,160827,080,000,1,3,1,861292053604220"},{"data":"+Hooshnic:V1.07,3636.84350,05211.6679,000,260703,160830,076,000,1,3,1,861292053604220"},{"data":"+Hooshnic:V1.07,3636.84140,05211.6939,000,260703,160832,074,002,1,3,1,861292053604220"},{"data":"+Hooshnic:V1.07,3636.83620,05211.7317,000,260703,160835,068,000,1,3,1,861292053604220"},{"data":"+Hooshnic:V1.07,3636.83100,05211.7641,000,260703,160838,058,000,1,3,1,861292053604220"},{"data":"+Hooshnic:V1.07,3636.82550,05211.7896,000,260703,160841,044,000,1,3,1,861292053604220"},{"data":"+Hooshnic:V1.07,3636.82060,05211.8108,000,260703,160844,040,000,1,3,1,861292053604220"},{"data":"+Hooshnic:V1.07,3636.81740,05211.8329,000,260703,160847,044,000,1,3,1,861292053604220"},{"data":"+Hooshnic:V1.07,3636.81420,05211.8479,000,260703,160849,042,002,1,3,1,861292053604220"},{"data":"+Hooshnic:V1.07,3636.80950,05211.8705,000,260703,160852,044,000,1,3,1,861292053604220"},{"data":"+Hooshnic:V1.07,3636.80510,05211.8942,000,260703,160855,046,000,1,3,1,861292053604220"},{"data":"+Hooshnic:V1.07,3636.79980,05211.9197,000,260703,160858,052,000,1,3,1,861292053604220"},{}]....................................................................ADDRESS_LOCATION = 942080AT+CIPSTART="TCP","api.hooshnics.com",80
AT+CIPSEND=1701
POST /api/gps/reports HTTP/1.1
Host: api.hooshnics.com
Content-Type: application/json
Content-Length: 1588

[{"data":"+Hooshnic:V1.07,3636.70030,05211.0121,000,260703,160730,080,000,1,3,1,861292053604220"},{"data":"+Hooshnic:V1.07,3636.70810,05211.0498,000,260703,160733,068,001,1,3,1,861292053604220"},{"data":"+Hooshnic:V1.07,3636.71550,05211.0833,000,260703,160736,064,000,1,3,1,861292053604220"},{"data":"+Hooshnic:V1.07,3636.71980,05211.1033,000,260703,160738,060,000,1,3,1,861292053604220"},{"data":"+Hooshnic:V1.07,3636.72620,05211.1336,000,260703,160741,060,001,1,3,1,861292053604220"},{"data":"+Hooshnic:V1.07,3636.73360,05211.1597,000,260703,160744,052,000,1,3,1,861292053604220"},{"data":"+Hooshnic:V1.07,3636.74070,05211.1848,000,260703,160747,056,000,1,3,1,861292053604220"},{"data":"+Hooshnic:V1.07,3636.75170,05211.2141,000,260703,160750,066,002,1,3,1,861292053604220"},{"data":"+Hooshnic:V1.07,3636.76470,05211.2466,000,260703,160753,070,000,1,3,1,861292053604220"},{"data":"+Hooshnic:V1.07,3636.77210,05211.2680,000,260703,160755,062,000,1,3,1,861292053604220"},{"data":"+Hooshnic:V1.07,3636.78150,05211.2973,000,260703,160758,060,001,1,3,1,861292053604220"},{"data":"+Hooshnic:V1.07,3636.79070,05211.3259,000,260703,160801,060,000,1,3,1,861292053604220"},{"data":"+Hooshnic:V1.07,3636.80100,05211.3575,000,260703,160804,068,000,1,3,1,861292053604220"},{"data":"+Hooshnic:V1.07,3636.81130,05211.3902,000,260703,160807,066,001,1,3,1,861292053604220"},{"data":"+Hooshnic:V1.07,3636.82120,05211.4231,000,260703,160810,066,000,1,3,1,861292053604220"},{"data":"+Hooshnic:V1.07,3636.82740,05211.4449,000,260703,160812,066,000,1,3,1,861292053604220"},{}]....................................................................ADDRESS_LOCATION = 937984AT+CIPSTART="TCP","api.hooshnics.com",80
AT+CIPSEND=1701
POST /api/gps/reports HTTP/1.1
Host: api.hooshnics.com
Content-Type: application/json
Content-Length: 1588

[{"data":"+Hooshnic:V1.07,3636.51730,05210.3491,000,260703,160636,074,000,1,3,1,861292053604220"},{"data":"+Hooshnic:V1.07,3636.53160,05210.3850,000,260703,160639,076,000,1,3,1,861292053604220"},{"data":"+Hooshnic:V1.07,3636.54480,05210.4195,000,260703,160642,068,000,1,3,1,861292053604220"},{"data":"+Hooshnic:V1.07,3636.55560,05210.4480,000,260703,160645,058,000,1,3,1,861292053604220"},{"data":"+Hooshnic:V1.07,3636.56770,05210.4775,000,260703,160648,068,001,1,3,1,861292053604220"},{"data":"+Hooshnic:V1.07,3636.57670,05210.4996,000,260703,160650,072,000,1,3,1,861292053604220"},{"data":"+Hooshnic:V1.07,3636.59020,05210.5342,000,260703,160653,074,000,1,3,1,861292053604220"},{"data":"+Hooshnic:V1.07,3636.60210,05210.5681,000,260703,160656,072,001,1,3,1,861292053604220"},{"data":"+Hooshnic:V1.07,3636.61310,05210.6046,000,260703,160659,076,000,1,3,1,861292053604220"},{"data":"+Hooshnic:V1.07,3636.64510,05210.7518,000,260703,160710,076,000,1,3,1,861292053604220"},{"data":"+Hooshnic:V1.07,3636.65270,05210.7881,000,260703,160713,066,000,1,3,1,861292053604220"},{"data":"+Hooshnic:V1.07,3636.66010,05210.8218,000,260703,160716,070,000,1,3,1,861292053604220"},{"data":"+Hooshnic:V1.07,3636.66730,05210.8587,000,260703,160719,076,000,1,3,1,861292053604220"},{"data":"+Hooshnic:V1.07,3636.67280,05210.8847,000,260703,160721,078,000,1,3,1,861292053604220"},{"data":"+Hooshnic:V1.07,3636.68150,05210.9264,000,260703,160724,086,000,1,3,1,861292053604220"},{"data":"+Hooshnic:V1.07,3636.69030,05210.9700,000,260703,160727,088,000,1,3,1,861292053604220"},{}]....................................................................ADDRESS_LOCATION = 933888AT+CIPSTART="TCP","api.hooshnics.com",80
AT+CIPSEND=1701
POST /api/gps/reports HTTP/1.1
Host: api.hooshnics.com
Content-Type: application/json
Content-Length: 1588

[{"data":"+Hooshnic:V1.07,3636.31090,05209.9457,000,260703,160551,056,000,1,3,1,861292053604220"},{"data":"+Hooshnic:V1.07,3636.32430,05209.9727,000,260703,160554,062,000,1,3,1,861292053604220"},{"data":"+Hooshnic:V1.07,3636.33410,05209.9914,000,260703,160556,064,000,1,3,1,861292053604220"},{"data":"+Hooshnic:V1.07,3636.34930,05210.0194,000,260703,160559,064,000,1,3,1,861292053604220"},{"data":"+Hooshnic:V1.07,3636.36310,05210.0454,000,260703,160602,058,000,1,3,1,861292053604220"},{"data":"+Hooshnic:V1.07,3636.37660,05210.0729,000,260703,160605,064,000,1,3,1,861292053604220"},{"data":"+Hooshnic:V1.07,3636.38960,05210.0993,000,260703,160608,054,000,1,3,1,861292053604220"},{"data":"+Hooshnic:V1.07,3636.40070,05210.1217,000,260703,160611,044,000,1,3,1,861292053604220"},{"data":"+Hooshnic:V1.07,3636.40750,05210.1340,000,260703,160613,040,002,1,3,1,861292053604220"},{"data":"+Hooshnic:V1.07,3636.41790,05210.1535,000,260703,160616,046,000,1,3,1,861292053604220"},{"data":"+Hooshnic:V1.07,3636.42910,05210.1757,000,260703,160619,054,000,1,3,1,861292053604220"},{"data":"+Hooshnic:V1.07,3636.44250,05210.1996,000,260703,160622,056,002,1,3,1,861292053604220"},{"data":"+Hooshnic:V1.07,3636.45630,05210.2268,000,260703,160625,066,000,1,3,1,861292053604220"},{"data":"+Hooshnic:V1.07,3636.47210,05210.2577,000,260703,160628,072,000,1,3,1,861292053604220"},{"data":"+Hooshnic:V1.07,3636.48280,05210.2798,000,260703,160630,076,000,1,3,1,861292053604220"},{"data":"+Hooshnic:V1.07,3636.50050,05210.3142,000,260703,160633,078,000,1,3,1,861292053604220"},{}]....................................................................ADDRESS_LOCATION = 929792AT+CIPSTART="TCP","api.hooshnics.com",80
AT+CIPSEND=1701
POST /api/gps/reports HTTP/1.1
Host: api.hooshnics.com
Content-Type: application/json
Content-Length: 1588

[{"data":"+Hooshnic:V1.07,3636.22170,05209.5791,000,260703,160505,038,001,1,3,1,861292053604220"},{"data":"+Hooshnic:V1.07,3636.22530,05209.5962,000,260703,160508,032,000,1,3,1,861292053604220"},{"data":"+Hooshnic:V1.07,3636.22890,05209.6133,000,260703,160511,030,000,1,3,1,861292053604220"},{"data":"+Hooshnic:V1.07,3636.23200,05209.6292,000,260703,160514,032,003,1,3,1,861292053604220"},{"data":"+Hooshnic:V1.07,3636.23530,05209.6476,000,260703,160517,040,000,1,3,1,861292053604220"},{"data":"+Hooshnic:V1.07,3636.23820,05209.6611,000,260703,160519,038,000,1,3,1,861292053604220"},{"data":"+Hooshnic:V1.07,3636.24270,05209.6810,000,260703,160522,042,000,1,3,1,861292053604220"},{"data":"+Hooshnic:V1.07,3636.24890,05209.7046,000,260703,160525,048,000,1,3,1,861292053604220"},{"data":"+Hooshnic:V1.07,3636.25200,05209.7294,000,260703,160528,044,000,1,3,1,861292053604220"},{"data":"+Hooshnic:V1.07,3636.25590,05209.7511,000,260703,160531,040,001,1,3,1,861292053604220"},{"data":"+Hooshnic:V1.07,3636.25970,05209.7727,000,260703,160534,044,000,1,3,1,861292053604220"},{"data":"+Hooshnic:V1.07,3636.26300,05209.7894,000,260703,160536,052,000,1,3,1,861292053604220"},{"data":"+Hooshnic:V1.07,3636.26890,05209.8187,000,260703,160539,060,001,1,3,1,861292053604220"},{"data":"+Hooshnic:V1.07,3636.27720,05209.8514,000,260703,160542,068,000,1,3,1,861292053604220"},{"data":"+Hooshnic:V1.07,3636.28840,05209.8863,000,260703,160545,070,000,1,3,1,861292053604220"},{"data":"+Hooshnic:V1.07,3636.29970,05209.9183,000,260703,160548,060,001,1,3,1,861292053604220"},{}]....................................................................ADDRESS_LOCATION = 925696AT+CIPSTART="TCP","api.hooshnics.com",80
AT+CIPSEND=1701
POST /api/gps/reports HTTP/1.1
Host: api.hooshnics.com
Content-Type: application/json
Content-Length: 1588

[{"data":"+Hooshnic:V1.07,3636.13840,05209.1993,000,260703,160411,060,001,1,3,1,861292053604220"},{"data":"+Hooshnic:V1.07,3636.14500,05209.2304,000,260703,160414,062,000,1,3,1,861292053604220"},{"data":"+Hooshnic:V1.07,3636.15250,05209.2629,000,260703,160417,066,000,1,3,1,861292053604220"},{"data":"+Hooshnic:V1.07,3636.16030,05209.2985,000,260703,160420,072,000,1,3,1,861292053604220"},{"data":"+Hooshnic:V1.07,3636.16820,05209.3352,000,260703,160423,072,000,1,3,1,861292053604220"},{"data":"+Hooshnic:V1.07,3636.17630,05209.3704,000,260703,160426,068,000,1,3,1,861292053604220"},{"data":"+Hooshnic:V1.07,3636.18420,05209.4038,000,260703,160429,066,001,1,3,1,861292053604220"},{"data":"+Hooshnic:V1.07,3636.18810,05209.4230,000,260703,160431,054,000,1,3,1,861292053604220"},{"data":"+Hooshnic:V1.07,3636.19830,05209.4789,000,260703,160443,004,000,1,3,1,861292053604220"},{"data":"+Hooshnic:V1.07,3636.19830,05209.4796,000,260703,160445,000,000,1,3,1,861292053604220"},{"data":"+Hooshnic:V1.07,3636.19860,05209.4805,000,260703,160448,000,000,1,3,1,861292053604220"},{"data":"+Hooshnic:V1.07,3636.19910,05209.4829,000,260703,160451,014,000,1,3,1,861292053604220"},{"data":"+Hooshnic:V1.07,3636.20230,05209.4960,000,260703,160454,030,000,1,3,1,861292053604220"},{"data":"+Hooshnic:V1.07,3636.20770,05209.5155,000,260703,160457,044,002,1,3,1,861292053604220"},{"data":"+Hooshnic:V1.07,3636.21370,05209.5409,000,260703,160500,052,000,1,3,1,861292053604220"},{"data":"+Hooshnic:V1.07,3636.21760,05209.5579,000,260703,160502,046,000,1,3,1,861292053604220"},{}]....................................................................ADDRESS_LOCATION = 921600AT+CIPSTART="TCP","api.hooshnics.com",80
AT+CIPSEND=1701
POST /api/gps/reports HTTP/1.1
Host: api.hooshnics.com
Content-Type: application/json
Content-Length: 1588

[{"data":"+Hooshnic:V1.07,3636.03730,05208.6625,000,260703,160326,066,000,1,3,1,861292053604220"},{"data":"+Hooshnic:V1.07,3636.04540,05208.6941,000,260703,160329,062,001,1,3,1,861292053604220"},{"data":"+Hooshnic:V1.07,3636.05320,05208.7251,000,260703,160332,060,000,1,3,1,861292053604220"},{"data":"+Hooshnic:V1.07,3636.06240,05208.7551,000,260703,160335,060,000,1,3,1,861292053604220"},{"data":"+Hooshnic:V1.07,3636.06800,05208.7777,000,260703,160337,070,001,1,3,1,861292053604220"},{"data":"+Hooshnic:V1.07,3636.07570,05208.8156,000,260703,160340,076,000,1,3,1,861292053604220"},{"data":"+Hooshnic:V1.07,3636.08260,05208.8563,000,260703,160343,082,000,1,3,1,861292053604220"},{"data":"+Hooshnic:V1.07,3636.08820,05208.8989,000,260703,160346,082,001,1,3,1,861292053604220"},{"data":"+Hooshnic:V1.07,3636.09400,05208.9420,000,260703,160349,082,000,1,3,1,861292053604220"},{"data":"+Hooshnic:V1.07,3636.10020,05208.9854,000,260703,160352,084,000,1,3,1,861292053604220"},{"data":"+Hooshnic:V1.07,3636.10520,05209.0138,000,260703,160354,082,001,1,3,1,861292053604220"},{"data":"+Hooshnic:V1.07,3636.11130,05209.0561,000,260703,160357,080,000,1,3,1,861292053604220"},{"data":"+Hooshnic:V1.07,3636.11670,05209.0916,000,260703,160400,060,000,1,3,1,861292053604220"},{"data":"+Hooshnic:V1.07,3636.12150,05209.1201,000,260703,160403,054,001,1,3,1,861292053604220"},{"data":"+Hooshnic:V1.07,3636.12750,05209.1485,000,260703,160406,060,000,1,3,1,861292053604220"},{"data":"+Hooshnic:V1.07,3636.13400,05209.1787,000,260703,160409,062,000,1,3,1,861292053604220"},{}]....................................................................ADDRESS_LOCATION = 917504AT+CIPSTART="TCP","api.hooshnics.com",80
AT+CIPSEND=1701
POST /api/gps/reports HTTP/1.1
Host: api.hooshnics.com
Content-Type: application/json
Content-Length: 1588

[{"data":"+Hooshnic:V1.07,3635.90860,05208.1758,000,260703,160241,066,000,1,3,1,861292053604220"},{"data":"+Hooshnic:V1.07,3635.91590,05208.2095,000,260703,160244,066,000,1,3,1,861292053604220"},{"data":"+Hooshnic:V1.07,3635.92170,05208.2316,000,260703,160246,066,000,1,3,1,861292053604220"},{"data":"+Hooshnic:V1.07,3635.93150,05208.2648,000,260703,160249,066,000,1,3,1,861292053604220"},{"data":"+Hooshnic:V1.07,3635.94130,05208.2966,000,260703,160252,066,000,1,3,1,861292053604220"},{"data":"+Hooshnic:V1.07,3635.95180,05208.3289,000,260703,160255,066,000,1,3,1,861292053604220"},{"data":"+Hooshnic:V1.07,3635.96100,05208.3594,000,260703,160258,060,000,1,3,1,861292053604220"},{"data":"+Hooshnic:V1.07,3635.96940,05208.3883,000,260703,160301,058,000,1,3,1,861292053604220"},{"data":"+Hooshnic:V1.07,3635.97590,05208.4071,000,260703,160303,060,001,1,3,1,861292053604220"},{"data":"+Hooshnic:V1.07,3635.98370,05208.4370,000,260703,160306,060,000,1,3,1,861292053604220"},{"data":"+Hooshnic:V1.07,3635.99150,05208.4679,000,260703,160309,062,000,1,3,1,861292053604220"},{"data":"+Hooshnic:V1.07,3635.99920,05208.5023,000,260703,160312,068,000,1,3,1,861292053604220"},{"data":"+Hooshnic:V1.07,3636.00650,05208.5366,000,260703,160315,066,000,1,3,1,861292053604220"},{"data":"+Hooshnic:V1.07,3636.01440,05208.5697,000,260703,160318,068,000,1,3,1,861292053604220"},{"data":"+Hooshnic:V1.07,3636.02050,05208.5925,000,260703,160320,070,000,1,3,1,861292053604220"},{"data":"+Hooshnic:V1.07,3636.02880,05208.6286,000,260703,160323,072,000,1,3,1,861292053604220"},{}]....................................................................ADDRESS_LOCATION = 913408AT+CIPSTART="TCP","api.hooshnics.com",80
AT+CIPSEND=1701
POST /api/gps/reports HTTP/1.1
Host: api.hooshnics.com
Content-Type: application/json
Content-Length: 1588

[{"data":"+Hooshnic:V1.07,3635.82420,05207.6013,000,260703,160147,082,000,1,3,1,861292053604220"},{"data":"+Hooshnic:V1.07,3635.83410,05207.6420,000,260703,160150,084,000,1,3,1,861292053604220"},{"data":"+Hooshnic:V1.07,3635.84260,05207.6764,000,260703,160153,064,000,1,3,1,861292053604220"},{"data":"+Hooshnic:V1.07,3635.85010,05207.7039,000,260703,160156,050,000,1,3,1,861292053604220"},{"data":"+Hooshnic:V1.07,3635.85430,05207.7209,000,260703,160158,048,000,1,3,1,861292053604220"},{"data":"+Hooshnic:V1.07,3635.86050,05207.7491,000,260703,160201,058,000,1,3,1,861292053604220"},{"data":"+Hooshnic:V1.07,3635.86750,05207.7816,000,260703,160204,066,000,1,3,1,861292053604220"},{"data":"+Hooshnic:V1.07,3635.88020,05207.8938,000,260703,160215,060,000,1,3,1,861292053604220"},{"data":"+Hooshnic:V1.07,3635.88200,05207.9252,000,260703,160218,060,000,1,3,1,861292053604220"},{"data":"+Hooshnic:V1.07,3635.88340,05207.9563,000,260703,160221,062,001,1,3,1,861292053604220"},{"data":"+Hooshnic:V1.07,3635.88420,05207.9891,000,260703,160224,062,000,1,3,1,861292053604220"},{"data":"+Hooshnic:V1.07,3635.88560,05208.0116,000,260703,160226,066,000,1,3,1,861292053604220"},{"data":"+Hooshnic:V1.07,3635.88810,05208.0444,000,260703,160229,062,000,1,3,1,861292053604220"},{"data":"+Hooshnic:V1.07,3635.89130,05208.0774,000,260703,160232,062,000,1,3,1,861292053604220"},{"data":"+Hooshnic:V1.07,3635.89610,05208.1107,000,260703,160235,062,000,1,3,1,861292053604220"},{"data":"+Hooshnic:V1.07,3635.90190,05208.1429,000,260703,160238,062,003,1,3,1,861292053604220"},{}]....................................................................ADDRESS_LOCATION = 909312AT+CIPSTART="TCP","api.hooshnics.com",80
AT+CIPSEND=1701
POST /api/gps/reports HTTP/1.1
Host: api.hooshnics.com
Content-Type: application/json
Content-Length: 1588

[{"data":"+Hooshnic:V1.07,3635.69160,05207.0682,000,260703,160102,078,000,1,3,1,861292053604220"},{"data":"+Hooshnic:V1.07,3635.69680,05207.0931,000,260703,160104,068,000,1,3,1,861292053604220"},{"data":"+Hooshnic:V1.07,3635.70340,05207.1234,000,260703,160107,058,000,1,3,1,861292053604220"},{"data":"+Hooshnic:V1.07,3635.71130,05207.1541,000,260703,160110,068,000,1,3,1,861292053604220"},{"data":"+Hooshnic:V1.07,3635.71990,05207.1880,000,260703,160113,064,000,1,3,1,861292053604220"},{"data":"+Hooshnic:V1.07,3635.72780,05207.2188,000,260703,160116,060,000,1,3,1,861292053604220"},{"data":"+Hooshnic:V1.07,3635.73510,05207.2507,000,260703,160119,064,000,1,3,1,861292053604220"},{"data":"+Hooshnic:V1.07,3635.74290,05207.2852,000,260703,160122,072,000,1,3,1,861292053604220"},{"data":"+Hooshnic:V1.07,3635.74880,05207.3099,000,260703,160124,076,000,1,3,1,861292053604220"},{"data":"+Hooshnic:V1.07,3635.75810,05207.3479,000,260703,160127,074,000,1,3,1,861292053604220"},{"data":"+Hooshnic:V1.07,3635.76740,05207.3864,000,260703,160130,078,000,1,3,1,861292053604220"},{"data":"+Hooshnic:V1.07,3635.77770,05207.4258,000,260703,160133,080,000,1,3,1,861292053604220"},{"data":"+Hooshnic:V1.07,3635.78780,05207.4631,000,260703,160136,068,002,1,3,1,861292053604220"},{"data":"+Hooshnic:V1.07,3635.79450,05207.4854,000,260703,160138,068,000,1,3,1,861292053604220"},{"data":"+Hooshnic:V1.07,3635.80430,05207.5212,000,260703,160141,076,000,1,3,1,861292053604220"},{"data":"+Hooshnic:V1.07,3635.81450,05207.5602,000,260703,160144,080,000,1,3,1,861292053604220"},{}]....................................................................ADDRESS_LOCATION = 905216AT+CIPSTART="TCP","api.hooshnics.com",80
AT+CIPSEND=1701
POST /api/gps/reports HTTP/1.1
Host: api.hooshnics.com
Content-Type: application/json
Content-Length: 1588

[{"data":"+Hooshnic:V1.07,3635.60680,05206.6301,000,260703,160016,070,000,1,3,1,861292053604220"},{"data":"+Hooshnic:V1.07,3635.61180,05206.6679,000,260703,160019,076,000,1,3,1,861292053604220"},{"data":"+Hooshnic:V1.07,3635.61740,05206.7071,000,260703,160022,078,000,1,3,1,861292053604220"},{"data":"+Hooshnic:V1.07,3635.62330,05206.7426,000,260703,160025,060,000,1,3,1,861292053604220"},{"data":"+Hooshnic:V1.07,3635.62700,05206.7611,000,260703,160027,052,002,1,3,1,861292053604220"},{"data":"+Hooshnic:V1.07,3635.63240,05206.7861,000,260703,160030,048,000,1,3,1,861292053604220"},{"data":"+Hooshnic:V1.07,3635.63660,05206.8078,000,260703,160033,040,000,1,3,1,861292053604220"},{"data":"+Hooshnic:V1.07,3635.64070,05206.8279,000,260703,160036,040,000,1,3,1,861292053604220"},{"data":"+Hooshnic:V1.07,3635.64480,05206.8519,000,260703,160039,054,000,1,3,1,861292053604220"},{"data":"+Hooshnic:V1.07,3635.65080,05206.8809,000,260703,160042,060,000,1,3,1,861292053604220"},{"data":"+Hooshnic:V1.07,3635.65560,05206.9058,000,260703,160045,046,002,1,3,1,861292053604220"},{"data":"+Hooshnic:V1.07,3635.65840,05206.9211,000,260703,160047,044,000,1,3,1,861292053604220"},{"data":"+Hooshnic:V1.07,3635.66280,05206.9429,000,260703,160050,042,000,1,3,1,861292053604220"},{"data":"+Hooshnic:V1.07,3635.66890,05206.9655,000,260703,160053,050,002,1,3,1,861292053604220"},{"data":"+Hooshnic:V1.07,3635.67600,05206.9945,000,260703,160056,064,000,1,3,1,861292053604220"},{"data":"+Hooshnic:V1.07,3635.68360,05207.0294,000,260703,160059,074,000,1,3,1,861292053604220"},{}]....................................................................ADDRESS_LOCATION = 901120AT+CIPSTART="TCP","api.hooshnics.com",80
AT+CIPSEND=1701
POST /api/gps/reports HTTP/1.1
Host: api.hooshnics.com
Content-Type: application/json
Content-Length: 1588

[{"data":"+Hooshnic:V1.07,3635.46900,05206.0706,000,260703,155922,064,000,1,3,1,861292053604220"},{"data":"+Hooshnic:V1.07,3635.47800,05206.1017,000,260703,155925,060,000,1,3,1,861292053604220"},{"data":"+Hooshnic:V1.07,3635.48620,05206.1273,000,260703,155928,044,000,1,3,1,861292053604220"},{"data":"+Hooshnic:V1.07,3635.49310,05206.1464,000,260703,155931,038,000,1,3,1,861292053604220"},{"data":"+Hooshnic:V1.07,3635.49870,05206.1671,000,260703,155934,046,001,1,3,1,861292053604220"},{"data":"+Hooshnic:V1.07,3635.50630,05206.1922,000,260703,155937,056,000,1,3,1,861292053604220"},{"data":"+Hooshnic:V1.07,3635.54700,05206.3148,000,260703,155948,074,000,1,3,1,861292053604220"},{"data":"+Hooshnic:V1.07,3635.55770,05206.3505,000,260703,155951,074,000,1,3,1,861292053604220"},{"data":"+Hooshnic:V1.07,3635.56480,05206.3748,000,260703,155953,074,000,1,3,1,861292053604220"},{"data":"+Hooshnic:V1.07,3635.57490,05206.4116,000,260703,155956,074,000,1,3,1,861292053604220"},{"data":"+Hooshnic:V1.07,3635.58350,05206.4488,000,260703,155959,074,000,1,3,1,861292053604220"},{"data":"+Hooshnic:V1.07,3635.58980,05206.4861,000,260703,160002,070,001,1,3,1,861292053604220"},{"data":"+Hooshnic:V1.07,3635.59440,05206.5202,000,260703,160005,058,000,1,3,1,861292053604220"},{"data":"+Hooshnic:V1.07,3635.59660,05206.5454,000,260703,160008,046,000,1,3,1,861292053604220"},{"data":"+Hooshnic:V1.07,3635.59820,05206.5633,000,260703,160010,056,001,1,3,1,861292053604220"},{"data":"+Hooshnic:V1.07,3635.60230,05206.5949,000,260703,160013,064,000,1,3,1,861292053604220"},{}]....................................................................ADDRESS_LOCATION = 897024AT+CIPSTART="TCP","api.hooshnics.com",80
AT+CIPSEND=1701
POST /api/gps/reports HTTP/1.1
Host: api.hooshnics.com
Content-Type: application/json
Content-Length: 1588

[{"data":"+Hooshnic:V1.07,3635.37230,05205.6477,000,260703,155837,040,000,1,3,1,861292053604220"},{"data":"+Hooshnic:V1.07,3635.37490,05205.6723,000,260703,155840,052,000,1,3,1,861292053604220"},{"data":"+Hooshnic:V1.07,3635.38020,05205.7014,000,260703,155843,058,001,1,3,1,861292053604220"},{"data":"+Hooshnic:V1.07,3635.38390,05205.7220,000,260703,155845,062,000,1,3,1,861292053604220"},{"data":"+Hooshnic:V1.07,3635.38950,05205.7549,000,260703,155848,064,000,1,3,1,861292053604220"},{"data":"+Hooshnic:V1.07,3635.39540,05205.7877,000,260703,155851,062,001,1,3,1,861292053604220"},{"data":"+Hooshnic:V1.07,3635.40110,05205.8199,000,260703,155854,064,000,1,3,1,861292053604220"},{"data":"+Hooshnic:V1.07,3635.40650,05205.8486,000,260703,155857,046,000,1,3,1,861292053604220"},{"data":"+Hooshnic:V1.07,3635.40950,05205.8656,000,260703,155900,028,005,1,3,1,861292053604220"},{"data":"+Hooshnic:V1.07,3635.41320,05205.8758,000,260703,155902,034,000,1,3,1,861292053604220"},{"data":"+Hooshnic:V1.07,3635.41820,05205.8966,000,260703,155905,046,000,1,3,1,861292053604220"},{"data":"+Hooshnic:V1.07,3635.42580,05205.9229,000,260703,155908,056,003,1,3,1,861292053604220"},{"data":"+Hooshnic:V1.07,3635.43450,05205.9520,000,260703,155911,062,000,1,3,1,861292053604220"},{"data":"+Hooshnic:V1.07,3635.44420,05205.9847,000,260703,155914,068,000,1,3,1,861292053604220"},{"data":"+Hooshnic:V1.07,3635.45410,05206.0191,000,260703,155917,070,001,1,3,1,861292053604220"},{"data":"+Hooshnic:V1.07,3635.46310,05206.0499,000,260703,155920,060,000,1,3,1,861292053604220"},{}]....................................................................ADDRESS_LOCATION = 892928AT+CIPSTART="TCP","api.hooshnics.com",80
AT+CIPSEND=1701
POST /api/gps/reports HTTP/1.1
Host: api.hooshnics.com
Content-Type: application/json
Content-Length: 1588

[{"data":"+Hooshnic:V1.07,3635.37530,05205.3017,000,260703,155751,034,000,1,3,1,861292053604220"},{"data":"+Hooshnic:V1.07,3635.37770,05205.3182,000,260703,155754,032,000,1,3,1,861292053604220"},{"data":"+Hooshnic:V1.07,3635.38220,05205.3338,000,260703,155757,032,000,1,3,1,861292053604220"},{"data":"+Hooshnic:V1.07,3635.38340,05205.3505,000,260703,155800,030,002,1,3,1,861292053604220"},{"data":"+Hooshnic:V1.07,3635.38330,05205.3635,000,260703,155803,022,000,1,3,1,861292053604220"},{"data":"+Hooshnic:V1.07,3635.38310,05205.3778,000,260703,155806,034,000,1,3,1,861292053604220"},{"data":"+Hooshnic:V1.07,3635.38150,05205.3988,000,260703,155809,044,002,1,3,1,861292053604220"},{"data":"+Hooshnic:V1.07,3635.37830,05205.4147,000,260703,155811,050,000,1,3,1,861292053604220"},{"data":"+Hooshnic:V1.07,3635.37090,05205.4417,000,260703,155814,058,000,1,3,1,861292053604220"},{"data":"+Hooshnic:V1.07,3635.36390,05205.4698,000,260703,155817,050,000,1,3,1,861292053604220"},{"data":"+Hooshnic:V1.07,3635.35810,05205.4940,000,260703,155820,048,000,1,3,1,861292053604220"},{"data":"+Hooshnic:V1.07,3635.35650,05205.5205,000,260703,155823,052,000,1,3,1,861292053604220"},{"data":"+Hooshnic:V1.07,3635.35810,05205.5488,000,260703,155826,058,003,1,3,1,861292053604220"},{"data":"+Hooshnic:V1.07,3635.36070,05205.5691,000,260703,155828,058,000,1,3,1,861292053604220"},{"data":"+Hooshnic:V1.07,3635.36600,05205.5998,000,260703,155831,060,000,1,3,1,861292053604220"},{"data":"+Hooshnic:V1.07,3635.37020,05205.6281,000,260703,155834,042,003,1,3,1,861292053604220"},{}]....................................................................ADDRESS_LOCATION = 888832AT+CIPSTART="TCP","api.hooshnics.com",80
AT+CIPSEND=1701
POST /api/gps/reports HTTP/1.1
Host: api.hooshnics.com
Content-Type: application/json
Content-Length: 1588

[{"data":"+Hooshnic:V1.07,3635.25160,05204.6674,000,260703,155658,074,001,1,3,1,861292053604220"},{"data":"+Hooshnic:V1.07,3635.25830,05204.7040,000,260703,155701,074,000,1,3,1,861292053604220"},{"data":"+Hooshnic:V1.07,3635.26700,05204.7392,000,260703,155704,070,000,1,3,1,861292053604220"},{"data":"+Hooshnic:V1.07,3635.27530,05204.7636,000,260703,155706,076,004,1,3,1,861292053604220"},{"data":"+Hooshnic:V1.07,3635.28630,05204.7973,000,260703,155709,058,000,1,3,1,861292053604220"},{"data":"+Hooshnic:V1.07,3635.31320,05204.9169,000,260703,155720,082,000,1,3,1,861292053604220"},{"data":"+Hooshnic:V1.07,3635.32320,05204.9599,000,260703,155723,088,000,1,3,1,861292053604220"},{"data":"+Hooshnic:V1.07,3635.33350,05205.0035,000,260703,155726,084,001,1,3,1,861292053604220"},{"data":"+Hooshnic:V1.07,3635.34200,05205.0454,000,260703,155729,084,000,1,3,1,861292053604220"},{"data":"+Hooshnic:V1.07,3635.34970,05205.0872,000,260703,155732,082,000,1,3,1,861292053604220"},{"data":"+Hooshnic:V1.07,3635.35590,05205.1296,000,260703,155735,084,001,1,3,1,861292053604220"},{"data":"+Hooshnic:V1.07,3635.35950,05205.1584,000,260703,155737,084,000,1,3,1,861292053604220"},{"data":"+Hooshnic:V1.07,3635.36460,05205.2007,000,260703,155740,078,000,1,3,1,861292053604220"},{"data":"+Hooshnic:V1.07,3635.36850,05205.2391,000,260703,155743,064,001,1,3,1,861292053604220"},{"data":"+Hooshnic:V1.07,3635.37130,05205.2670,000,260703,155746,044,000,1,3,1,861292053604220"},{"data":"+Hooshnic:V1.07,3635.37380,05205.2890,000,260703,155749,042,000,1,3,1,861292053604220"},{}]....................................................................ADDRESS_LOCATION = 884736AT+CIPSTART="TCP","api.hooshnics.com",80
AT+CIPSEND=1701
POST /api/gps/reports HTTP/1.1
Host: api.hooshnics.com
Content-Type: application/json
Content-Length: 1588

[{"data":"+Hooshnic:V1.07,3635.15520,05204.1119,000,260703,155612,068,000,1,3,1,861292053604220"},{"data":"+Hooshnic:V1.07,3635.16180,05204.1486,000,260703,155615,074,000,1,3,1,861292053604220"},{"data":"+Hooshnic:V1.07,3635.16850,05204.1858,000,260703,155618,070,000,1,3,1,861292053604220"},{"data":"+Hooshnic:V1.07,3635.17480,05204.2202,000,260703,155621,064,000,1,3,1,861292053604220"},{"data":"+Hooshnic:V1.07,3635.18060,05204.2522,000,260703,155624,064,001,1,3,1,861292053604220"},{"data":"+Hooshnic:V1.07,3635.18490,05204.2749,000,260703,155626,070,000,1,3,1,861292053604220"},{"data":"+Hooshnic:V1.07,3635.19210,05204.3130,000,260703,155629,078,000,1,3,1,861292053604220"},{"data":"+Hooshnic:V1.07,3635.20010,05204.3530,000,260703,155632,078,000,1,3,1,861292053604220"},{"data":"+Hooshnic:V1.07,3635.20830,05204.3916,000,260703,155635,072,000,1,3,1,861292053604220"},{"data":"+Hooshnic:V1.07,3635.21530,05204.4285,000,260703,155638,072,000,1,3,1,861292053604220"},{"data":"+Hooshnic:V1.07,3635.22210,05204.4661,000,260703,155641,074,000,1,3,1,861292053604220"},{"data":"+Hooshnic:V1.07,3635.22840,05204.5047,000,260703,155644,076,000,1,3,1,861292053604220"},{"data":"+Hooshnic:V1.07,3635.23280,05204.5302,000,260703,155646,074,000,1,3,1,861292053604220"},{"data":"+Hooshnic:V1.07,3635.23820,05204.5667,000,260703,155649,066,003,1,3,1,861292053604220"},{"data":"+Hooshnic:V1.07,3635.24080,05204.5987,000,260703,155652,056,000,1,3,1,861292053604220"},{"data":"+Hooshnic:V1.07,3635.24520,05204.6312,000,260703,155655,066,000,1,3,1,861292053604220"},{}]....................................................................ADDRESS_LOCATION = 880640AT+CIPSTART="TCP","api.hooshnics.com",80
AT+CIPSEND=1701
POST /api/gps/reports HTTP/1.1
Host: api.hooshnics.com
Content-Type: application/json
Content-Length: 1588

[{"data":"+Hooshnic:V1.07,3635.07510,05203.5830,000,260703,155527,086,000,1,3,1,861292053604220"},{"data":"+Hooshnic:V1.07,3635.07790,05203.6276,000,260703,155530,082,000,1,3,1,861292053604220"},{"data":"+Hooshnic:V1.07,3635.07990,05203.6704,000,260703,155533,080,001,1,3,1,861292053604220"},{"data":"+Hooshnic:V1.07,3635.08190,05203.6986,000,260703,155535,080,000,1,3,1,861292053604220"},{"data":"+Hooshnic:V1.07,3635.08610,05203.7412,000,260703,155538,080,000,1,3,1,861292053604220"},{"data":"+Hooshnic:V1.07,3635.09250,05203.7797,000,260703,155541,072,000,1,3,1,861292053604220"},{"data":"+Hooshnic:V1.07,3635.09890,05203.8137,000,260703,155544,064,000,1,3,1,861292053604220"},{"data":"+Hooshnic:V1.07,3635.10480,05203.8443,000,260703,155547,056,000,1,3,1,861292053604220"},{"data":"+Hooshnic:V1.07,3635.11000,05203.8722,000,260703,155550,054,001,1,3,1,861292053604220"},{"data":"+Hooshnic:V1.07,3635.11370,05203.8916,000,260703,155552,054,000,1,3,1,861292053604220"},{"data":"+Hooshnic:V1.07,3635.12000,05203.9239,000,260703,155555,068,000,1,3,1,861292053604220"},{"data":"+Hooshnic:V1.07,3635.12660,05203.9593,000,260703,155558,072,000,1,3,1,861292053604220"},{"data":"+Hooshnic:V1.07,3635.13340,05203.9959,000,260703,155601,072,000,1,3,1,861292053604220"},{"data":"+Hooshnic:V1.07,3635.14000,05204.0304,000,260703,155604,064,000,1,3,1,861292053604220"},{"data":"+Hooshnic:V1.07,3635.14570,05204.0602,000,260703,155607,054,001,1,3,1,861292053604220"},{"data":"+Hooshnic:V1.07,3635.14920,05204.0794,000,260703,155609,054,000,1,3,1,861292053604220"},{}]....................................................................ADDRESS_LOCATION = 876544AT+CIPSTART="TCP","api.hooshnics.com",80
AT+CIPSEND=1701
POST /api/gps/reports HTTP/1.1
Host: api.hooshnics.com
Content-Type: application/json
Content-Length: 1588

[{"data":"+Hooshnic:V1.07,3635.01360,05203.1723,000,260703,155433,056,000,1,3,1,861292053604220"},{"data":"+Hooshnic:V1.07,3635.01840,05203.2004,000,260703,155436,052,000,1,3,1,861292053604220"},{"data":"+Hooshnic:V1.07,3635.02330,05203.2290,000,260703,155439,056,001,1,3,1,861292053604220"},{"data":"+Hooshnic:V1.07,3635.02880,05203.2577,000,260703,155442,050,000,1,3,1,861292053604220"},{"data":"+Hooshnic:V1.07,3635.03750,05203.3154,000,260703,155453,016,000,1,3,1,861292053604220"},{"data":"+Hooshnic:V1.07,3635.03910,05203.3249,000,260703,155456,018,000,1,3,1,861292053604220"},{"data":"+Hooshnic:V1.07,3635.04070,05203.3337,000,260703,155459,016,005,1,3,1,861292053604220"},{"data":"+Hooshnic:V1.07,3635.04090,05203.3387,000,260703,155501,012,000,1,3,1,861292053604220"},{"data":"+Hooshnic:V1.07,3635.04230,05203.3462,000,260703,155504,018,000,1,3,1,861292053604220"},{"data":"+Hooshnic:V1.07,3635.04510,05203.3596,000,260703,155507,030,001,1,3,1,861292053604220"},{"data":"+Hooshnic:V1.07,3635.04960,05203.3790,000,260703,155510,044,000,1,3,1,861292053604220"},{"data":"+Hooshnic:V1.07,3635.05500,05203.4045,000,260703,155513,054,000,1,3,1,861292053604220"},{"data":"+Hooshnic:V1.07,3635.05940,05203.4356,000,260703,155516,064,001,1,3,1,861292053604220"},{"data":"+Hooshnic:V1.07,3635.06390,05203.4718,000,260703,155519,074,000,1,3,1,861292053604220"},{"data":"+Hooshnic:V1.07,3635.06660,05203.4979,000,260703,155521,076,000,1,3,1,861292053604220"},{"data":"+Hooshnic:V1.07,3635.07050,05203.5386,000,260703,155524,082,000,1,3,1,861292053604220"},{}]....................................................................ADDRESS_LOCATION = 872448AT+CIPSTART="TCP","api.hooshnics.com",80
AT+CIPSEND=1701
POST /api/gps/reports HTTP/1.1
Host: api.hooshnics.com
Content-Type: application/json
Content-Length: 1588

[{"data":"+Hooshnic:V1.07,3634.93460,05202.6766,000,260703,155348,072,002,1,3,1,861292053604220"},{"data":"+Hooshnic:V1.07,3634.94110,05202.7168,000,260703,155351,082,000,1,3,1,861292053604220"},{"data":"+Hooshnic:V1.07,3634.94760,05202.7576,000,260703,155354,076,000,1,3,1,861292053604220"},{"data":"+Hooshnic:V1.07,3634.95160,05202.7836,000,260703,155356,078,001,1,3,1,861292053604220"},{"data":"+Hooshnic:V1.07,3634.95710,05202.8208,000,260703,155359,072,000,1,3,1,861292053604220"},{"data":"+Hooshnic:V1.07,3634.96200,05202.8528,000,260703,155402,050,000,1,3,1,861292053604220"},{"data":"+Hooshnic:V1.07,3634.96560,05202.8766,000,260703,155405,046,000,1,3,1,861292053604220"},{"data":"+Hooshnic:V1.07,3634.96900,05202.9003,000,260703,155408,046,000,1,3,1,861292053604220"},{"data":"+Hooshnic:V1.07,3634.97310,05202.9265,000,260703,155411,052,000,1,3,1,861292053604220"},{"data":"+Hooshnic:V1.07,3634.97640,05202.9453,000,260703,155413,056,000,1,3,1,861292053604220"},{"data":"+Hooshnic:V1.07,3634.98160,05202.9746,000,260703,155416,058,000,1,3,1,861292053604220"},{"data":"+Hooshnic:V1.07,3634.98650,05203.0059,000,260703,155419,064,000,1,3,1,861292053604220"},{"data":"+Hooshnic:V1.07,3634.99220,05203.0415,000,260703,155422,070,000,1,3,1,861292053604220"},{"data":"+Hooshnic:V1.07,3634.99780,05203.0800,000,260703,155425,076,000,1,3,1,861292053604220"},{"data":"+Hooshnic:V1.07,3635.00460,05203.1187,000,260703,155428,072,000,1,3,1,861292053604220"},{"data":"+Hooshnic:V1.07,3635.00850,05203.1420,000,260703,155430,064,001,1,3,1,861292053604220"},{}]....................................................................ADDRESS_LOCATION = 868352AT+CIPSTART="TCP","api.hooshnics.com",80
AT+CIPSEND=1701
POST /api/gps/reports HTTP/1.1
Host: api.hooshnics.com
Content-Type: application/json
Content-Length: 1588

[{"data":"+Hooshnic:V1.07,3634.87300,05202.1754,000,260703,155302,044,000,1,3,1,861292053604220"},{"data":"+Hooshnic:V1.07,3634.87710,05202.2008,000,260703,155305,054,002,1,3,1,861292053604220"},{"data":"+Hooshnic:V1.07,3634.88280,05202.2307,000,260703,155308,060,000,1,3,1,861292053604220"},{"data":"+Hooshnic:V1.07,3634.88750,05202.2600,000,260703,155311,058,000,1,3,1,861292053604220"},{"data":"+Hooshnic:V1.07,3634.89060,05202.2824,000,260703,155314,038,003,1,3,1,861292053604220"},{"data":"+Hooshnic:V1.07,3634.89190,05202.2969,000,260703,155316,046,000,1,3,1,861292053604220"},{"data":"+Hooshnic:V1.07,3634.89510,05202.3245,000,260703,155319,058,000,1,3,1,861292053604220"},{"data":"+Hooshnic:V1.07,3634.89950,05202.3577,000,260703,155322,066,001,1,3,1,861292053604220"},{"data":"+Hooshnic:V1.07,3634.90350,05202.3950,000,260703,155325,074,000,1,3,1,861292053604220"},{"data":"+Hooshnic:V1.07,3634.90800,05202.4369,000,260703,155328,084,000,1,3,1,861292053604220"},{"data":"+Hooshnic:V1.07,3634.91200,05202.4823,000,260703,155331,088,001,1,3,1,861292053604220"},{"data":"+Hooshnic:V1.07,3634.91650,05202.5264,000,260703,155334,080,000,1,3,1,861292053604220"},{"data":"+Hooshnic:V1.07,3634.91910,05202.5522,000,260703,155336,070,000,1,3,1,861292053604220"},{"data":"+Hooshnic:V1.07,3634.92200,05202.5834,000,260703,155339,048,001,1,3,1,861292053604220"},{"data":"+Hooshnic:V1.07,3634.92470,05202.6090,000,260703,155342,054,000,1,3,1,861292053604220"},{"data":"+Hooshnic:V1.07,3634.92910,05202.6405,000,260703,155345,066,000,1,3,1,861292053604220"},{}]....................................................................ADDRESS_LOCATION = 864256AT+CIPSTART="TCP","api.hooshnics.com",80
AT+CIPSEND=1701
POST /api/gps/reports HTTP/1.1
Host: api.hooshnics.com
Content-Type: application/json
Content-Length: 1588

[{"data":"+Hooshnic:V1.07,3634.81440,05201.8844,000,260703,155209,020,000,1,3,1,861292053604220"},{"data":"+Hooshnic:V1.07,3634.81570,05201.8913,000,260703,155211,018,002,1,3,1,861292053604220"},{"data":"+Hooshnic:V1.07,3634.81700,05201.8986,000,260703,155214,008,000,1,3,1,861292053604220"},{"data":"+Hooshnic:V1.07,3634.81700,05201.9123,000,260703,155225,000,000,1,3,1,861292053604220"},{"data":"+Hooshnic:V1.07,3634.81700,05201.9123,000,260703,155228,000,000,1,3,1,861292053604220"},{"data":"+Hooshnic:V1.07,3634.81630,05201.9153,000,260703,155231,008,001,1,3,1,861292053604220"},{"data":"+Hooshnic:V1.07,3634.81750,05201.9237,000,260703,155234,020,000,1,3,1,861292053604220"},{"data":"+Hooshnic:V1.07,3634.82130,05201.9389,000,260703,155237,034,000,1,3,1,861292053604220"},{"data":"+Hooshnic:V1.07,3634.82870,05201.9583,000,260703,155240,044,003,1,3,1,861292053604220"},{"data":"+Hooshnic:V1.07,3634.83580,05201.9820,000,260703,155243,052,000,1,3,1,861292053604220"},{"data":"+Hooshnic:V1.07,3634.83960,05202.0007,000,260703,155245,058,000,1,3,1,861292053604220"},{"data":"+Hooshnic:V1.07,3634.84530,05202.0322,000,260703,155248,064,001,1,3,1,861292053604220"},{"data":"+Hooshnic:V1.07,3634.85200,05202.0667,000,260703,155251,068,000,1,3,1,861292053604220"},{"data":"+Hooshnic:V1.07,3634.85820,05202.1009,000,260703,155254,068,000,1,3,1,861292053604220"},{"data":"+Hooshnic:V1.07,3634.86420,05202.1340,000,260703,155257,062,001,1,3,1,861292053604220"},{"data":"+Hooshnic:V1.07,3634.87000,05202.1607,000,260703,155300,044,000,1,3,1,861292053604220"},{}]....................................................................ADDRESS_LOCATION = 860160AT+CIPSTART="TCP","api.hooshnics.com",80
AT+CIPSEND=1701
POST /api/gps/reports HTTP/1.1
Host: api.hooshnics.com
Content-Type: application/json
Content-Length: 1588

[{"data":"+Hooshnic:V1.07,3634.74970,05201.5532,000,260703,155123,058,000,1,3,1,861292053604220"},{"data":"+Hooshnic:V1.07,3634.75530,05201.5813,000,260703,155126,054,000,1,3,1,861292053604220"},{"data":"+Hooshnic:V1.07,3634.75990,05201.6053,000,260703,155129,040,001,1,3,1,861292053604220"},{"data":"+Hooshnic:V1.07,3634.76480,05201.6261,000,260703,155132,044,000,1,3,1,861292053604220"},{"data":"+Hooshnic:V1.07,3634.76910,05201.6509,000,260703,155135,050,000,1,3,1,861292053604220"},{"data":"+Hooshnic:V1.07,3634.77280,05201.6688,000,260703,155137,054,000,1,3,1,861292053604220"},{"data":"+Hooshnic:V1.07,3634.77930,05201.6958,000,260703,155140,054,000,1,3,1,861292053604220"},{"data":"+Hooshnic:V1.07,3634.78590,05201.7233,000,260703,155143,054,000,1,3,1,861292053604220"},{"data":"+Hooshnic:V1.07,3634.79120,05201.7503,000,260703,155146,050,001,1,3,1,861292053604220"},{"data":"+Hooshnic:V1.07,3634.79580,05201.7758,000,260703,155149,048,000,1,3,1,861292053604220"},{"data":"+Hooshnic:V1.07,3634.79950,05201.7973,000,260703,155152,040,000,1,3,1,861292053604220"},{"data":"+Hooshnic:V1.07,3634.80260,05201.8120,000,260703,155154,044,000,1,3,1,861292053604220"},{"data":"+Hooshnic:V1.07,3634.80630,05201.8332,000,260703,155157,038,000,1,3,1,861292053604220"},{"data":"+Hooshnic:V1.07,3634.80940,05201.8522,000,260703,155200,034,000,1,3,1,861292053604220"},{"data":"+Hooshnic:V1.07,3634.81180,05201.8662,000,260703,155203,022,001,1,3,1,861292053604220"},{"data":"+Hooshnic:V1.07,3634.81240,05201.8760,000,260703,155206,016,000,1,3,1,861292053604220"},{}]....................................................................ADDRESS_LOCATION = 856064AT+CIPSTART="TCP","api.hooshnics.com",80
AT+CIPSEND=1701
POST /api/gps/reports HTTP/1.1
Host: api.hooshnics.com
Content-Type: application/json
Content-Length: 1588

[{"data":"+Hooshnic:V1.07,3634.65520,05201.1304,000,260703,155038,050,000,1,3,1,861292053604220"},{"data":"+Hooshnic:V1.07,3634.66040,05201.1546,000,260703,155041,046,000,1,3,1,861292053604220"},{"data":"+Hooshnic:V1.07,3634.66630,05201.1779,000,260703,155044,048,000,1,3,1,861292053604220"},{"data":"+Hooshnic:V1.07,3634.67070,05201.1937,000,260703,155046,048,000,1,3,1,861292053604220"},{"data":"+Hooshnic:V1.07,3634.67600,05201.2187,000,260703,155049,048,000,1,3,1,861292053604220"},{"data":"+Hooshnic:V1.07,3634.68100,05201.2428,000,260703,155052,046,000,1,3,1,861292053604220"},{"data":"+Hooshnic:V1.07,3634.68690,05201.2678,000,260703,155055,052,000,1,3,1,861292053604220"},{"data":"+Hooshnic:V1.07,3634.69280,05201.2949,000,260703,155058,054,000,1,3,1,861292053604220"},{"data":"+Hooshnic:V1.07,3634.69790,05201.3198,000,260703,155101,046,000,1,3,1,861292053604220"},{"data":"+Hooshnic:V1.07,3634.70200,05201.3351,000,260703,155103,046,000,1,3,1,861292053604220"},{"data":"+Hooshnic:V1.07,3634.70890,05201.3604,000,260703,155106,056,000,1,3,1,861292053604220"},{"data":"+Hooshnic:V1.07,3634.71780,05201.3905,000,260703,155109,064,000,1,3,1,861292053604220"},{"data":"+Hooshnic:V1.07,3634.72610,05201.4228,000,260703,155112,066,001,1,3,1,861292053604220"},{"data":"+Hooshnic:V1.07,3634.73330,05201.4571,000,260703,155115,070,000,1,3,1,861292053604220"},{"data":"+Hooshnic:V1.07,3634.73770,05201.4816,000,260703,155117,072,000,1,3,1,861292053604220"},{"data":"+Hooshnic:V1.07,3634.74420,05201.5195,000,260703,155120,074,001,1,3,1,861292053604220"},{}]....................................................................ADDRESS_LOCATION = 851968AT+CIPSTART="TCP","api.hooshnics.com",80
AT+CIPSEND=1701
POST /api/gps/reports HTTP/1.1
Host: api.hooshnics.com
Content-Type: application/json
Content-Length: 1588

[{"data":"+Hooshnic:V1.07,3634.57750,05200.8014,000,260703,154944,024,005,1,3,1,861292053604220"},{"data":"+Hooshnic:V1.07,3634.58120,05200.8175,000,260703,154947,036,000,1,3,1,861292053604220"},{"data":"+Hooshnic:V1.07,3634.60050,05200.8953,000,260703,154958,036,000,1,3,1,861292053604220"},{"data":"+Hooshnic:V1.07,3634.60510,05200.9140,000,260703,155001,038,000,1,3,1,861292053604220"},{"data":"+Hooshnic:V1.07,3634.60880,05200.9322,000,260703,155004,032,000,1,3,1,861292053604220"},{"data":"+Hooshnic:V1.07,3634.61200,05200.9458,000,260703,155007,024,000,1,3,1,861292053604220"},{"data":"+Hooshnic:V1.07,3634.61380,05200.9548,000,260703,155009,026,000,1,3,1,861292053604220"},{"data":"+Hooshnic:V1.07,3634.61690,05200.9694,000,260703,155012,030,000,1,3,1,861292053604220"},{"data":"+Hooshnic:V1.07,3634.62000,05200.9851,000,260703,155015,030,000,1,3,1,861292053604220"},{"data":"+Hooshnic:V1.07,3634.62300,05201.0006,000,260703,155018,030,000,1,3,1,861292053604220"},{"data":"+Hooshnic:V1.07,3634.62680,05201.0167,000,260703,155021,034,000,1,3,1,861292053604220"},{"data":"+Hooshnic:V1.07,3634.63140,05201.0345,000,260703,155024,036,000,1,3,1,861292053604220"},{"data":"+Hooshnic:V1.07,3634.63450,05201.0462,000,260703,155026,034,000,1,3,1,861292053604220"},{"data":"+Hooshnic:V1.07,3634.63940,05201.0625,000,260703,155029,034,000,1,3,1,861292053604220"},{"data":"+Hooshnic:V1.07,3634.64420,05201.0812,000,260703,155032,042,000,1,3,1,861292053604220"},{"data":"+Hooshnic:V1.07,3634.64970,05201.1049,000,260703,155035,050,000,1,3,1,861292053604220"},{}]....................................................................ADDRESS_LOCATION = 847872AT+CIPSTART="TCP","api.hooshnics.com",80
AT+CIPSEND=1701
POST /api/gps/reports HTTP/1.1
Host: api.hooshnics.com
Content-Type: application/json
Content-Length: 1588

[{"data":"+Hooshnic:V1.07,3634.53070,05200.4535,000,260703,154859,036,000,1,3,1,861292053604220"},{"data":"+Hooshnic:V1.07,3634.53290,05200.4660,000,260703,154901,038,004,1,3,1,861292053604220"},{"data":"+Hooshnic:V1.07,3634.53680,05200.4886,000,260703,154904,050,000,1,3,1,861292053604220"},{"data":"+Hooshnic:V1.07,3634.54110,05200.5166,000,260703,154907,056,000,1,3,1,861292053604220"},{"data":"+Hooshnic:V1.07,3634.54520,05200.5479,000,260703,154910,064,000,1,3,1,861292053604220"},{"data":"+Hooshnic:V1.07,3634.54930,05200.5804,000,260703,154913,062,000,1,3,1,861292053604220"},{"data":"+Hooshnic:V1.07,3634.55340,05200.6115,000,260703,154916,058,000,1,3,1,861292053604220"},{"data":"+Hooshnic:V1.07,3634.55600,05200.6309,000,260703,154918,056,001,1,3,1,861292053604220"},{"data":"+Hooshnic:V1.07,3634.56040,05200.6589,000,260703,154921,054,000,1,3,1,861292053604220"},{"data":"+Hooshnic:V1.07,3634.56490,05200.6869,000,260703,154924,054,000,1,3,1,861292053604220"},{"data":"+Hooshnic:V1.07,3634.56880,05200.7148,000,260703,154927,054,000,1,3,1,861292053604220"},{"data":"+Hooshnic:V1.07,3634.57100,05200.7400,000,260703,154930,040,000,1,3,1,861292053604220"},{"data":"+Hooshnic:V1.07,3634.57360,05200.7579,000,260703,154933,030,000,1,3,1,861292053604220"},{"data":"+Hooshnic:V1.07,3634.57560,05200.7711,000,260703,154936,022,001,1,3,1,861292053604220"},{"data":"+Hooshnic:V1.07,3634.57700,05200.7789,000,260703,154938,022,000,1,3,1,861292053604220"},{"data":"+Hooshnic:V1.07,3634.57860,05200.7899,000,260703,154941,020,000,1,3,1,861292053604220"},{}]....................................................................ADDRESS_LOCATION = 843776AT+CIPSTART="TCP","api.hooshnics.com",80
AT+CIPSEND=1701
POST /api/gps/reports HTTP/1.1
Host: api.hooshnics.com
Content-Type: application/json
Content-Length: 1588

[{"data":"+Hooshnic:V1.07,3634.47490,05200.0433,000,260703,154813,062,000,1,3,1,861292053604220"},{"data":"+Hooshnic:V1.07,3634.47880,05200.0753,000,260703,154816,062,000,1,3,1,861292053604220"},{"data":"+Hooshnic:V1.07,3634.48380,05200.1080,000,260703,154819,064,001,1,3,1,861292053604220"},{"data":"+Hooshnic:V1.07,3634.48780,05200.1420,000,260703,154822,064,000,1,3,1,861292053604220"},{"data":"+Hooshnic:V1.07,3634.49160,05200.1761,000,260703,154825,066,000,1,3,1,861292053604220"},{"data":"+Hooshnic:V1.07,3634.49470,05200.1993,000,260703,154827,066,001,1,3,1,861292053604220"},{"data":"+Hooshnic:V1.07,3634.49980,05200.2320,000,260703,154830,066,000,1,3,1,861292053604220"},{"data":"+Hooshnic:V1.07,3634.50340,05200.2621,000,260703,154833,056,000,1,3,1,861292053604220"},{"data":"+Hooshnic:V1.07,3634.50640,05200.2889,000,260703,154836,048,001,1,3,1,861292053604220"},{"data":"+Hooshnic:V1.07,3634.50890,05200.3129,000,260703,154839,042,000,1,3,1,861292053604220"},{"data":"+Hooshnic:V1.07,3634.51130,05200.3323,000,260703,154842,036,000,1,3,1,861292053604220"},{"data":"+Hooshnic:V1.07,3634.51370,05200.3450,000,260703,154844,040,001,1,3,1,861292053604220"},{"data":"+Hooshnic:V1.07,3634.51680,05200.3675,000,260703,154847,046,000,1,3,1,861292053604220"},{"data":"+Hooshnic:V1.07,3634.52110,05200.3917,000,260703,154850,048,000,1,3,1,861292053604220"},{"data":"+Hooshnic:V1.07,3634.52430,05200.4156,000,260703,154853,042,001,1,3,1,861292053604220"},{"data":"+Hooshnic:V1.07,3634.52770,05200.4349,000,260703,154856,034,000,1,3,1,861292053604220"},{}]....................................................................ADDRESS_LOCATION = 839680AT+CIPSTART="TCP","api.hooshnics.com",80
AT+CIPSEND=1701
POST /api/gps/reports HTTP/1.1
Host: api.hooshnics.com
Content-Type: application/json
Content-Length: 1588

[{"data":"+Hooshnic:V1.07,3634.43870,05159.8154,000,260703,154719,018,000,1,3,1,861292053604220"},{"data":"+Hooshnic:V1.07,3634.43910,05159.8226,000,260703,154731,000,000,1,3,1,861292053604220"},{"data":"+Hooshnic:V1.07,3634.43910,05159.8226,000,260703,154733,000,000,1,3,1,861292053604220"},{"data":"+Hooshnic:V1.07,3634.43910,05159.8226,000,260703,154736,000,000,1,3,1,861292053604220"},{"data":"+Hooshnic:V1.07,3634.43910,05159.8226,000,260703,154739,000,000,1,3,1,861292053604220"},{"data":"+Hooshnic:V1.07,3634.43910,05159.8226,000,260703,154742,000,000,1,3,1,861292053604220"},{"data":"+Hooshnic:V1.07,3634.43910,05159.8233,000,260703,154745,010,004,1,3,1,861292053604220"},{"data":"+Hooshnic:V1.07,3634.44230,05159.8332,000,260703,154748,024,000,1,3,1,861292053604220"},{"data":"+Hooshnic:V1.07,3634.44480,05159.8433,000,260703,154750,032,000,1,3,1,861292053604220"},{"data":"+Hooshnic:V1.07,3634.44770,05159.8627,000,260703,154753,042,003,1,3,1,861292053604220"},{"data":"+Hooshnic:V1.07,3634.45270,05159.8859,000,260703,154756,048,000,1,3,1,861292053604220"},{"data":"+Hooshnic:V1.07,3634.45710,05159.9108,000,260703,154759,048,000,1,3,1,861292053604220"},{"data":"+Hooshnic:V1.07,3634.46110,05159.9356,000,260703,154802,048,000,1,3,1,861292053604220"},{"data":"+Hooshnic:V1.07,3634.46450,05159.9615,000,260703,154805,052,000,1,3,1,861292053604220"},{"data":"+Hooshnic:V1.07,3634.46660,05159.9810,000,260703,154807,058,000,1,3,1,861292053604220"},{"data":"+Hooshnic:V1.07,3634.47080,05200.0119,000,260703,154810,060,000,1,3,1,861292053604220"},{}]....................................................................ADDRESS_LOCATION = 835584AT+CIPSTART="TCP","api.hooshnics.com",80
AT+CIPSEND=1701
POST /api/gps/reports HTTP/1.1
Host: api.hooshnics.com
Content-Type: application/json
Content-Length: 1588

[{"data":"+Hooshnic:V1.07,3634.40680,05159.5341,000,260703,154634,052,001,1,3,1,861292053604220"},{"data":"+Hooshnic:V1.07,3634.41140,05159.5635,000,260703,154637,060,000,1,3,1,861292053604220"},{"data":"+Hooshnic:V1.07,3634.41610,05159.5951,000,260703,154640,062,000,1,3,1,861292053604220"},{"data":"+Hooshnic:V1.07,3634.42020,05159.6268,000,260703,154643,062,000,1,3,1,861292053604220"},{"data":"+Hooshnic:V1.07,3634.42260,05159.6479,000,260703,154645,060,000,1,3,1,861292053604220"},{"data":"+Hooshnic:V1.07,3634.42670,05159.6768,000,260703,154648,052,000,1,3,1,861292053604220"},{"data":"+Hooshnic:V1.07,3634.42940,05159.7031,000,260703,154651,046,001,1,3,1,861292053604220"},{"data":"+Hooshnic:V1.07,3634.43140,05159.7261,000,260703,154654,042,000,1,3,1,861292053604220"},{"data":"+Hooshnic:V1.07,3634.43280,05159.7443,000,260703,154657,028,000,1,3,1,861292053604220"},{"data":"+Hooshnic:V1.07,3634.43250,05159.7596,000,260703,154700,030,000,1,3,1,861292053604220"},{"data":"+Hooshnic:V1.07,3634.43270,05159.7697,000,260703,154702,026,000,1,3,1,861292053604220"},{"data":"+Hooshnic:V1.07,3634.43290,05159.7819,000,260703,154705,020,000,1,3,1,861292053604220"},{"data":"+Hooshnic:V1.07,3634.43430,05159.7919,000,260703,154708,016,001,1,3,1,861292053604220"},{"data":"+Hooshnic:V1.07,3634.43620,05159.8006,000,260703,154711,014,000,1,3,1,861292053604220"},{"data":"+Hooshnic:V1.07,3634.43670,05159.8059,000,260703,154714,008,000,1,3,1,861292053604220"},{"data":"+Hooshnic:V1.07,3634.43870,05159.8097,000,260703,154717,012,013,1,3,1,861292053604220"},{}]....................................................................ADDRESS_LOCATION = 831488AT+CIPSTART="TCP","api.hooshnics.com",80
AT+CIPSEND=1701
POST /api/gps/reports HTTP/1.1
Host: api.hooshnics.com
Content-Type: application/json
Content-Length: 1588

[{"data":"+Hooshnic:V1.07,3634.36010,05159.1034,000,260703,154549,062,000,1,3,1,861292053604220"},{"data":"+Hooshnic:V1.07,3634.36240,05159.1251,000,260703,154551,064,000,1,3,1,861292053604220"},{"data":"+Hooshnic:V1.07,3634.36560,05159.1575,000,260703,154554,064,000,1,3,1,861292053604220"},{"data":"+Hooshnic:V1.07,3634.36940,05159.1911,000,260703,154557,066,000,1,3,1,861292053604220"},{"data":"+Hooshnic:V1.07,3634.37240,05159.2240,000,260703,154600,056,000,1,3,1,861292053604220"},{"data":"+Hooshnic:V1.07,3634.37440,05159.2524,000,260703,154603,052,000,1,3,1,861292053604220"},{"data":"+Hooshnic:V1.07,3634.37810,05159.2837,000,260703,154606,066,000,1,3,1,861292053604220"},{"data":"+Hooshnic:V1.07,3634.38120,05159.3071,000,260703,154608,070,001,1,3,1,861292053604220"},{"data":"+Hooshnic:V1.07,3634.38560,05159.3433,000,260703,154611,072,000,1,3,1,861292053604220"},{"data":"+Hooshnic:V1.07,3634.38880,05159.3734,000,260703,154614,050,000,1,3,1,861292053604220"},{"data":"+Hooshnic:V1.07,3634.39050,05159.3950,000,260703,154617,038,003,1,3,1,861292053604220"},{"data":"+Hooshnic:V1.07,3634.39300,05159.4173,000,260703,154620,048,000,1,3,1,861292053604220"},{"data":"+Hooshnic:V1.07,3634.39550,05159.4425,000,260703,154623,050,000,1,3,1,861292053604220"},{"data":"+Hooshnic:V1.07,3634.39890,05159.4680,000,260703,154626,048,000,1,3,1,861292053604220"},{"data":"+Hooshnic:V1.07,3634.40070,05159.4847,000,260703,154628,048,000,1,3,1,861292053604220"},{"data":"+Hooshnic:V1.07,3634.40380,05159.5087,000,260703,154631,046,000,1,3,1,861292053604220"},{}]....................................................................ADDRESS_LOCATION = 827392AT+CIPSTART="TCP","api.hooshnics.com",80
AT+CIPSEND=1701
POST /api/gps/reports HTTP/1.1
Host: api.hooshnics.com
Content-Type: application/json
Content-Length: 1588

[{"data":"+Hooshnic:V1.07,3634.32030,05158.7420,000,260703,154503,054,000,1,3,1,861292053604220"},{"data":"+Hooshnic:V1.07,3634.32140,05158.7711,000,260703,154506,054,000,1,3,1,861292053604220"},{"data":"+Hooshnic:V1.07,3634.32330,05158.7975,000,260703,154509,044,000,1,3,1,861292053604220"},{"data":"+Hooshnic:V1.07,3634.32520,05158.8192,000,260703,154512,040,000,1,3,1,861292053604220"},{"data":"+Hooshnic:V1.07,3634.32710,05158.8402,000,260703,154515,040,000,1,3,1,861292053604220"},{"data":"+Hooshnic:V1.07,3634.32870,05158.8543,000,260703,154517,042,001,1,3,1,861292053604220"},{"data":"+Hooshnic:V1.07,3634.33140,05158.8758,000,260703,154520,042,000,1,3,1,861292053604220"},{"data":"+Hooshnic:V1.07,3634.33390,05158.8978,000,260703,154523,042,000,1,3,1,861292053604220"},{"data":"+Hooshnic:V1.07,3634.33660,05158.9196,000,260703,154526,042,001,1,3,1,861292053604220"},{"data":"+Hooshnic:V1.07,3634.33890,05158.9409,000,260703,154529,038,000,1,3,1,861292053604220"},{"data":"+Hooshnic:V1.07,3634.34100,05158.9616,000,260703,154532,042,000,1,3,1,861292053604220"},{"data":"+Hooshnic:V1.07,3634.34290,05158.9765,000,260703,154534,044,001,1,3,1,861292053604220"},{"data":"+Hooshnic:V1.07,3634.34610,05158.9984,000,260703,154537,042,000,1,3,1,861292053604220"},{"data":"+Hooshnic:V1.07,3634.34850,05159.0221,000,260703,154540,046,000,1,3,1,861292053604220"},{"data":"+Hooshnic:V1.07,3634.35170,05159.0466,000,260703,154543,050,001,1,3,1,861292053604220"},{"data":"+Hooshnic:V1.07,3634.35640,05159.0732,000,260703,154546,054,000,1,3,1,861292053604220"},{}]....................................................................ADDRESS_LOCATION = 823296AT+CIPSTART="TCP","api.hooshnics.com",80
AT+CIPSEND=1701
POST /api/gps/reports HTTP/1.1
Host: api.hooshnics.com
Content-Type: application/json
Content-Length: 1588

[{"data":"+Hooshnic:V1.07,3634.27110,05158.2605,000,260703,154409,042,000,1,3,1,861292053604220"},{"data":"+Hooshnic:V1.07,3634.27250,05158.2828,000,260703,154412,042,000,1,3,1,861292053604220"},{"data":"+Hooshnic:V1.07,3634.27660,05158.3035,000,260703,154415,040,001,1,3,1,861292053604220"},{"data":"+Hooshnic:V1.07,3634.28070,05158.3255,000,260703,154418,044,000,1,3,1,861292053604220"},{"data":"+Hooshnic:V1.07,3634.28410,05158.3492,000,260703,154421,046,000,1,3,1,861292053604220"},{"data":"+Hooshnic:V1.07,3634.28810,05158.3739,000,260703,154424,052,002,1,3,1,861292053604220"},{"data":"+Hooshnic:V1.07,3634.29040,05158.3924,000,260703,154426,054,000,1,3,1,861292053604220"},{"data":"+Hooshnic:V1.07,3634.29290,05158.4202,000,260703,154429,050,000,1,3,1,861292053604220"},{"data":"+Hooshnic:V1.07,3634.29560,05158.4469,000,260703,154432,054,001,1,3,1,861292053604220"},{"data":"+Hooshnic:V1.07,3634.29870,05158.4760,000,260703,154435,056,000,1,3,1,861292053604220"},{"data":"+Hooshnic:V1.07,3634.30090,05158.5067,000,260703,154438,058,000,1,3,1,861292053604220"},{"data":"+Hooshnic:V1.07,3634.30350,05158.5355,000,260703,154441,050,003,1,3,1,861292053604220"},{"data":"+Hooshnic:V1.07,3634.30430,05158.5527,000,260703,154443,050,000,1,3,1,861292053604220"},{"data":"+Hooshnic:V1.07,3634.30580,05158.5802,000,260703,154446,054,000,1,3,1,861292053604220"},{"data":"+Hooshnic:V1.07,3634.30730,05158.6081,000,260703,154449,052,002,1,3,1,861292053604220"},{"data":"+Hooshnic:V1.07,3634.30940,05158.6348,000,260703,154452,050,000,1,3,1,861292053604220"},{}]....................................................................ADDRESS_LOCATION = 819200AT+CIPSTART="TCP","api.hooshnics.com",80
AT+CIPSEND=1701
POST /api/gps/reports HTTP/1.1
Host: api.hooshnics.com
Content-Type: application/json
Content-Length: 1588

[{"data":"+Hooshnic:V1.07,3634.16340,05157.9637,000,260703,154324,034,001,1,3,1,861292053604220"},{"data":"+Hooshnic:V1.07,3634.17070,05157.9811,000,260703,154327,038,000,1,3,1,861292053604220"},{"data":"+Hooshnic:V1.07,3634.17870,05157.9986,000,260703,154330,040,000,1,3,1,861292053604220"},{"data":"+Hooshnic:V1.07,3634.18740,05158.0185,000,260703,154333,044,000,1,3,1,861292053604220"},{"data":"+Hooshnic:V1.07,3634.19340,05158.0332,000,260703,154335,046,000,1,3,1,861292053604220"},{"data":"+Hooshnic:V1.07,3634.20250,05158.0560,000,260703,154338,048,000,1,3,1,861292053604220"},{"data":"+Hooshnic:V1.07,3634.21060,05158.0787,000,260703,154341,046,001,1,3,1,861292053604220"},{"data":"+Hooshnic:V1.07,3634.22010,05158.1012,000,260703,154344,050,000,1,3,1,861292053604220"},{"data":"+Hooshnic:V1.07,3634.22950,05158.1241,000,260703,154347,048,000,1,3,1,861292053604220"},{"data":"+Hooshnic:V1.07,3634.23780,05158.1448,000,260703,154350,040,000,1,3,1,861292053604220"},{"data":"+Hooshnic:V1.07,3634.24290,05158.1576,000,260703,154352,042,000,1,3,1,861292053604220"},{"data":"+Hooshnic:V1.07,3634.25040,05158.1777,000,260703,154355,040,000,1,3,1,861292053604220"},{"data":"+Hooshnic:V1.07,3634.25670,05158.1941,000,260703,154358,030,005,1,3,1,861292053604220"},{"data":"+Hooshnic:V1.07,3634.26450,05158.2069,000,260703,154401,032,000,1,3,1,861292053604220"},{"data":"+Hooshnic:V1.07,3634.26850,05158.2251,000,260703,154404,036,000,1,3,1,861292053604220"},{"data":"+Hooshnic:V1.07,3634.27030,05158.2456,000,260703,154407,040,004,1,3,1,861292053604220"},{}]....................................................................ADDRESS_LOCATION = 815104AT+CIPSTART="TCP","api.hooshnics.com",80
AT+CIPSEND=1701
POST /api/gps/reports HTTP/1.1
Host: api.hooshnics.com
Content-Type: application/json
Content-Length: 1588

[{"data":"+Hooshnic:V1.07,3634.12700,05157.8292,000,260703,154239,022,000,1,3,1,861292053604220"},{"data":"+Hooshnic:V1.07,3634.12720,05157.8370,000,260703,154241,018,002,1,3,1,861292053604220"},{"data":"+Hooshnic:V1.07,3634.12760,05157.8449,000,260703,154244,006,000,1,3,1,861292053604220"},{"data":"+Hooshnic:V1.07,3634.12660,05157.8457,000,260703,154247,000,000,1,3,1,861292053604220"},{"data":"+Hooshnic:V1.07,3634.12560,05157.8460,000,260703,154250,000,000,1,3,1,861292053604220"},{"data":"+Hooshnic:V1.07,3634.12560,05157.8460,000,260703,154253,000,000,1,3,1,861292053604220"},{"data":"+Hooshnic:V1.07,3634.12770,05157.8521,000,260703,154256,024,000,1,3,1,861292053604220"},{"data":"+Hooshnic:V1.07,3634.13030,05157.8607,000,260703,154258,026,001,1,3,1,861292053604220"},{"data":"+Hooshnic:V1.07,3634.13360,05157.8750,000,260703,154301,030,000,1,3,1,861292053604220"},{"data":"+Hooshnic:V1.07,3634.13860,05157.8906,000,260703,154304,032,000,1,3,1,861292053604220"},{"data":"+Hooshnic:V1.07,3634.14250,05157.9057,000,260703,154307,028,001,1,3,1,861292053604220"},{"data":"+Hooshnic:V1.07,3634.14460,05157.9174,000,260703,154310,018,000,1,3,1,861292053604220"},{"data":"+Hooshnic:V1.07,3634.14800,05157.9243,000,260703,154313,012,000,1,3,1,861292053604220"},{"data":"+Hooshnic:V1.07,3634.15020,05157.9290,000,260703,154315,014,002,1,3,1,861292053604220"},{"data":"+Hooshnic:V1.07,3634.15300,05157.9357,000,260703,154318,016,000,1,3,1,861292053604220"},{"data":"+Hooshnic:V1.07,3634.15720,05157.9476,000,260703,154321,030,000,1,3,1,861292053604220"},{}]....................................................................ADDRESS_LOCATION = 811008AT+CIPSTART="TCP","api.hooshnics.com",80
AT+CIPSEND=1701
POST /api/gps/reports HTTP/1.1
Host: api.hooshnics.com
Content-Type: application/json
Content-Length: 1588

[{"data":"+Hooshnic:V1.07,3634.13850,05157.6552,000,260703,154145,000,000,1,3,1,861292053604220"},{"data":"+Hooshnic:V1.07,3634.13670,05157.6619,000,260703,154148,012,013,1,3,1,861292053604220"},{"data":"+Hooshnic:V1.07,3634.13610,05157.6653,000,260703,154150,006,000,1,3,1,861292053604220"},{"data":"+Hooshnic:V1.07,3634.13540,05157.6704,000,260703,154153,010,000,1,3,1,861292053604220"},{"data":"+Hooshnic:V1.07,3634.13480,05157.6748,000,260703,154156,006,004,1,3,1,861292053604220"},{"data":"+Hooshnic:V1.07,3634.13480,05157.6775,000,260703,154159,002,000,1,3,1,861292053604220"},{"data":"+Hooshnic:V1.07,3634.13440,05157.6822,000,260703,154202,012,000,1,3,1,861292053604220"},{"data":"+Hooshnic:V1.07,3634.13270,05157.6893,000,260703,154205,014,001,1,3,1,861292053604220"},{"data":"+Hooshnic:V1.07,3634.13180,05157.6932,000,260703,154207,008,000,1,3,1,861292053604220"},{"data":"+Hooshnic:V1.07,3634.13090,05157.6978,000,260703,154210,012,000,1,3,1,861292053604220"},{"data":"+Hooshnic:V1.07,3634.12920,05157.7081,000,260703,154213,026,001,1,3,1,861292053604220"},{"data":"+Hooshnic:V1.07,3634.12780,05157.7221,000,260703,154216,026,000,1,3,1,861292053604220"},{"data":"+Hooshnic:V1.07,3634.12580,05157.7345,000,260703,154219,016,000,1,3,1,861292053604220"},{"data":"+Hooshnic:V1.07,3634.12390,05157.7408,000,260703,154222,010,002,1,3,1,861292053604220"},{"data":"+Hooshnic:V1.07,3634.12350,05157.7466,000,260703,154224,020,000,1,3,1,861292053604220"},{"data":"+Hooshnic:V1.07,3634.12530,05157.8140,000,260703,154236,030,000,1,3,1,861292053604220"},{}]....................................................................ADDRESS_LOCATION = 806912AT+CIPSTART="TCP","api.hooshnics.com",80
AT+CIPSEND=1701
POST /api/gps/reports HTTP/1.1
Host: api.hooshnics.com
Content-Type: application/json
Content-Length: 1588

[{"data":"+Hooshnic:V1.07,3634.18430,05157.5635,000,260703,154059,020,000,1,3,1,861292053604220"},{"data":"+Hooshnic:V1.07,3634.18110,05157.5730,000,260703,154102,016,000,1,3,1,861292053604220"},{"data":"+Hooshnic:V1.07,3634.17790,05157.5802,000,260703,154105,016,002,1,3,1,861292053604220"},{"data":"+Hooshnic:V1.07,3634.17530,05157.5873,000,260703,154108,016,000,1,3,1,861292053604220"},{"data":"+Hooshnic:V1.07,3634.17200,05157.5948,000,260703,154111,016,000,1,3,1,861292053604220"},{"data":"+Hooshnic:V1.07,3634.16800,05157.6021,000,260703,154114,016,001,1,3,1,861292053604220"},{"data":"+Hooshnic:V1.07,3634.16470,05157.6066,000,260703,154116,014,000,1,3,1,861292053604220"},{"data":"+Hooshnic:V1.07,3634.16130,05157.6105,000,260703,154119,006,000,1,3,1,861292053604220"},{"data":"+Hooshnic:V1.07,3634.15980,05157.6143,000,260703,154122,012,004,1,3,1,861292053604220"},{"data":"+Hooshnic:V1.07,3634.15600,05157.6220,000,260703,154125,022,000,1,3,1,861292053604220"},{"data":"+Hooshnic:V1.07,3634.15000,05157.6328,000,260703,154128,024,000,1,3,1,861292053604220"},{"data":"+Hooshnic:V1.07,3634.14680,05157.6379,000,260703,154130,010,003,1,3,1,861292053604220"},{"data":"+Hooshnic:V1.07,3634.14460,05157.6408,000,260703,154133,008,000,1,3,1,861292053604220"},{"data":"+Hooshnic:V1.07,3634.14310,05157.6446,000,260703,154136,008,000,1,3,1,861292053604220"},{"data":"+Hooshnic:V1.07,3634.14080,05157.6502,000,260703,154139,012,000,1,3,1,861292053604220"},{"data":"+Hooshnic:V1.07,3634.13880,05157.6540,000,260703,154142,000,000,1,3,1,861292053604220"},{}]....................................................................ADDRESS_LOCATION = 802816AT+CIPSTART="TCP","api.hooshnics.com",80
AT+CIPSEND=1701
POST /api/gps/reports HTTP/1.1
Host: api.hooshnics.com
Content-Type: application/json
Content-Length: 1588

[{"data":"+Hooshnic:V1.07,3634.18520,05157.2622,000,260703,154014,048,002,1,3,1,861292053604220"},{"data":"+Hooshnic:V1.07,3634.18700,05157.2892,000,260703,154017,056,000,1,3,1,861292053604220"},{"data":"+Hooshnic:V1.07,3634.19010,05157.3193,000,260703,154020,058,000,1,3,1,861292053604220"},{"data":"+Hooshnic:V1.07,3634.19570,05157.3502,000,260703,154023,062,002,1,3,1,861292053604220"},{"data":"+Hooshnic:V1.07,3634.19890,05157.3714,000,260703,154025,062,000,1,3,1,861292053604220"},{"data":"+Hooshnic:V1.07,3634.20030,05157.3994,000,260703,154028,044,000,1,3,1,861292053604220"},{"data":"+Hooshnic:V1.07,3634.20010,05157.4168,000,260703,154031,032,003,1,3,1,861292053604220"},{"data":"+Hooshnic:V1.07,3634.19960,05157.4374,000,260703,154034,044,000,1,3,1,861292053604220"},{"data":"+Hooshnic:V1.07,3634.19870,05157.4588,000,260703,154037,044,000,1,3,1,861292053604220"},{"data":"+Hooshnic:V1.07,3634.19830,05157.4839,000,260703,154040,048,003,1,3,1,861292053604220"},{"data":"+Hooshnic:V1.07,3634.19710,05157.5008,000,260703,154042,046,000,1,3,1,861292053604220"},{"data":"+Hooshnic:V1.07,3634.19470,05157.5219,000,260703,154045,034,000,1,3,1,861292053604220"},{"data":"+Hooshnic:V1.07,3634.19130,05157.5351,000,260703,154048,016,000,1,3,1,861292053604220"},{"data":"+Hooshnic:V1.07,3634.18930,05157.5409,000,260703,154051,010,000,1,3,1,861292053604220"},{"data":"+Hooshnic:V1.07,3634.18830,05157.5471,000,260703,154054,012,000,1,3,1,861292053604220"},{"data":"+Hooshnic:V1.07,3634.18600,05157.5560,000,260703,154057,022,002,1,3,1,861292053604220"},{}]....................................................................ADDRESS_LOCATION = 798720AT+CIPSTART="TCP","api.hooshnics.com",80
AT+CIPSEND=1701
POST /api/gps/reports HTTP/1.1
Host: api.hooshnics.com
Content-Type: application/json
Content-Length: 1588

[{"data":"+Hooshnic:V1.07,3634.15060,05156.6905,000,260703,153920,056,000,1,3,1,861292053604220"},{"data":"+Hooshnic:V1.07,3634.15440,05156.7203,000,260703,153923,058,000,1,3,1,861292053604220"},{"data":"+Hooshnic:V1.07,3634.15620,05156.7511,000,260703,153926,058,000,1,3,1,861292053604220"},{"data":"+Hooshnic:V1.07,3634.15810,05156.7829,000,260703,153929,062,002,1,3,1,861292053604220"},{"data":"+Hooshnic:V1.07,3634.16080,05156.8162,000,260703,153932,064,000,1,3,1,861292053604220"},{"data":"+Hooshnic:V1.07,3634.16260,05156.8389,000,260703,153934,066,000,1,3,1,861292053604220"},{"data":"+Hooshnic:V1.07,3634.16490,05156.8745,000,260703,153937,068,000,1,3,1,861292053604220"},{"data":"+Hooshnic:V1.07,3634.16720,05156.9105,000,260703,153940,068,000,1,3,1,861292053604220"},{"data":"+Hooshnic:V1.07,3634.16910,05156.9458,000,260703,153943,066,000,1,3,1,861292053604220"},{"data":"+Hooshnic:V1.07,3634.17050,05156.9791,000,260703,153946,052,003,1,3,1,861292053604220"},{"data":"+Hooshnic:V1.07,3634.17090,05157.0047,000,260703,153949,050,000,1,3,1,861292053604220"},{"data":"+Hooshnic:V1.07,3634.17220,05157.0238,000,260703,153951,058,000,1,3,1,861292053604220"},{"data":"+Hooshnic:V1.07,3634.17500,05157.0554,000,260703,153954,062,002,1,3,1,861292053604220"},{"data":"+Hooshnic:V1.07,3634.17820,05157.0895,000,260703,153957,066,000,1,3,1,861292053604220"},{"data":"+Hooshnic:V1.07,3634.18570,05157.2124,000,260703,154008,048,000,1,3,1,861292053604220"},{"data":"+Hooshnic:V1.07,3634.18540,05157.2373,000,260703,154011,048,000,1,3,1,861292053604220"},{}]....................................................................ADDRESS_LOCATION = 794624AT+CIPSTART="TCP","api.hooshnics.com",80
AT+CIPSEND=1701
POST /api/gps/reports HTTP/1.1
Host: api.hooshnics.com
Content-Type: application/json
Content-Length: 1588

[{"data":"+Hooshnic:V1.07,3634.13720,05156.2840,000,260703,153835,038,000,1,3,1,861292053604220"},{"data":"+Hooshnic:V1.07,3634.13380,05156.3076,000,260703,153838,050,002,1,3,1,861292053604220"},{"data":"+Hooshnic:V1.07,3634.13060,05156.3347,000,260703,153841,052,000,1,3,1,861292053604220"},{"data":"+Hooshnic:V1.07,3634.13000,05156.3536,000,260703,153843,052,000,1,3,1,861292053604220"},{"data":"+Hooshnic:V1.07,3634.12960,05156.3798,000,260703,153846,046,000,1,3,1,861292053604220"},{"data":"+Hooshnic:V1.07,3634.12910,05156.4020,000,260703,153849,040,000,1,3,1,861292053604220"},{"data":"+Hooshnic:V1.07,3634.13040,05156.4251,000,260703,153852,044,000,1,3,1,861292053604220"},{"data":"+Hooshnic:V1.07,3634.13170,05156.4501,000,260703,153855,050,001,1,3,1,861292053604220"},{"data":"+Hooshnic:V1.07,3634.13290,05156.4790,000,260703,153858,058,000,1,3,1,861292053604220"},{"data":"+Hooshnic:V1.07,3634.13400,05156.5002,000,260703,153900,062,000,1,3,1,861292053604220"},{"data":"+Hooshnic:V1.07,3634.13680,05156.5341,000,260703,153903,064,000,1,3,1,861292053604220"},{"data":"+Hooshnic:V1.07,3634.13960,05156.5670,000,260703,153906,056,000,1,3,1,861292053604220"},{"data":"+Hooshnic:V1.07,3634.14080,05156.5939,000,260703,153909,048,000,1,3,1,861292053604220"},{"data":"+Hooshnic:V1.07,3634.14310,05156.6212,000,260703,153912,050,003,1,3,1,861292053604220"},{"data":"+Hooshnic:V1.07,3634.14470,05156.6384,000,260703,153914,046,000,1,3,1,861292053604220"},{"data":"+Hooshnic:V1.07,3634.14720,05156.6627,000,260703,153917,048,000,1,3,1,861292053604220"},{}]....................................................................ADDRESS_LOCATION = 790528AT+CIPSTART="TCP","api.hooshnics.com",80
AT+CIPSEND=1701
POST /api/gps/reports HTTP/1.1
Host: api.hooshnics.com
Content-Type: application/json
Content-Length: 1588

[{"data":"+Hooshnic:V1.07,3634.15160,05156.1581,000,260703,153749,008,000,1,3,1,861292053604220"},{"data":"+Hooshnic:V1.07,3634.15150,05156.1610,000,260703,153752,002,000,1,3,1,861292053604220"},{"data":"+Hooshnic:V1.07,3634.15120,05156.1618,000,260703,153755,000,002,1,3,1,861292053604220"},{"data":"+Hooshnic:V1.07,3634.15110,05156.1647,000,260703,153758,004,000,1,3,1,861292053604220"},{"data":"+Hooshnic:V1.07,3634.15050,05156.1687,000,260703,153801,006,000,1,3,1,861292053604220"},{"data":"+Hooshnic:V1.07,3634.14950,05156.1740,000,260703,153804,010,001,1,3,1,861292053604220"},{"data":"+Hooshnic:V1.07,3634.14830,05156.1780,000,260703,153806,008,000,1,3,1,861292053604220"},{"data":"+Hooshnic:V1.07,3634.14740,05156.1835,000,260703,153809,010,000,1,3,1,861292053604220"},{"data":"+Hooshnic:V1.07,3634.14700,05156.1887,000,260703,153812,008,002,1,3,1,861292053604220"},{"data":"+Hooshnic:V1.07,3634.14610,05156.1947,000,260703,153815,012,000,1,3,1,861292053604220"},{"data":"+Hooshnic:V1.07,3634.14490,05156.2014,000,260703,153818,012,000,1,3,1,861292053604220"},{"data":"+Hooshnic:V1.07,3634.14490,05156.2092,000,260703,153821,018,001,1,3,1,861292053604220"},{"data":"+Hooshnic:V1.07,3634.14420,05156.2166,000,260703,153823,024,000,1,3,1,861292053604220"},{"data":"+Hooshnic:V1.07,3634.14370,05156.2323,000,260703,153826,032,000,1,3,1,861292053604220"},{"data":"+Hooshnic:V1.07,3634.14170,05156.2494,000,260703,153829,030,000,1,3,1,861292053604220"},{"data":"+Hooshnic:V1.07,3634.13960,05156.2660,000,260703,153832,032,000,1,3,1,861292053604220"},{}]....................................................................ADDRESS_LOCATION = 786432AT+CIPSTART="TCP","api.hooshnics.com",80
AT+CIPSEND=1701
POST /api/gps/reports HTTP/1.1
Host: api.hooshnics.com
Content-Type: application/json
Content-Length: 1588

[{"data":"+Hooshnic:V1.07,3634.16690,05156.0836,000,260703,153656,000,000,1,3,1,861292053604220"},{"data":"+Hooshnic:V1.07,3634.16690,05156.0836,000,260703,153658,000,000,1,3,1,861292053604220"},{"data":"+Hooshnic:V1.07,3634.16650,05156.0857,000,260703,153701,004,002,1,3,1,861292053604220"},{"data":"+Hooshnic:V1.07,3634.16510,05156.0901,000,260703,153704,008,000,1,3,1,861292053604220"},{"data":"+Hooshnic:V1.07,3634.16370,05156.0958,000,260703,153707,010,000,1,3,1,861292053604220"},{"data":"+Hooshnic:V1.07,3634.16290,05156.1015,000,260703,153710,010,001,1,3,1,861292053604220"},{"data":"+Hooshnic:V1.07,3634.16160,05156.1063,000,260703,153713,008,000,1,3,1,861292053604220"},{"data":"+Hooshnic:V1.07,3634.16080,05156.1090,000,260703,153715,008,000,1,3,1,861292053604220"},{"data":"+Hooshnic:V1.07,3634.15950,05156.1138,000,260703,153718,010,001,1,3,1,861292053604220"},{"data":"+Hooshnic:V1.07,3634.15830,05156.1195,000,260703,153721,008,000,1,3,1,861292053604220"},{"data":"+Hooshnic:V1.07,3634.15730,05156.1237,000,260703,153724,006,000,1,3,1,861292053604220"},{"data":"+Hooshnic:V1.07,3634.15680,05156.1254,000,260703,153727,002,001,1,3,1,861292053604220"},{"data":"+Hooshnic:V1.07,3634.15700,05156.1285,000,260703,153730,006,000,1,3,1,861292053604220"},{"data":"+Hooshnic:V1.07,3634.15340,05156.1472,000,260703,153741,006,000,1,3,1,861292053604220"},{"data":"+Hooshnic:V1.07,3634.15260,05156.1512,000,260703,153744,006,000,1,3,1,861292053604220"},{"data":"+Hooshnic:V1.07,3634.15240,05156.1538,000,260703,153746,006,007,1,3,1,861292053604220"},{}]....................................................................ADDRESS_LOCATION = 782336AT+CIPSTART="TCP","api.hooshnics.com",80
AT+CIPSEND=1701
POST /api/gps/reports HTTP/1.1
Host: api.hooshnics.com
Content-Type: application/json
Content-Length: 1588

[{"data":"+Hooshnic:V1.07,3634.17050,05156.0587,000,260703,153610,000,000,1,3,1,861292053604220"},{"data":"+Hooshnic:V1.07,3634.17050,05156.0588,000,260703,153613,000,000,1,3,1,861292053604220"},{"data":"+Hooshnic:V1.07,3634.17050,05156.0602,000,260703,153616,000,000,1,3,1,861292053604220"},{"data":"+Hooshnic:V1.07,3634.17120,05156.0629,000,260703,153619,004,017,1,3,1,861292053604220"},{"data":"+Hooshnic:V1.07,3634.17180,05156.0663,000,260703,153622,006,000,1,3,1,861292053604220"},{"data":"+Hooshnic:V1.07,3634.17210,05156.0680,000,260703,153624,002,000,1,3,1,861292053604220"},{"data":"+Hooshnic:V1.07,3634.17180,05156.0692,000,260703,153627,000,014,1,3,1,861292053604220"},{"data":"+Hooshnic:V1.07,3634.17140,05156.0718,000,260703,153630,004,000,1,3,1,861292053604220"},{"data":"+Hooshnic:V1.07,3634.17050,05156.0757,000,260703,153633,002,000,1,3,1,861292053604220"},{"data":"+Hooshnic:V1.07,3634.16940,05156.0764,000,260703,153636,000,034,1,3,1,861292053604220"},{"data":"+Hooshnic:V1.07,3634.16860,05156.0775,000,260703,153638,002,000,1,3,1,861292053604220"},{"data":"+Hooshnic:V1.07,3634.16790,05156.0798,000,260703,153641,000,000,1,3,1,861292053604220"},{"data":"+Hooshnic:V1.07,3634.16750,05156.0798,000,260703,153644,000,000,1,3,1,861292053604220"},{"data":"+Hooshnic:V1.07,3634.16720,05156.0809,000,260703,153647,002,000,1,3,1,861292053604220"},{"data":"+Hooshnic:V1.07,3634.16700,05156.0830,000,260703,153650,002,000,1,3,1,861292053604220"},{"data":"+Hooshnic:V1.07,3634.16700,05156.0835,000,260703,153653,000,000,1,3,1,861292053604220"},{}]....................................................................ADDRESS_LOCATION = 778240AT+CIPSTART="TCP","api.hooshnics.com",80
AT+CIPSEND=1701
POST /api/gps/reports HTTP/1.1
Host: api.hooshnics.com
Content-Type: application/json
Content-Length: 1588

[{"data":"+Hooshnic:V1.07,3634.17750,05156.0085,000,260703,153525,000,000,1,3,1,861292053604220"},{"data":"+Hooshnic:V1.07,3634.17750,05156.0085,000,260703,153528,000,000,1,3,1,861292053604220"},{"data":"+Hooshnic:V1.07,3634.17750,05156.0085,000,260703,153531,000,000,1,3,1,861292053604220"},{"data":"+Hooshnic:V1.07,3634.17750,05156.0085,000,260703,153533,000,000,1,3,1,861292053604220"},{"data":"+Hooshnic:V1.07,3634.17750,05156.0085,000,260703,153536,000,000,1,3,1,861292053604220"},{"data":"+Hooshnic:V1.07,3634.17750,05156.0085,000,260703,153539,000,000,1,3,1,861292053604220"},{"data":"+Hooshnic:V1.07,3634.17750,05156.0085,000,260703,153542,000,000,1,3,1,861292053604220"},{"data":"+Hooshnic:V1.07,3634.17750,05156.0085,000,260703,153545,000,000,1,3,1,861292053604220"},{"data":"+Hooshnic:V1.07,3634.17750,05156.0085,000,260703,153547,000,000,1,3,1,861292053604220"},{"data":"+Hooshnic:V1.07,3634.17570,05156.0155,000,260703,153550,012,000,1,3,1,861292053604220"},{"data":"+Hooshnic:V1.07,3634.17430,05156.0246,000,260703,153553,010,000,1,3,1,861292053604220"},{"data":"+Hooshnic:V1.07,3634.17370,05156.0326,000,260703,153556,018,000,1,3,1,861292053604220"},{"data":"+Hooshnic:V1.07,3634.17320,05156.0435,000,260703,153559,016,000,1,3,1,861292053604220"},{"data":"+Hooshnic:V1.07,3634.17250,05156.0508,000,260703,153602,008,000,1,3,1,861292053604220"},{"data":"+Hooshnic:V1.07,3634.17190,05156.0548,000,260703,153605,004,000,1,3,1,861292053604220"},{"data":"+Hooshnic:V1.07,3634.17110,05156.0571,000,260703,153607,006,000,1,3,1,861292053604220"},{}]....................................................................ADDRESS_LOCATION = 774144AT+CIPSTART="TCP","api.hooshnics.com",80
AT+CIPSEND=1701
POST /api/gps/reports HTTP/1.1
Host: api.hooshnics.com
Content-Type: application/json
Content-Length: 1588

[{"data":"+Hooshnic:V1.07,3634.18800,05155.9379,000,260703,153431,004,000,1,3,1,861292053604220"},{"data":"+Hooshnic:V1.07,3634.18760,05155.9426,000,260703,153434,010,001,1,3,1,861292053604220"},{"data":"+Hooshnic:V1.07,3634.18660,05155.9501,000,260703,153437,014,000,1,3,1,861292053604220"},{"data":"+Hooshnic:V1.07,3634.18510,05155.9598,000,260703,153440,020,000,1,3,1,861292053604220"},{"data":"+Hooshnic:V1.07,3634.18410,05155.9664,000,260703,153442,014,000,1,3,1,861292053604220"},{"data":"+Hooshnic:V1.07,3634.18330,05155.9728,000,260703,153445,008,000,1,3,1,861292053604220"},{"data":"+Hooshnic:V1.07,3634.18250,05155.9790,000,260703,153448,012,000,1,3,1,861292053604220"},{"data":"+Hooshnic:V1.07,3634.18160,05155.9861,000,260703,153451,014,001,1,3,1,861292053604220"},{"data":"+Hooshnic:V1.07,3634.18080,05155.9915,000,260703,153454,006,000,1,3,1,861292053604220"},{"data":"+Hooshnic:V1.07,3634.18020,05155.9955,000,260703,153457,006,000,1,3,1,861292053604220"},{"data":"+Hooshnic:V1.07,3634.17950,05155.9991,000,260703,153500,006,002,1,3,1,861292053604220"},{"data":"+Hooshnic:V1.07,3634.17880,05156.0027,000,260703,153502,012,000,1,3,1,861292053604220"},{"data":"+Hooshnic:V1.07,3634.17750,05156.0085,000,260703,153513,000,000,1,3,1,861292053604220"},{"data":"+Hooshnic:V1.07,3634.17750,05156.0085,000,260703,153516,000,000,1,3,1,861292053604220"},{"data":"+Hooshnic:V1.07,3634.17750,05156.0085,000,260703,153519,000,000,1,3,1,861292053604220"},{"data":"+Hooshnic:V1.07,3634.17750,05156.0085,000,260703,153522,000,000,1,3,1,861292053604220"},{}]....................................................................ADDRESS_LOCATION = 770048AT+CIPSTART="TCP","api.hooshnics.com",80
AT+CIPSEND=1701
POST /api/gps/reports HTTP/1.1
Host: api.hooshnics.com
Content-Type: application/json
Content-Length: 1588

[{"data":"+Hooshnic:V1.07,3634.19470,05155.8748,000,260703,153346,012,000,1,3,1,861292053604220"},{"data":"+Hooshnic:V1.07,3634.19450,05155.8807,000,260703,153349,006,000,1,3,1,861292053604220"},{"data":"+Hooshnic:V1.07,3634.19420,05155.8836,000,260703,153351,006,003,1,3,1,861292053604220"},{"data":"+Hooshnic:V1.07,3634.19370,05155.8917,000,260703,153354,016,000,1,3,1,861292053604220"},{"data":"+Hooshnic:V1.07,3634.19380,05155.8988,000,260703,153357,008,000,1,3,1,861292053604220"},{"data":"+Hooshnic:V1.07,3634.19370,05155.9034,000,260703,153400,008,001,1,3,1,861292053604220"},{"data":"+Hooshnic:V1.07,3634.19330,05155.9082,000,260703,153403,010,000,1,3,1,861292053604220"},{"data":"+Hooshnic:V1.07,3634.19330,05155.9147,000,260703,153406,012,000,1,3,1,861292053604220"},{"data":"+Hooshnic:V1.07,3634.19290,05155.9194,000,260703,153408,014,003,1,3,1,861292053604220"},{"data":"+Hooshnic:V1.07,3634.19260,05155.9270,000,260703,153411,012,000,1,3,1,861292053604220"},{"data":"+Hooshnic:V1.07,3634.19120,05155.9303,000,260703,153414,004,000,1,3,1,861292053604220"},{"data":"+Hooshnic:V1.07,3634.19010,05155.9336,000,260703,153417,004,000,1,3,1,861292053604220"},{"data":"+Hooshnic:V1.07,3634.18890,05155.9360,000,260703,153420,004,000,1,3,1,861292053604220"},{"data":"+Hooshnic:V1.07,3634.18810,05155.9370,000,260703,153423,000,000,1,3,1,861292053604220"},{"data":"+Hooshnic:V1.07,3634.18810,05155.9370,000,260703,153425,000,000,1,3,1,861292053604220"},{"data":"+Hooshnic:V1.07,3634.18810,05155.9370,000,260703,153428,000,000,1,3,1,861292053604220"},{}]....................................................................ADDRESS_LOCATION = 765952AT+CIPSTART="TCP","api.hooshnics.com",80
AT+CIPSEND=1701
POST /api/gps/reports HTTP/1.1
Host: api.hooshnics.com
Content-Type: application/json
Content-Length: 1588

[{"data":"+Hooshnic:V1.07,3634.19510,05155.8224,000,260703,153300,012,000,1,3,1,861292053604220"},{"data":"+Hooshnic:V1.07,3634.19510,05155.8305,000,260703,153303,010,000,1,3,1,861292053604220"},{"data":"+Hooshnic:V1.07,3634.19520,05155.8353,000,260703,153306,008,000,1,3,1,861292053604220"},{"data":"+Hooshnic:V1.07,3634.19510,05155.8409,000,260703,153309,010,001,1,3,1,861292053604220"},{"data":"+Hooshnic:V1.07,3634.19570,05155.8452,000,260703,153312,004,000,1,3,1,861292053604220"},{"data":"+Hooshnic:V1.07,3634.19550,05155.8482,000,260703,153315,006,000,1,3,1,861292053604220"},{"data":"+Hooshnic:V1.07,3634.19580,05155.8513,000,260703,153317,008,002,1,3,1,861292053604220"},{"data":"+Hooshnic:V1.07,3634.19590,05155.8565,000,260703,153320,008,000,1,3,1,861292053604220"},{"data":"+Hooshnic:V1.07,3634.19580,05155.8608,000,260703,153323,006,000,1,3,1,861292053604220"},{"data":"+Hooshnic:V1.07,3634.19570,05155.8635,000,260703,153326,002,003,1,3,1,861292053604220"},{"data":"+Hooshnic:V1.07,3634.19490,05155.8639,000,260703,153329,000,000,1,3,1,861292053604220"},{"data":"+Hooshnic:V1.07,3634.19470,05155.8640,000,260703,153331,000,000,1,3,1,861292053604220"},{"data":"+Hooshnic:V1.07,3634.19470,05155.8640,000,260703,153334,000,000,1,3,1,861292053604220"},{"data":"+Hooshnic:V1.07,3634.19470,05155.8640,000,260703,153337,000,000,1,3,1,861292053604220"},{"data":"+Hooshnic:V1.07,3634.19450,05155.8656,000,260703,153340,002,000,1,3,1,861292053604220"},{"data":"+Hooshnic:V1.07,3634.19500,05155.8690,000,260703,153343,006,000,1,3,1,861292053604220"},{}]....................................................................ADDRESS_LOCATION = 761856AT+CIPSTART="TCP","api.hooshnics.com",80
AT+CIPSEND=1701
POST /api/gps/reports HTTP/1.1
Host: api.hooshnics.com
Content-Type: application/json
Content-Length: 1588

[{"data":"+Hooshnic:V1.07,3634.19510,05155.7607,000,260703,153207,000,000,1,3,1,861292053604220"},{"data":"+Hooshnic:V1.07,3634.19500,05155.7607,000,260703,153209,000,000,1,3,1,861292053604220"},{"data":"+Hooshnic:V1.07,3634.19580,05155.7647,000,260703,153212,010,000,1,3,1,861292053604220"},{"data":"+Hooshnic:V1.07,3634.19620,05155.7715,000,260703,153215,014,004,1,3,1,861292053604220"},{"data":"+Hooshnic:V1.07,3634.19590,05155.7792,000,260703,153218,012,000,1,3,1,861292053604220"},{"data":"+Hooshnic:V1.07,3634.19560,05155.7837,000,260703,153221,006,000,1,3,1,861292053604220"},{"data":"+Hooshnic:V1.07,3634.19570,05155.7872,000,260703,153224,006,002,1,3,1,861292053604220"},{"data":"+Hooshnic:V1.07,3634.19570,05155.7897,000,260703,153226,006,000,1,3,1,861292053604220"},{"data":"+Hooshnic:V1.07,3634.19550,05155.7934,000,260703,153229,004,000,1,3,1,861292053604220"},{"data":"+Hooshnic:V1.07,3634.19600,05155.7971,000,260703,153232,004,000,1,3,1,861292053604220"},{"data":"+Hooshnic:V1.07,3634.19580,05155.7996,000,260703,153235,002,000,1,3,1,861292053604220"},{"data":"+Hooshnic:V1.07,3634.19550,05155.8020,000,260703,153246,000,000,1,3,1,861292053604220"},{"data":"+Hooshnic:V1.07,3634.19530,05155.8060,000,260703,153249,010,000,1,3,1,861292053604220"},{"data":"+Hooshnic:V1.07,3634.19550,05155.8109,000,260703,153252,006,001,1,3,1,861292053604220"},{"data":"+Hooshnic:V1.07,3634.19520,05155.8138,000,260703,153255,006,000,1,3,1,861292053604220"},{"data":"+Hooshnic:V1.07,3634.19520,05155.8163,000,260703,153257,006,000,1,3,1,861292053604220"},{}]....................................................................ADDRESS_LOCATION = 757760AT+CIPSTART="TCP","api.hooshnics.com",80
AT+CIPSEND=1701
POST /api/gps/reports HTTP/1.1
Host: api.hooshnics.com
Content-Type: application/json
Content-Length: 1588

[{"data":"+Hooshnic:V1.07,3634.19550,05155.6955,000,260703,153121,018,000,1,3,1,861292053604220"},{"data":"+Hooshnic:V1.07,3634.19660,05155.7082,000,260703,153124,022,001,1,3,1,861292053604220"},{"data":"+Hooshnic:V1.07,3634.19640,05155.7210,000,260703,153127,020,000,1,3,1,861292053604220"},{"data":"+Hooshnic:V1.07,3634.19600,05155.7312,000,260703,153130,016,000,1,3,1,861292053604220"},{"data":"+Hooshnic:V1.07,3634.19580,05155.7396,000,260703,153133,014,000,1,3,1,861292053604220"},{"data":"+Hooshnic:V1.07,3634.19550,05155.7427,000,260703,153135,004,000,1,3,1,861292053604220"},{"data":"+Hooshnic:V1.07,3634.19520,05155.7441,000,260703,153138,000,000,1,3,1,861292053604220"},{"data":"+Hooshnic:V1.07,3634.19480,05155.7458,000,260703,153141,000,000,1,3,1,861292053604220"},{"data":"+Hooshnic:V1.07,3634.19540,05155.7486,000,260703,153144,000,000,1,3,1,861292053604220"},{"data":"+Hooshnic:V1.07,3634.19560,05155.7497,000,260703,153147,002,000,1,3,1,861292053604220"},{"data":"+Hooshnic:V1.07,3634.19570,05155.7514,000,260703,153149,004,000,1,3,1,861292053604220"},{"data":"+Hooshnic:V1.07,3634.19570,05155.7520,000,260703,153152,000,000,1,3,1,861292053604220"},{"data":"+Hooshnic:V1.07,3634.19560,05155.7520,000,260703,153155,000,000,1,3,1,861292053604220"},{"data":"+Hooshnic:V1.07,3634.19560,05155.7539,000,260703,153158,004,002,1,3,1,861292053604220"},{"data":"+Hooshnic:V1.07,3634.19510,05155.7568,000,260703,153201,004,000,1,3,1,861292053604220"},{"data":"+Hooshnic:V1.07,3634.19520,05155.7594,000,260703,153204,002,000,1,3,1,861292053604220"},{}]....................................................................ADDRESS_LOCATION = 753664AT+CIPSTART="TCP","api.hooshnics.com",80
AT+CIPSEND=1701
POST /api/gps/reports HTTP/1.1
Host: api.hooshnics.com
Content-Type: application/json
Content-Length: 1588

[{"data":"+Hooshnic:V1.07,3634.19070,05155.6008,000,260703,153036,010,000,1,3,1,861292053604220"},{"data":"+Hooshnic:V1.07,3634.19050,05155.6073,000,260703,153039,014,000,1,3,1,861292053604220"},{"data":"+Hooshnic:V1.07,3634.19050,05155.6133,000,260703,153041,018,003,1,3,1,861292053604220"},{"data":"+Hooshnic:V1.07,3634.19050,05155.6260,000,260703,153044,026,000,1,3,1,861292053604220"},{"data":"+Hooshnic:V1.07,3634.19140,05155.6390,000,260703,153047,022,000,1,3,1,861292053604220"},{"data":"+Hooshnic:V1.07,3634.19200,05155.6495,000,260703,153050,014,001,1,3,1,861292053604220"},{"data":"+Hooshnic:V1.07,3634.19300,05155.6533,000,260703,153053,004,000,1,3,1,861292053604220"},{"data":"+Hooshnic:V1.07,3634.19360,05155.6533,000,260703,153056,000,000,1,3,1,861292053604220"},{"data":"+Hooshnic:V1.07,3634.19350,05155.6532,000,260703,153058,000,000,1,3,1,861292053604220"},{"data":"+Hooshnic:V1.07,3634.19350,05155.6532,000,260703,153101,000,000,1,3,1,861292053604220"},{"data":"+Hooshnic:V1.07,3634.19350,05155.6532,000,260703,153104,000,000,1,3,1,861292053604220"},{"data":"+Hooshnic:V1.07,3634.19360,05155.6560,000,260703,153107,014,012,1,3,1,861292053604220"},{"data":"+Hooshnic:V1.07,3634.19430,05155.6648,000,260703,153110,014,000,1,3,1,861292053604220"},{"data":"+Hooshnic:V1.07,3634.19460,05155.6730,000,260703,153113,012,000,1,3,1,861292053604220"},{"data":"+Hooshnic:V1.07,3634.19470,05155.6772,000,260703,153115,010,001,1,3,1,861292053604220"},{"data":"+Hooshnic:V1.07,3634.19490,05155.6853,000,260703,153118,018,000,1,3,1,861292053604220"},{}]....................................................................ADDRESS_LOCATION = 749568AT+CIPSTART="TCP","api.hooshnics.com",80
AT+CIPSEND=1701
POST /api/gps/reports HTTP/1.1
Host: api.hooshnics.com
Content-Type: application/json
Content-Length: 1588

[{"data":"+Hooshnic:V1.07,3634.18910,05155.5254,000,260703,152942,010,000,1,3,1,861292053604220"},{"data":"+Hooshnic:V1.07,3634.18910,05155.5313,000,260703,152945,008,000,1,3,1,861292053604220"},{"data":"+Hooshnic:V1.07,3634.18930,05155.5383,000,260703,152948,008,001,1,3,1,861292053604220"},{"data":"+Hooshnic:V1.07,3634.18970,05155.5409,000,260703,152950,008,000,1,3,1,861292053604220"},{"data":"+Hooshnic:V1.07,3634.18980,05155.5450,000,260703,152953,008,000,1,3,1,861292053604220"},{"data":"+Hooshnic:V1.07,3634.19030,05155.5491,000,260703,152956,006,004,1,3,1,861292053604220"},{"data":"+Hooshnic:V1.07,3634.19060,05155.5517,000,260703,152959,004,000,1,3,1,861292053604220"},{"data":"+Hooshnic:V1.07,3634.19050,05155.5541,000,260703,153002,002,000,1,3,1,861292053604220"},{"data":"+Hooshnic:V1.07,3634.19060,05155.5565,000,260703,153005,008,002,1,3,1,861292053604220"},{"data":"+Hooshnic:V1.07,3634.19100,05155.5622,000,260703,153008,010,000,1,3,1,861292053604220"},{"data":"+Hooshnic:V1.07,3634.18930,05155.5718,000,260703,153019,010,000,1,3,1,861292053604220"},{"data":"+Hooshnic:V1.07,3634.18920,05155.5786,000,260703,153022,010,000,1,3,1,861292053604220"},{"data":"+Hooshnic:V1.07,3634.18980,05155.5814,000,260703,153024,008,003,1,3,1,861292053604220"},{"data":"+Hooshnic:V1.07,3634.19010,05155.5870,000,260703,153027,010,000,1,3,1,861292053604220"},{"data":"+Hooshnic:V1.07,3634.19050,05155.5916,000,260703,153030,006,000,1,3,1,861292053604220"},{"data":"+Hooshnic:V1.07,3634.19060,05155.5955,000,260703,153033,008,005,1,3,1,861292053604220"},{}]....................................................................ADDRESS_LOCATION = 745472AT+CIPSTART="TCP","api.hooshnics.com",80
AT+CIPSEND=1701
POST /api/gps/reports HTTP/1.1
Host: api.hooshnics.com
Content-Type: application/json
Content-Length: 1588

[{"data":"+Hooshnic:V1.07,3634.18990,05155.4199,000,260703,152857,032,002,1,3,1,861292053604220"},{"data":"+Hooshnic:V1.07,3634.19000,05155.4307,000,260703,152859,030,000,1,3,1,861292053604220"},{"data":"+Hooshnic:V1.07,3634.18960,05155.4457,000,260703,152902,028,000,1,3,1,861292053604220"},{"data":"+Hooshnic:V1.07,3634.18910,05155.4572,000,260703,152905,018,000,1,3,1,861292053604220"},{"data":"+Hooshnic:V1.07,3634.18940,05155.4656,000,260703,152908,018,000,1,3,1,861292053604220"},{"data":"+Hooshnic:V1.07,3634.18960,05155.4745,000,260703,152911,014,000,1,3,1,861292053604220"},{"data":"+Hooshnic:V1.07,3634.18970,05155.4814,000,260703,152914,018,008,1,3,1,861292053604220"},{"data":"+Hooshnic:V1.07,3634.18990,05155.4919,000,260703,152917,020,000,1,3,1,861292053604220"},{"data":"+Hooshnic:V1.07,3634.18980,05155.4973,000,260703,152919,012,000,1,3,1,861292053604220"},{"data":"+Hooshnic:V1.07,3634.18870,05155.5024,000,260703,152922,004,003,1,3,1,861292053604220"},{"data":"+Hooshnic:V1.07,3634.18780,05155.5043,000,260703,152925,004,000,1,3,1,861292053604220"},{"data":"+Hooshnic:V1.07,3634.18830,05155.5087,000,260703,152928,010,000,1,3,1,861292053604220"},{"data":"+Hooshnic:V1.07,3634.18910,05155.5106,000,260703,152931,000,000,1,3,1,861292053604220"},{"data":"+Hooshnic:V1.07,3634.18930,05155.5115,000,260703,152933,000,000,1,3,1,861292053604220"},{"data":"+Hooshnic:V1.07,3634.18950,05155.5153,000,260703,152936,008,000,1,3,1,861292053604220"},{"data":"+Hooshnic:V1.07,3634.18940,05155.5200,000,260703,152939,008,003,1,3,1,861292053604220"},{}]....................................................................ADDRESS_LOCATION = 741376AT+CIPSTART="TCP","api.hooshnics.com",80
AT+CIPSEND=1701
POST /api/gps/reports HTTP/1.1
Host: api.hooshnics.com
Content-Type: application/json
Content-Length: 1588

[{"data":"+Hooshnic:V1.07,3634.19050,05155.0009,000,260703,152811,050,000,1,3,1,861292053604220"},{"data":"+Hooshnic:V1.07,3634.19040,05155.0302,000,260703,152814,060,000,1,3,1,861292053604220"},{"data":"+Hooshnic:V1.07,3634.18990,05155.0639,000,260703,152817,066,000,1,3,1,861292053604220"},{"data":"+Hooshnic:V1.07,3634.18950,05155.1004,000,260703,152820,070,000,1,3,1,861292053604220"},{"data":"+Hooshnic:V1.07,3634.18950,05155.1374,000,260703,152823,070,000,1,3,1,861292053604220"},{"data":"+Hooshnic:V1.07,3634.18970,05155.1622,000,260703,152825,070,000,1,3,1,861292053604220"},{"data":"+Hooshnic:V1.07,3634.19030,05155.2003,000,260703,152828,072,000,1,3,1,861292053604220"},{"data":"+Hooshnic:V1.07,3634.19070,05155.2376,000,260703,152831,072,000,1,3,1,861292053604220"},{"data":"+Hooshnic:V1.07,3634.19060,05155.2676,000,260703,152834,050,000,1,3,1,861292053604220"},{"data":"+Hooshnic:V1.07,3634.19010,05155.2908,000,260703,152837,038,000,1,3,1,861292053604220"},{"data":"+Hooshnic:V1.07,3634.19120,05155.3097,000,260703,152840,036,001,1,3,1,861292053604220"},{"data":"+Hooshnic:V1.07,3634.19080,05155.3213,000,260703,152842,030,000,1,3,1,861292053604220"},{"data":"+Hooshnic:V1.07,3634.19000,05155.3355,000,260703,152845,030,000,1,3,1,861292053604220"},{"data":"+Hooshnic:V1.07,3634.18990,05155.3517,000,260703,152848,034,002,1,3,1,861292053604220"},{"data":"+Hooshnic:V1.07,3634.18940,05155.3721,000,260703,152851,046,000,1,3,1,861292053604220"},{"data":"+Hooshnic:V1.07,3634.19000,05155.3985,000,260703,152854,048,000,1,3,1,861292053604220"},{}]....................................................................ADDRESS_LOCATION = 737280AT+CIPSTART="TCP","api.hooshnics.com",80
AT+CIPSEND=1701
POST /api/gps/reports HTTP/1.1
Host: api.hooshnics.com
Content-Type: application/json
Content-Length: 1588

[{"data":"+Hooshnic:V1.07,3634.17780,05154.4483,000,260703,152717,080,000,1,3,1,861292053604220"},{"data":"+Hooshnic:V1.07,3634.17870,05154.4903,000,260703,152720,078,001,1,3,1,861292053604220"},{"data":"+Hooshnic:V1.07,3634.17930,05154.5309,000,260703,152723,078,000,1,3,1,861292053604220"},{"data":"+Hooshnic:V1.07,3634.17870,05154.5714,000,260703,152726,078,000,1,3,1,861292053604220"},{"data":"+Hooshnic:V1.07,3634.17700,05154.6122,000,260703,152729,078,001,1,3,1,861292053604220"},{"data":"+Hooshnic:V1.07,3634.17500,05154.6511,000,260703,152732,072,000,1,3,1,861292053604220"},{"data":"+Hooshnic:V1.07,3634.17360,05154.6764,000,260703,152734,072,000,1,3,1,861292053604220"},{"data":"+Hooshnic:V1.07,3634.17290,05154.7120,000,260703,152737,062,000,1,3,1,861292053604220"},{"data":"+Hooshnic:V1.07,3634.17360,05154.7421,000,260703,152740,052,000,1,3,1,861292053604220"},{"data":"+Hooshnic:V1.07,3634.18310,05154.8493,000,260703,152751,050,000,1,3,1,861292053604220"},{"data":"+Hooshnic:V1.07,3634.18520,05154.8750,000,260703,152754,048,000,1,3,1,861292053604220"},{"data":"+Hooshnic:V1.07,3634.18710,05154.8993,000,260703,152757,040,002,1,3,1,861292053604220"},{"data":"+Hooshnic:V1.07,3634.18830,05154.9202,000,260703,152800,040,000,1,3,1,861292053604220"},{"data":"+Hooshnic:V1.07,3634.18920,05154.9418,000,260703,152803,040,000,1,3,1,861292053604220"},{"data":"+Hooshnic:V1.07,3634.19000,05154.9625,000,260703,152806,040,001,1,3,1,861292053604220"},{"data":"+Hooshnic:V1.07,3634.19020,05154.9769,000,260703,152808,042,000,1,3,1,861292053604220"},{}]....................................................................ADDRESS_LOCATION = 733184AT+CIPSTART="TCP","api.hooshnics.com",80
AT+CIPSEND=1701
POST /api/gps/reports HTTP/1.1
Host: api.hooshnics.com
Content-Type: application/json
Content-Length: 1588

[{"data":"+Hooshnic:V1.07,3634.10910,05153.9921,000,260703,152632,036,000,1,3,1,861292053604220"},{"data":"+Hooshnic:V1.07,3634.10790,05154.0103,000,260703,152635,036,000,1,3,1,861292053604220"},{"data":"+Hooshnic:V1.07,3634.10670,05154.0298,000,260703,152638,038,000,1,3,1,861292053604220"},{"data":"+Hooshnic:V1.07,3634.10610,05154.0508,000,260703,152641,040,000,1,3,1,861292053604220"},{"data":"+Hooshnic:V1.07,3634.10690,05154.0649,000,260703,152643,042,000,1,3,1,861292053604220"},{"data":"+Hooshnic:V1.07,3634.11200,05154.0886,000,260703,152646,052,004,1,3,1,861292053604220"},{"data":"+Hooshnic:V1.07,3634.12060,05154.1161,000,260703,152649,060,000,1,3,1,861292053604220"},{"data":"+Hooshnic:V1.07,3634.13270,05154.1457,000,260703,152652,062,000,1,3,1,861292053604220"},{"data":"+Hooshnic:V1.07,3634.14510,05154.1757,000,260703,152655,062,000,1,3,1,861292053604220"},{"data":"+Hooshnic:V1.07,3634.15660,05154.2055,000,260703,152658,064,000,1,3,1,861292053604220"},{"data":"+Hooshnic:V1.07,3634.16380,05154.2272,000,260703,152700,068,000,1,3,1,861292053604220"},{"data":"+Hooshnic:V1.07,3634.17330,05154.2626,000,260703,152703,074,004,1,3,1,861292053604220"},{"data":"+Hooshnic:V1.07,3634.17810,05154.3026,000,260703,152706,076,000,1,3,1,861292053604220"},{"data":"+Hooshnic:V1.07,3634.17820,05154.3419,000,260703,152709,076,000,1,3,1,861292053604220"},{"data":"+Hooshnic:V1.07,3634.17720,05154.3806,000,260703,152712,072,001,1,3,1,861292053604220"},{"data":"+Hooshnic:V1.07,3634.17730,05154.4202,000,260703,152715,078,000,1,3,1,861292053604220"},{}]....................................................................ADDRESS_LOCATION = 729088AT+CIPSTART="TCP","api.hooshnics.com",80
AT+CIPSEND=1701
POST /api/gps/reports HTTP/1.1
Host: api.hooshnics.com
Content-Type: application/json
Content-Length: 1588

[{"data":"+Hooshnic:V1.07,3634.19490,05153.5245,000,260703,152547,086,000,1,3,1,861292053604220"},{"data":"+Hooshnic:V1.07,3634.19460,05153.5543,000,260703,152549,086,000,1,3,1,861292053604220"},{"data":"+Hooshnic:V1.07,3634.19330,05153.5966,000,260703,152552,078,000,1,3,1,861292053604220"},{"data":"+Hooshnic:V1.07,3634.19190,05153.6355,000,260703,152555,074,001,1,3,1,861292053604220"},{"data":"+Hooshnic:V1.07,3634.18950,05153.6732,000,260703,152558,070,000,1,3,1,861292053604220"},{"data":"+Hooshnic:V1.07,3634.18680,05153.7083,000,260703,152601,068,000,1,3,1,861292053604220"},{"data":"+Hooshnic:V1.07,3634.18080,05153.7438,000,260703,152604,070,006,1,3,1,861292053604220"},{"data":"+Hooshnic:V1.07,3634.17490,05153.7673,000,260703,152606,070,000,1,3,1,861292053604220"},{"data":"+Hooshnic:V1.07,3634.16330,05153.8020,000,260703,152609,072,000,1,3,1,861292053604220"},{"data":"+Hooshnic:V1.07,3634.14970,05153.8357,000,260703,152612,068,001,1,3,1,861292053604220"},{"data":"+Hooshnic:V1.07,3634.13860,05153.8657,000,260703,152615,058,000,1,3,1,861292053604220"},{"data":"+Hooshnic:V1.07,3634.12980,05153.8885,000,260703,152618,042,000,1,3,1,861292053604220"},{"data":"+Hooshnic:V1.07,3634.12240,05153.9100,000,260703,152621,046,004,1,3,1,861292053604220"},{"data":"+Hooshnic:V1.07,3634.11620,05153.9334,000,260703,152624,044,000,1,3,1,861292053604220"},{"data":"+Hooshnic:V1.07,3634.11350,05153.9479,000,260703,152626,042,000,1,3,1,861292053604220"},{"data":"+Hooshnic:V1.07,3634.11090,05153.9701,000,260703,152629,046,002,1,3,1,861292053604220"},{}]....................................................................ADDRESS_LOCATION = 724992AT+CIPSTART="TCP","api.hooshnics.com",80
AT+CIPSEND=1701
POST /api/gps/reports HTTP/1.1
Host: api.hooshnics.com
Content-Type: application/json
Content-Length: 1588

[{"data":"+Hooshnic:V1.07,3634.26150,05152.8382,000,260703,152453,068,000,1,3,1,861292053604220"},{"data":"+Hooshnic:V1.07,3634.25760,05152.8742,000,260703,152456,070,000,1,3,1,861292053604220"},{"data":"+Hooshnic:V1.07,3634.25300,05152.9097,000,260703,152459,068,000,1,3,1,861292053604220"},{"data":"+Hooshnic:V1.07,3634.24960,05152.9339,000,260703,152501,070,000,1,3,1,861292053604220"},{"data":"+Hooshnic:V1.07,3634.24410,05152.9712,000,260703,152504,070,000,1,3,1,861292053604220"},{"data":"+Hooshnic:V1.07,3634.23880,05153.0056,000,260703,152507,062,000,1,3,1,861292053604220"},{"data":"+Hooshnic:V1.07,3634.23410,05153.0364,000,260703,152510,058,000,1,3,1,861292053604220"},{"data":"+Hooshnic:V1.07,3634.22920,05153.0679,000,260703,152513,060,000,1,3,1,861292053604220"},{"data":"+Hooshnic:V1.07,3634.21170,05153.2002,000,260703,152524,076,000,1,3,1,861292053604220"},{"data":"+Hooshnic:V1.07,3634.20680,05153.2398,000,260703,152527,076,000,1,3,1,861292053604220"},{"data":"+Hooshnic:V1.07,3634.20350,05153.2783,000,260703,152530,074,002,1,3,1,861292053604220"},{"data":"+Hooshnic:V1.07,3634.20160,05153.3049,000,260703,152532,074,000,1,3,1,861292053604220"},{"data":"+Hooshnic:V1.07,3634.19890,05153.3469,000,260703,152535,082,000,1,3,1,861292053604220"},{"data":"+Hooshnic:V1.07,3634.19700,05153.3899,000,260703,152538,084,001,1,3,1,861292053604220"},{"data":"+Hooshnic:V1.07,3634.19630,05153.4341,000,260703,152541,086,000,1,3,1,861292053604220"},{"data":"+Hooshnic:V1.07,3634.19560,05153.4795,000,260703,152544,088,000,1,3,1,861292053604220"},{}]....................................................................ADDRESS_LOCATION = 720896AT+CIPSTART="TCP","api.hooshnics.com",80
AT+CIPSEND=1701
POST /api/gps/reports HTTP/1.1
Host: api.hooshnics.com
Content-Type: application/json
Content-Length: 1588

[{"data":"+Hooshnic:V1.07,3634.29160,05152.1840,000,260703,152407,062,000,1,3,1,861292053604220"},{"data":"+Hooshnic:V1.07,3634.29370,05152.2179,000,260703,152410,068,001,1,3,1,861292053604220"},{"data":"+Hooshnic:V1.07,3634.29650,05152.2564,000,260703,152413,078,000,1,3,1,861292053604220"},{"data":"+Hooshnic:V1.07,3634.29950,05152.2989,000,260703,152416,084,000,1,3,1,861292053604220"},{"data":"+Hooshnic:V1.07,3634.30210,05152.3440,000,260703,152419,086,000,1,3,1,861292053604220"},{"data":"+Hooshnic:V1.07,3634.30390,05152.3908,000,260703,152422,088,000,1,3,1,861292053604220"},{"data":"+Hooshnic:V1.07,3634.30400,05152.4223,000,260703,152424,090,000,1,3,1,861292053604220"},{"data":"+Hooshnic:V1.07,3634.30240,05152.4699,000,260703,152427,090,001,1,3,1,861292053604220"},{"data":"+Hooshnic:V1.07,3634.29780,05152.5169,000,260703,152430,090,000,1,3,1,861292053604220"},{"data":"+Hooshnic:V1.07,3634.29250,05152.5636,000,260703,152433,090,000,1,3,1,861292053604220"},{"data":"+Hooshnic:V1.07,3634.28730,05152.6097,000,260703,152436,086,001,1,3,1,861292053604220"},{"data":"+Hooshnic:V1.07,3634.28200,05152.6537,000,260703,152439,082,000,1,3,1,861292053604220"},{"data":"+Hooshnic:V1.07,3634.27850,05152.6822,000,260703,152441,080,000,1,3,1,861292053604220"},{"data":"+Hooshnic:V1.07,3634.27400,05152.7244,000,260703,152444,082,001,1,3,1,861292053604220"},{"data":"+Hooshnic:V1.07,3634.26970,05152.7666,000,260703,152447,082,000,1,3,1,861292053604220"},{"data":"+Hooshnic:V1.07,3634.26520,05152.8038,000,260703,152450,066,000,1,3,1,861292053604220"},{}]....................................................................ADDRESS_LOCATION = 716800AT+CIPSTART="TCP","api.hooshnics.com",80
AT+CIPSEND=1701
POST /api/gps/reports HTTP/1.1
Host: api.hooshnics.com
Content-Type: application/json
Content-Length: 1588

[{"data":"+Hooshnic:V1.07,3634.29560,05151.7295,000,260703,152322,064,000,1,3,1,861292053604220"},{"data":"+Hooshnic:V1.07,3634.29450,05151.7618,000,260703,152325,062,000,1,3,1,861292053604220"},{"data":"+Hooshnic:V1.07,3634.29380,05151.7934,000,260703,152328,058,001,1,3,1,861292053604220"},{"data":"+Hooshnic:V1.07,3634.29310,05151.8221,000,260703,152331,050,000,1,3,1,861292053604220"},{"data":"+Hooshnic:V1.07,3634.29220,05151.8383,000,260703,152333,042,000,1,3,1,861292053604220"},{"data":"+Hooshnic:V1.07,3634.29140,05151.8566,000,260703,152336,028,000,1,3,1,861292053604220"},{"data":"+Hooshnic:V1.07,3634.29050,05151.8732,000,260703,152339,038,000,1,3,1,861292053604220"},{"data":"+Hooshnic:V1.07,3634.29120,05151.8964,000,260703,152342,050,000,1,3,1,861292053604220"},{"data":"+Hooshnic:V1.07,3634.29220,05151.9250,000,260703,152345,058,002,1,3,1,861292053604220"},{"data":"+Hooshnic:V1.07,3634.29140,05151.9583,000,260703,152348,064,000,1,3,1,861292053604220"},{"data":"+Hooshnic:V1.07,3634.29090,05151.9825,000,260703,152350,070,000,1,3,1,861292053604220"},{"data":"+Hooshnic:V1.07,3634.29020,05152.0216,000,260703,152353,078,000,1,3,1,861292053604220"},{"data":"+Hooshnic:V1.07,3634.29020,05152.0630,000,260703,152356,080,000,1,3,1,861292053604220"},{"data":"+Hooshnic:V1.07,3634.29110,05152.1027,000,260703,152359,072,000,1,3,1,861292053604220"},{"data":"+Hooshnic:V1.07,3634.29070,05152.1357,000,260703,152402,052,004,1,3,1,861292053604220"},{"data":"+Hooshnic:V1.07,3634.29070,05152.1636,000,260703,152405,056,000,1,3,1,861292053604220"},{}]....................................................................ADDRESS_LOCATION = 712704AT+CIPSTART="TCP","api.hooshnics.com",80
AT+CIPSEND=1701
POST /api/gps/reports HTTP/1.1
Host: api.hooshnics.com
Content-Type: application/json
Content-Length: 1588

[{"data":"+Hooshnic:V1.07,3634.31750,05151.1679,000,260703,152228,082,000,1,3,1,861292053604220"},{"data":"+Hooshnic:V1.07,3634.31580,05151.2096,000,260703,152231,078,000,1,3,1,861292053604220"},{"data":"+Hooshnic:V1.07,3634.31390,05151.2512,000,260703,152234,078,001,1,3,1,861292053604220"},{"data":"+Hooshnic:V1.07,3634.31220,05151.2934,000,260703,152237,080,000,1,3,1,861292053604220"},{"data":"+Hooshnic:V1.07,3634.31050,05151.3355,000,260703,152240,078,000,1,3,1,861292053604220"},{"data":"+Hooshnic:V1.07,3634.30930,05151.3622,000,260703,152242,074,000,1,3,1,861292053604220"},{"data":"+Hooshnic:V1.07,3634.30820,05151.3991,000,260703,152245,068,000,1,3,1,861292053604220"},{"data":"+Hooshnic:V1.07,3634.30530,05151.5150,000,260703,152256,052,000,1,3,1,861292053604220"},{"data":"+Hooshnic:V1.07,3634.30460,05151.5382,000,260703,152259,040,000,1,3,1,861292053604220"},{"data":"+Hooshnic:V1.07,3634.30370,05151.5566,000,260703,152302,034,001,1,3,1,861292053604220"},{"data":"+Hooshnic:V1.07,3634.30200,05151.5734,000,260703,152305,036,000,1,3,1,861292053604220"},{"data":"+Hooshnic:V1.07,3634.30080,05151.5920,000,260703,152308,040,000,1,3,1,861292053604220"},{"data":"+Hooshnic:V1.07,3634.29990,05151.6164,000,260703,152311,050,001,1,3,1,861292053604220"},{"data":"+Hooshnic:V1.07,3634.29920,05151.6445,000,260703,152314,056,000,1,3,1,861292053604220"},{"data":"+Hooshnic:V1.07,3634.29820,05151.6646,000,260703,152316,058,000,1,3,1,861292053604220"},{"data":"+Hooshnic:V1.07,3634.29690,05151.6969,000,260703,152319,062,000,1,3,1,861292053604220"},{}]....................................................................ADDRESS_LOCATION = 708608AT+CIPSTART="TCP","api.hooshnics.com",80
AT+CIPSEND=1701
POST /api/gps/reports HTTP/1.1
Host: api.hooshnics.com
Content-Type: application/json
Content-Length: 1588

[{"data":"+Hooshnic:V1.07,3634.38320,05150.5598,000,260703,152143,064,001,1,3,1,861292053604220"},{"data":"+Hooshnic:V1.07,3634.37700,05150.5948,000,260703,152146,072,000,1,3,1,861292053604220"},{"data":"+Hooshnic:V1.07,3634.37250,05150.6203,000,260703,152148,076,000,1,3,1,861292053604220"},{"data":"+Hooshnic:V1.07,3634.36440,05150.6588,000,260703,152151,078,000,1,3,1,861292053604220"},{"data":"+Hooshnic:V1.07,3634.35600,05150.6957,000,260703,152154,074,000,1,3,1,861292053604220"},{"data":"+Hooshnic:V1.07,3634.34740,05150.7321,000,260703,152157,074,000,1,3,1,861292053604220"},{"data":"+Hooshnic:V1.07,3634.33940,05150.7700,000,260703,152200,076,001,1,3,1,861292053604220"},{"data":"+Hooshnic:V1.07,3634.33180,05150.8111,000,260703,152203,082,000,1,3,1,861292053604220"},{"data":"+Hooshnic:V1.07,3634.32440,05150.8549,000,260703,152206,082,000,1,3,1,861292053604220"},{"data":"+Hooshnic:V1.07,3634.32190,05150.8836,000,260703,152208,082,003,1,3,1,861292053604220"},{"data":"+Hooshnic:V1.07,3634.32260,05150.9271,000,260703,152211,084,000,1,3,1,861292053604220"},{"data":"+Hooshnic:V1.07,3634.32470,05150.9712,000,260703,152214,084,000,1,3,1,861292053604220"},{"data":"+Hooshnic:V1.07,3634.32480,05151.0140,000,260703,152217,080,002,1,3,1,861292053604220"},{"data":"+Hooshnic:V1.07,3634.32210,05151.0555,000,260703,152220,078,000,1,3,1,861292053604220"},{"data":"+Hooshnic:V1.07,3634.32010,05151.0969,000,260703,152223,080,000,1,3,1,861292053604220"},{"data":"+Hooshnic:V1.07,3634.31900,05151.1252,000,260703,152225,082,001,1,3,1,861292053604220"},{}]....................................................................ADDRESS_LOCATION = 704512AT+CIPSTART="TCP","api.hooshnics.com",80
AT+CIPSEND=1701
POST /api/gps/reports HTTP/1.1
Host: api.hooshnics.com
Content-Type: application/json
Content-Length: 1588

[{"data":"+Hooshnic:V1.07,3634.44600,05150.1524,000,260703,152057,018,000,1,3,1,861292053604220"},{"data":"+Hooshnic:V1.07,3634.44380,05150.1647,000,260703,152100,026,005,1,3,1,861292053604220"},{"data":"+Hooshnic:V1.07,3634.44120,05150.1821,000,260703,152103,040,000,1,3,1,861292053604220"},{"data":"+Hooshnic:V1.07,3634.43720,05150.2041,000,260703,152106,042,000,1,3,1,861292053604220"},{"data":"+Hooshnic:V1.07,3634.43400,05150.2266,000,260703,152109,044,001,1,3,1,861292053604220"},{"data":"+Hooshnic:V1.07,3634.43020,05150.2516,000,260703,152112,048,000,1,3,1,861292053604220"},{"data":"+Hooshnic:V1.07,3634.42740,05150.2685,000,260703,152114,048,000,1,3,1,861292053604220"},{"data":"+Hooshnic:V1.07,3634.42350,05150.2944,000,260703,152117,050,000,1,3,1,861292053604220"},{"data":"+Hooshnic:V1.07,3634.41900,05150.3208,000,260703,152120,052,000,1,3,1,861292053604220"},{"data":"+Hooshnic:V1.07,3634.41500,05150.3492,000,260703,152123,056,000,1,3,1,861292053604220"},{"data":"+Hooshnic:V1.07,3634.41120,05150.3805,000,260703,152126,064,001,1,3,1,861292053604220"},{"data":"+Hooshnic:V1.07,3634.40660,05150.4149,000,260703,152129,068,000,1,3,1,861292053604220"},{"data":"+Hooshnic:V1.07,3634.40150,05150.4488,000,260703,152132,060,000,1,3,1,861292053604220"},{"data":"+Hooshnic:V1.07,3634.39840,05150.4692,000,260703,152134,058,002,1,3,1,861292053604220"},{"data":"+Hooshnic:V1.07,3634.39310,05150.4997,000,260703,152137,058,000,1,3,1,861292053604220"},{"data":"+Hooshnic:V1.07,3634.38830,05150.5289,000,260703,152140,056,000,1,3,1,861292053604220"},{}]....................................................................ADDRESS_LOCATION = 700416AT+CIPSTART="TCP","api.hooshnics.com",80
AT+CIPSEND=1701
POST /api/gps/reports HTTP/1.1
Host: api.hooshnics.com
Content-Type: application/json
Content-Length: 1588

[{"data":"+Hooshnic:V1.07,3634.46230,05150.0670,000,260703,152004,008,000,1,3,1,861292053604220"},{"data":"+Hooshnic:V1.07,3634.46230,05150.0680,000,260703,152006,000,000,1,3,1,861292053604220"},{"data":"+Hooshnic:V1.07,3634.46250,05150.0679,000,260703,152009,000,000,1,3,1,861292053604220"},{"data":"+Hooshnic:V1.07,3634.46250,05150.0679,000,260703,152012,000,000,1,3,1,861292053604220"},{"data":"+Hooshnic:V1.07,3634.45970,05150.0737,000,260703,152015,012,000,1,3,1,861292053604220"},{"data":"+Hooshnic:V1.07,3634.45680,05150.0796,000,260703,152018,010,000,1,3,1,861292053604220"},{"data":"+Hooshnic:V1.07,3634.44760,05150.1103,000,260703,152029,006,000,1,3,1,861292053604220"},{"data":"+Hooshnic:V1.07,3634.44640,05150.1158,000,260703,152032,012,000,1,3,1,861292053604220"},{"data":"+Hooshnic:V1.07,3634.44490,05150.1221,000,260703,152035,012,003,1,3,1,861292053604220"},{"data":"+Hooshnic:V1.07,3634.44370,05150.1273,000,260703,152038,008,000,1,3,1,861292053604220"},{"data":"+Hooshnic:V1.07,3634.44290,05150.1310,000,260703,152041,006,000,1,3,1,861292053604220"},{"data":"+Hooshnic:V1.07,3634.44270,05150.1342,000,260703,152044,004,004,1,3,1,861292053604220"},{"data":"+Hooshnic:V1.07,3634.44470,05150.1356,000,260703,152046,006,000,1,3,1,861292053604220"},{"data":"+Hooshnic:V1.07,3634.44550,05150.1372,000,260703,152049,000,000,1,3,1,861292053604220"},{"data":"+Hooshnic:V1.07,3634.44660,05150.1416,000,260703,152052,008,014,1,3,1,861292053604220"},{"data":"+Hooshnic:V1.07,3634.44680,05150.1473,000,260703,152055,012,000,1,3,1,861292053604220"},{}]....................................................................ADDRESS_LOCATION = 696320AT+CIPSTART="TCP","api.hooshnics.com",80
AT+CIPSEND=1701
POST /api/gps/reports HTTP/1.1
Host: api.hooshnics.com
Content-Type: application/json
Content-Length: 1588

[{"data":"+Hooshnic:V1.07,3634.58410,05149.7686,000,260703,151918,058,000,1,3,1,861292053604220"},{"data":"+Hooshnic:V1.07,3634.57230,05149.7953,000,260703,151921,062,000,1,3,1,861292053604220"},{"data":"+Hooshnic:V1.07,3634.55770,05149.8248,000,260703,151924,068,000,1,3,1,861292053604220"},{"data":"+Hooshnic:V1.07,3634.54270,05149.8571,000,260703,151927,072,000,1,3,1,861292053604220"},{"data":"+Hooshnic:V1.07,3634.53300,05149.8790,000,260703,151929,070,000,1,3,1,861292053604220"},{"data":"+Hooshnic:V1.07,3634.52010,05149.9092,000,260703,151932,062,001,1,3,1,861292053604220"},{"data":"+Hooshnic:V1.07,3634.50910,05149.9359,000,260703,151935,052,000,1,3,1,861292053604220"},{"data":"+Hooshnic:V1.07,3634.50030,05149.9552,000,260703,151938,036,000,1,3,1,861292053604220"},{"data":"+Hooshnic:V1.07,3634.49390,05149.9692,000,260703,151941,030,002,1,3,1,861292053604220"},{"data":"+Hooshnic:V1.07,3634.48770,05149.9834,000,260703,151944,032,000,1,3,1,861292053604220"},{"data":"+Hooshnic:V1.07,3634.48360,05149.9930,000,260703,151946,032,000,1,3,1,861292053604220"},{"data":"+Hooshnic:V1.07,3634.47760,05150.0087,000,260703,151949,034,001,1,3,1,861292053604220"},{"data":"+Hooshnic:V1.07,3634.47280,05150.0251,000,260703,151952,032,000,1,3,1,861292053604220"},{"data":"+Hooshnic:V1.07,3634.46890,05150.0395,000,260703,151955,020,000,1,3,1,861292053604220"},{"data":"+Hooshnic:V1.07,3634.46600,05150.0487,000,260703,151958,020,006,1,3,1,861292053604220"},{"data":"+Hooshnic:V1.07,3634.46370,05150.0594,000,260703,152001,020,000,1,3,1,861292053604220"},{}]....................................................................ADDRESS_LOCATION = 692224AT+CIPSTART="TCP","api.hooshnics.com",80
AT+CIPSEND=1701
POST /api/gps/reports HTTP/1.1
Host: api.hooshnics.com
Content-Type: application/json
Content-Length: 1588

[{"data":"+Hooshnic:V1.07,3634.87650,05149.2197,000,260703,151833,102,001,1,3,1,861292053604220"},{"data":"+Hooshnic:V1.07,3634.85280,05149.2634,000,260703,151836,102,000,1,3,1,861292053604220"},{"data":"+Hooshnic:V1.07,3634.83790,05149.2907,000,260703,151838,092,000,1,3,1,861292053604220"},{"data":"+Hooshnic:V1.07,3634.81660,05149.3294,000,260703,151841,088,000,1,3,1,861292053604220"},{"data":"+Hooshnic:V1.07,3634.79630,05149.3662,000,260703,151844,084,000,1,3,1,861292053604220"},{"data":"+Hooshnic:V1.07,3634.77670,05149.4017,000,260703,151847,080,000,1,3,1,861292053604220"},{"data":"+Hooshnic:V1.07,3634.75850,05149.4355,000,260703,151850,074,001,1,3,1,861292053604220"},{"data":"+Hooshnic:V1.07,3634.74030,05149.4672,000,260703,151853,074,000,1,3,1,861292053604220"},{"data":"+Hooshnic:V1.07,3634.72110,05149.4989,000,260703,151856,078,000,1,3,1,861292053604220"},{"data":"+Hooshnic:V1.07,3634.70150,05149.5330,000,260703,151859,082,000,1,3,1,861292053604220"},{"data":"+Hooshnic:V1.07,3634.68140,05149.5690,000,260703,151902,086,000,1,3,1,861292053604220"},{"data":"+Hooshnic:V1.07,3634.66770,05149.5941,000,260703,151904,088,000,1,3,1,861292053604220"},{"data":"+Hooshnic:V1.07,3634.64720,05149.6326,000,260703,151907,090,000,1,3,1,861292053604220"},{"data":"+Hooshnic:V1.07,3634.62820,05149.6721,000,260703,151910,086,000,1,3,1,861292053604220"},{"data":"+Hooshnic:V1.07,3634.61040,05149.7109,000,260703,151913,084,000,1,3,1,861292053604220"},{"data":"+Hooshnic:V1.07,3634.59260,05149.7486,000,260703,151916,074,002,1,3,1,861292053604220"},{}]....................................................................ADDRESS_LOCATION = 688128AT+CIPSTART="TCP","api.hooshnics.com",80
AT+CIPSEND=1701
POST /api/gps/reports HTTP/1.1
Host: api.hooshnics.com
Content-Type: application/json
Content-Length: 1588

[{"data":"+Hooshnic:V1.07,3635.01490,05148.3949,000,260703,151739,094,001,1,3,1,861292053604220"},{"data":"+Hooshnic:V1.07,3635.01000,05148.4421,000,260703,151742,090,000,1,3,1,861292053604220"},{"data":"+Hooshnic:V1.07,3635.00450,05148.4886,000,260703,151745,090,000,1,3,1,861292053604220"},{"data":"+Hooshnic:V1.07,3635.00060,05148.5355,000,260703,151748,092,001,1,3,1,861292053604220"},{"data":"+Hooshnic:V1.07,3634.99880,05148.5675,000,260703,151750,092,000,1,3,1,861292053604220"},{"data":"+Hooshnic:V1.07,3634.98520,05148.7534,000,260703,151802,084,000,1,3,1,861292053604220"},{"data":"+Hooshnic:V1.07,3634.97940,05148.7818,000,260703,151804,082,000,1,3,1,861292053604220"},{"data":"+Hooshnic:V1.07,3634.97120,05148.8232,000,260703,151807,080,002,1,3,1,861292053604220"},{"data":"+Hooshnic:V1.07,3634.96620,05148.8664,000,260703,151810,086,000,1,3,1,861292053604220"},{"data":"+Hooshnic:V1.07,3634.96320,05148.9123,000,260703,151813,090,000,1,3,1,861292053604220"},{"data":"+Hooshnic:V1.07,3634.95920,05148.9594,000,260703,151816,090,000,1,3,1,861292053604220"},{"data":"+Hooshnic:V1.07,3634.95580,05149.0070,000,260703,151819,092,000,1,3,1,861292053604220"},{"data":"+Hooshnic:V1.07,3634.95170,05149.0392,000,260703,151821,094,000,1,3,1,861292053604220"},{"data":"+Hooshnic:V1.07,3634.94010,05149.0853,000,260703,151824,094,004,1,3,1,861292053604220"},{"data":"+Hooshnic:V1.07,3634.92320,05149.1310,000,260703,151827,098,000,1,3,1,861292053604220"},{"data":"+Hooshnic:V1.07,3634.90070,05149.1754,000,260703,151830,102,000,1,3,1,861292053604220"},{}]....................................................................ADDRESS_LOCATION = 684032AT+CIPSTART="TCP","api.hooshnics.com",80
AT+CIPSEND=1701
POST /api/gps/reports HTTP/1.1
Host: api.hooshnics.com
Content-Type: application/json
Content-Length: 1588

[{"data":"+Hooshnic:V1.07,3635.05380,05147.7031,000,260703,151654,082,000,1,3,1,861292053604220"},{"data":"+Hooshnic:V1.07,3635.04830,05147.7312,000,260703,151656,082,001,1,3,1,861292053604220"},{"data":"+Hooshnic:V1.07,3635.04130,05147.7744,000,260703,151659,084,000,1,3,1,861292053604220"},{"data":"+Hooshnic:V1.07,3635.03780,05147.8181,000,260703,151702,082,000,1,3,1,861292053604220"},{"data":"+Hooshnic:V1.07,3635.03620,05147.8604,000,260703,151705,078,001,1,3,1,861292053604220"},{"data":"+Hooshnic:V1.07,3635.03520,05147.9003,000,260703,151708,076,000,1,3,1,861292053604220"},{"data":"+Hooshnic:V1.07,3635.03370,05147.9417,000,260703,151711,082,000,1,3,1,861292053604220"},{"data":"+Hooshnic:V1.07,3635.03260,05147.9703,000,260703,151713,084,000,1,3,1,861292053604220"},{"data":"+Hooshnic:V1.07,3635.03030,05148.0150,000,260703,151716,086,000,1,3,1,861292053604220"},{"data":"+Hooshnic:V1.07,3635.02840,05148.0612,000,260703,151719,090,000,1,3,1,861292053604220"},{"data":"+Hooshnic:V1.07,3635.02580,05148.1094,000,260703,151722,092,001,1,3,1,861292053604220"},{"data":"+Hooshnic:V1.07,3635.02460,05148.1595,000,260703,151725,096,000,1,3,1,861292053604220"},{"data":"+Hooshnic:V1.07,3635.02450,05148.2110,000,260703,151728,098,000,1,3,1,861292053604220"},{"data":"+Hooshnic:V1.07,3635.02380,05148.2630,000,260703,151731,100,001,1,3,1,861292053604220"},{"data":"+Hooshnic:V1.07,3635.02320,05148.2971,000,260703,151733,100,000,1,3,1,861292053604220"},{"data":"+Hooshnic:V1.07,3635.01980,05148.3464,000,260703,151736,092,000,1,3,1,861292053604220"},{}]....................................................................ADDRESS_LOCATION = 679936AT+CIPSTART="TCP","api.hooshnics.com",80
AT+CIPSEND=1701
POST /api/gps/reports HTTP/1.1
Host: api.hooshnics.com
Content-Type: application/json
Content-Length: 1588

[{"data":"+Hooshnic:V1.07,3635.09890,05147.1519,000,260703,151608,084,000,1,3,1,861292053604220"},{"data":"+Hooshnic:V1.07,3635.09830,05147.1955,000,260703,151611,082,000,1,3,1,861292053604220"},{"data":"+Hooshnic:V1.07,3635.09890,05147.2371,000,260703,151614,080,000,1,3,1,861292053604220"},{"data":"+Hooshnic:V1.07,3635.09820,05147.2787,000,260703,151617,080,000,1,3,1,861292053604220"},{"data":"+Hooshnic:V1.07,3635.09700,05147.3061,000,260703,151619,080,000,1,3,1,861292053604220"},{"data":"+Hooshnic:V1.07,3635.09560,05147.3460,000,260703,151622,076,001,1,3,1,861292053604220"},{"data":"+Hooshnic:V1.07,3635.09420,05147.3824,000,260703,151625,064,000,1,3,1,861292053604220"},{"data":"+Hooshnic:V1.07,3635.09240,05147.4151,000,260703,151628,062,000,1,3,1,861292053604220"},{"data":"+Hooshnic:V1.07,3635.09100,05147.4477,000,260703,151631,062,000,1,3,1,861292053604220"},{"data":"+Hooshnic:V1.07,3635.08950,05147.4803,000,260703,151634,060,000,1,3,1,861292053604220"},{"data":"+Hooshnic:V1.07,3635.08800,05147.5100,000,260703,151637,054,000,1,3,1,861292053604220"},{"data":"+Hooshnic:V1.07,3635.08690,05147.5283,000,260703,151639,052,002,1,3,1,861292053604220"},{"data":"+Hooshnic:V1.07,3635.08440,05147.5570,000,260703,151642,058,000,1,3,1,861292053604220"},{"data":"+Hooshnic:V1.07,3635.08050,05147.5890,000,260703,151645,064,000,1,3,1,861292053604220"},{"data":"+Hooshnic:V1.07,3635.07320,05147.6240,000,260703,151648,074,002,1,3,1,861292053604220"},{"data":"+Hooshnic:V1.07,3635.06370,05147.6625,000,260703,151651,078,000,1,3,1,861292053604220"},{}]....................................................................ADDRESS_LOCATION = 675840AT+CIPSTART="TCP","api.hooshnics.com",80
AT+CIPSEND=1701
POST /api/gps/reports HTTP/1.1
Host: api.hooshnics.com
Content-Type: application/json
Content-Length: 1588

[{"data":"+Hooshnic:V1.07,3635.09470,05146.5958,000,260703,151514,026,000,1,3,1,861292053604220"},{"data":"+Hooshnic:V1.07,3635.09630,05146.6111,000,260703,151517,030,000,1,3,1,861292053604220"},{"data":"+Hooshnic:V1.07,3635.09750,05146.6280,000,260703,151520,032,001,1,3,1,861292053604220"},{"data":"+Hooshnic:V1.07,3635.09930,05146.6463,000,260703,151523,036,000,1,3,1,861292053604220"},{"data":"+Hooshnic:V1.07,3635.10570,05146.7188,000,260703,151534,044,000,1,3,1,861292053604220"},{"data":"+Hooshnic:V1.07,3635.10840,05146.7444,000,260703,151537,052,000,1,3,1,861292053604220"},{"data":"+Hooshnic:V1.07,3635.10930,05146.7753,000,260703,151540,062,001,1,3,1,861292053604220"},{"data":"+Hooshnic:V1.07,3635.10870,05146.8101,000,260703,151543,066,000,1,3,1,861292053604220"},{"data":"+Hooshnic:V1.07,3635.10830,05146.8341,000,260703,151545,068,000,1,3,1,861292053604220"},{"data":"+Hooshnic:V1.07,3635.10850,05146.8715,000,260703,151548,074,000,1,3,1,861292053604220"},{"data":"+Hooshnic:V1.07,3635.10710,05146.9111,000,260703,151551,076,000,1,3,1,861292053604220"},{"data":"+Hooshnic:V1.07,3635.10540,05146.9513,000,260703,151554,076,000,1,3,1,861292053604220"},{"data":"+Hooshnic:V1.07,3635.10390,05146.9923,000,260703,151557,078,000,1,3,1,861292053604220"},{"data":"+Hooshnic:V1.07,3635.10280,05147.0346,000,260703,151600,082,000,1,3,1,861292053604220"},{"data":"+Hooshnic:V1.07,3635.10180,05147.0638,000,260703,151602,082,000,1,3,1,861292053604220"},{"data":"+Hooshnic:V1.07,3635.10030,05147.1075,000,260703,151605,084,000,1,3,1,861292053604220"},{}]....................................................................ADDRESS_LOCATION = 671744AT+CIPSTART="TCP","api.hooshnics.com",80
AT+CIPSEND=1701
POST /api/gps/reports HTTP/1.1
Host: api.hooshnics.com
Content-Type: application/json
Content-Length: 1588

[{"data":"+Hooshnic:V1.07,3635.11690,05146.9056,000,260703,151429,090,000,1,3,1,861292053604220"},{"data":"+Hooshnic:V1.07,3635.11710,05146.8605,000,260703,151432,086,000,1,3,1,861292053604220"},{"data":"+Hooshnic:V1.07,3635.11710,05146.8155,000,260703,151435,086,000,1,3,1,861292053604220"},{"data":"+Hooshnic:V1.07,3635.11760,05146.7869,000,260703,151437,080,000,1,3,1,861292053604220"},{"data":"+Hooshnic:V1.07,3635.11660,05146.7503,000,260703,151440,062,000,1,3,1,861292053604220"},{"data":"+Hooshnic:V1.07,3635.11430,05146.7222,000,260703,151443,052,000,1,3,1,861292053604220"},{"data":"+Hooshnic:V1.07,3635.11190,05146.6932,000,260703,151446,058,001,1,3,1,861292053604220"},{"data":"+Hooshnic:V1.07,3635.10960,05146.6658,000,260703,151449,048,000,1,3,1,861292053604220"},{"data":"+Hooshnic:V1.07,3635.10740,05146.6445,000,260703,151452,038,000,1,3,1,861292053604220"},{"data":"+Hooshnic:V1.07,3635.10530,05146.6260,000,260703,151455,034,002,1,3,1,861292053604220"},{"data":"+Hooshnic:V1.07,3635.10460,05146.6143,000,260703,151457,034,000,1,3,1,861292053604220"},{"data":"+Hooshnic:V1.07,3635.10290,05146.5963,000,260703,151500,034,000,1,3,1,861292053604220"},{"data":"+Hooshnic:V1.07,3635.10220,05146.5828,000,260703,151503,016,004,1,3,1,861292053604220"},{"data":"+Hooshnic:V1.07,3635.10170,05146.5770,000,260703,151506,010,000,1,3,1,861292053604220"},{"data":"+Hooshnic:V1.07,3635.09620,05146.5759,000,260703,151509,016,000,1,3,1,861292053604220"},{"data":"+Hooshnic:V1.07,3635.09380,05146.5820,000,260703,151511,020,020,1,3,1,861292053604220"},{}]....................................................................ADDRESS_LOCATION = 667648AT+CIPSTART="TCP","api.hooshnics.com",80
AT+CIPSEND=1701
POST /api/gps/reports HTTP/1.1
Host: api.hooshnics.com
Content-Type: application/json
Content-Length: 1588

[{"data":"+Hooshnic:V1.07,3635.08400,05147.6102,000,260703,151343,076,000,1,3,1,861292053604220"},{"data":"+Hooshnic:V1.07,3635.09020,05147.5707,000,260703,151346,076,002,1,3,1,861292053604220"},{"data":"+Hooshnic:V1.07,3635.09380,05147.5296,000,260703,151349,080,000,1,3,1,861292053604220"},{"data":"+Hooshnic:V1.07,3635.09590,05147.4872,000,260703,151352,082,000,1,3,1,861292053604220"},{"data":"+Hooshnic:V1.07,3635.09810,05147.4441,000,260703,151355,082,001,1,3,1,861292053604220"},{"data":"+Hooshnic:V1.07,3635.09950,05147.4009,000,260703,151358,082,000,1,3,1,861292053604220"},{"data":"+Hooshnic:V1.07,3635.10200,05147.3570,000,260703,151401,084,000,1,3,1,861292053604220"},{"data":"+Hooshnic:V1.07,3635.10420,05147.3269,000,260703,151403,086,000,1,3,1,861292053604220"},{"data":"+Hooshnic:V1.07,3635.10690,05147.2801,000,260703,151406,092,000,1,3,1,861292053604220"},{"data":"+Hooshnic:V1.07,3635.10930,05147.2314,000,260703,151409,096,000,1,3,1,861292053604220"},{"data":"+Hooshnic:V1.07,3635.11140,05147.1805,000,260703,151412,098,000,1,3,1,861292053604220"},{"data":"+Hooshnic:V1.07,3635.11310,05147.1289,000,260703,151415,100,000,1,3,1,861292053604220"},{"data":"+Hooshnic:V1.07,3635.11510,05147.0777,000,260703,151418,096,000,1,3,1,861292053604220"},{"data":"+Hooshnic:V1.07,3635.11660,05147.0451,000,260703,151420,092,001,1,3,1,861292053604220"},{"data":"+Hooshnic:V1.07,3635.11700,05146.9987,000,260703,151423,088,000,1,3,1,861292053604220"},{"data":"+Hooshnic:V1.07,3635.11700,05146.9521,000,260703,151426,090,000,1,3,1,861292053604220"},{}]....................................................................ADDRESS_LOCATION = 663552AT+CIPSTART="TCP","api.hooshnics.com",80
AT+CIPSEND=1701
POST /api/gps/reports HTTP/1.1
Host: api.hooshnics.com
Content-Type: application/json
Content-Length: 1588

[{"data":"+Hooshnic:V1.07,3635.03810,05148.3380,000,260703,151250,086,000,1,3,1,861292053604220"},{"data":"+Hooshnic:V1.07,3635.04050,05148.2924,000,260703,151253,088,001,1,3,1,861292053604220"},{"data":"+Hooshnic:V1.07,3635.04200,05148.2613,000,260703,151255,088,000,1,3,1,861292053604220"},{"data":"+Hooshnic:V1.07,3635.04980,05148.0728,000,260703,151307,092,000,1,3,1,861292053604220"},{"data":"+Hooshnic:V1.07,3635.04930,05148.0246,000,260703,151310,090,000,1,3,1,861292053604220"},{"data":"+Hooshnic:V1.07,3635.04840,05147.9932,000,260703,151312,090,001,1,3,1,861292053604220"},{"data":"+Hooshnic:V1.07,3635.04710,05147.9469,000,260703,151315,088,000,1,3,1,861292053604220"},{"data":"+Hooshnic:V1.07,3635.04750,05147.9018,000,260703,151318,086,000,1,3,1,861292053604220"},{"data":"+Hooshnic:V1.07,3635.04760,05147.8590,000,260703,151321,076,000,1,3,1,861292053604220"},{"data":"+Hooshnic:V1.07,3635.04800,05147.8238,000,260703,151324,058,000,1,3,1,861292053604220"},{"data":"+Hooshnic:V1.07,3635.04920,05147.7939,000,260703,151327,058,000,1,3,1,861292053604220"},{"data":"+Hooshnic:V1.07,3635.05020,05147.7733,000,260703,151329,062,003,1,3,1,861292053604220"},{"data":"+Hooshnic:V1.07,3635.05480,05147.7403,000,260703,151332,068,000,1,3,1,861292053604220"},{"data":"+Hooshnic:V1.07,3635.06190,05147.7059,000,260703,151335,070,000,1,3,1,861292053604220"},{"data":"+Hooshnic:V1.07,3635.07050,05147.6712,000,260703,151338,070,001,1,3,1,861292053604220"},{"data":"+Hooshnic:V1.07,3635.07910,05147.6356,000,260703,151341,074,000,1,3,1,861292053604220"},{}]....................................................................ADDRESS_LOCATION = 659456AT+CIPSTART="TCP","api.hooshnics.com",80
AT+CIPSEND=1701
POST /api/gps/reports HTTP/1.1
Host: api.hooshnics.com
Content-Type: application/json
Content-Length: 1588

[{"data":"+Hooshnic:V1.07,3634.97880,05148.9714,000,260703,151204,078,000,1,3,1,861292053604220"},{"data":"+Hooshnic:V1.07,3634.98390,05148.9312,000,260703,151207,080,000,1,3,1,861292053604220"},{"data":"+Hooshnic:V1.07,3634.98970,05148.8920,000,260703,151210,076,000,1,3,1,861292053604220"},{"data":"+Hooshnic:V1.07,3634.99480,05148.8526,000,260703,151213,076,000,1,3,1,861292053604220"},{"data":"+Hooshnic:V1.07,3634.99920,05148.8129,000,260703,151216,076,000,1,3,1,861292053604220"},{"data":"+Hooshnic:V1.07,3635.00410,05148.7730,000,260703,151219,078,001,1,3,1,861292053604220"},{"data":"+Hooshnic:V1.07,3635.00710,05148.7462,000,260703,151221,078,000,1,3,1,861292053604220"},{"data":"+Hooshnic:V1.07,3635.01190,05148.7055,000,260703,151224,078,000,1,3,1,861292053604220"},{"data":"+Hooshnic:V1.07,3635.01700,05148.6642,000,260703,151227,080,000,1,3,1,861292053604220"},{"data":"+Hooshnic:V1.07,3635.02090,05148.6220,000,260703,151230,080,000,1,3,1,861292053604220"},{"data":"+Hooshnic:V1.07,3635.02420,05148.5793,000,260703,151233,082,000,1,3,1,861292053604220"},{"data":"+Hooshnic:V1.07,3635.02670,05148.5360,000,260703,151236,080,001,1,3,1,861292053604220"},{"data":"+Hooshnic:V1.07,3635.02800,05148.5085,000,260703,151238,078,000,1,3,1,861292053604220"},{"data":"+Hooshnic:V1.07,3635.03050,05148.4673,000,260703,151241,080,000,1,3,1,861292053604220"},{"data":"+Hooshnic:V1.07,3635.03300,05148.4252,000,260703,151244,080,000,1,3,1,861292053604220"},{"data":"+Hooshnic:V1.07,3635.03560,05148.3823,000,260703,151247,084,000,1,3,1,861292053604220"},{}]....................................................................ADDRESS_LOCATION = 655360AT+CIPSTART="TCP","api.hooshnics.com",80
AT+CIPSEND=1701
POST /api/gps/reports HTTP/1.1
Host: api.hooshnics.com
Content-Type: application/json
Content-Length: 1588

[{"data":"+Hooshnic:V1.07,3634.73690,05149.4776,000,260703,151119,084,000,1,3,1,861292053604220"},{"data":"+Hooshnic:V1.07,3634.75780,05149.4405,000,260703,151122,086,000,1,3,1,861292053604220"},{"data":"+Hooshnic:V1.07,3634.77900,05149.4027,000,260703,151125,088,000,1,3,1,861292053604220"},{"data":"+Hooshnic:V1.07,3634.79310,05149.3776,000,260703,151127,088,000,1,3,1,861292053604220"},{"data":"+Hooshnic:V1.07,3634.81410,05149.3422,000,260703,151130,080,000,1,3,1,861292053604220"},{"data":"+Hooshnic:V1.07,3634.83280,05149.3084,000,260703,151133,078,000,1,3,1,861292053604220"},{"data":"+Hooshnic:V1.07,3634.85100,05149.2762,000,260703,151136,074,000,1,3,1,861292053604220"},{"data":"+Hooshnic:V1.07,3634.86820,05149.2454,000,260703,151139,070,000,1,3,1,861292053604220"},{"data":"+Hooshnic:V1.07,3634.88500,05149.2151,000,260703,151142,070,000,1,3,1,861292053604220"},{"data":"+Hooshnic:V1.07,3634.90260,05149.1855,000,260703,151145,072,002,1,3,1,861292053604220"},{"data":"+Hooshnic:V1.07,3634.91450,05149.1655,000,260703,151147,072,000,1,3,1,861292053604220"},{"data":"+Hooshnic:V1.07,3634.93050,05149.1345,000,260703,151150,070,000,1,3,1,861292053604220"},{"data":"+Hooshnic:V1.07,3634.94520,05149.1028,000,260703,151153,070,000,1,3,1,861292053604220"},{"data":"+Hooshnic:V1.07,3634.95790,05149.0699,000,260703,151156,072,000,1,3,1,861292053604220"},{"data":"+Hooshnic:V1.07,3634.96750,05149.0352,000,260703,151159,072,000,1,3,1,861292053604220"},{"data":"+Hooshnic:V1.07,3634.97510,05148.9981,000,260703,151202,076,003,1,3,1,861292053604220"},{}]....................................................................ADDRESS_LOCATION = 651264AT+CIPSTART="TCP","api.hooshnics.com",80
AT+CIPSEND=1701
POST /api/gps/reports HTTP/1.1
Host: api.hooshnics.com
Content-Type: application/json
Content-Length: 1588

[{"data":"+Hooshnic:V1.07,3634.47520,05150.0448,000,260703,151025,070,000,1,3,1,861292053604220"},{"data":"+Hooshnic:V1.07,3634.48470,05150.0090,000,260703,151028,074,000,1,3,1,861292053604220"},{"data":"+Hooshnic:V1.07,3634.53550,05149.8766,000,260703,151039,082,000,1,3,1,861292053604220"},{"data":"+Hooshnic:V1.07,3634.55220,05149.8390,000,260703,151042,084,000,1,3,1,861292053604220"},{"data":"+Hooshnic:V1.07,3634.56760,05149.8056,000,260703,151045,060,001,1,3,1,861292053604220"},{"data":"+Hooshnic:V1.07,3634.57950,05149.7794,000,260703,151048,058,000,1,3,1,861292053604220"},{"data":"+Hooshnic:V1.07,3634.58850,05149.7612,000,260703,151050,062,000,1,3,1,861292053604220"},{"data":"+Hooshnic:V1.07,3634.60320,05149.7318,000,260703,151053,068,000,1,3,1,861292053604220"},{"data":"+Hooshnic:V1.07,3634.61750,05149.7033,000,260703,151056,058,000,1,3,1,861292053604220"},{"data":"+Hooshnic:V1.07,3634.62890,05149.6793,000,260703,151059,050,000,1,3,1,861292053604220"},{"data":"+Hooshnic:V1.07,3634.64010,05149.6566,000,260703,151102,054,000,1,3,1,861292053604220"},{"data":"+Hooshnic:V1.07,3634.65340,05149.6309,000,260703,151105,064,000,1,3,1,861292053604220"},{"data":"+Hooshnic:V1.07,3634.66890,05149.6013,000,260703,151108,070,000,1,3,1,861292053604220"},{"data":"+Hooshnic:V1.07,3634.68000,05149.5803,000,260703,151110,074,001,1,3,1,861292053604220"},{"data":"+Hooshnic:V1.07,3634.69810,05149.5479,000,260703,151113,076,000,1,3,1,861292053604220"},{"data":"+Hooshnic:V1.07,3634.71710,05149.5136,000,260703,151116,082,000,1,3,1,861292053604220"},{}]....................................................................ADDRESS_LOCATION = 647168AT+CIPSTART="TCP","api.hooshnics.com",80
AT+CIPSEND=1701
POST /api/gps/reports HTTP/1.1
Host: api.hooshnics.com
Content-Type: application/json
Content-Length: 1588

[{"data":"+Hooshnic:V1.07,3634.39440,05150.5127,000,260703,150940,052,000,1,3,1,861292053604220"},{"data":"+Hooshnic:V1.07,3634.39830,05150.4835,000,260703,150943,062,001,1,3,1,861292053604220"},{"data":"+Hooshnic:V1.07,3634.40120,05150.4617,000,260703,150945,066,000,1,3,1,861292053604220"},{"data":"+Hooshnic:V1.07,3634.40640,05150.4275,000,260703,150948,068,000,1,3,1,861292053604220"},{"data":"+Hooshnic:V1.07,3634.41250,05150.3914,000,260703,150951,070,001,1,3,1,861292053604220"},{"data":"+Hooshnic:V1.07,3634.41780,05150.3546,000,260703,150954,072,000,1,3,1,861292053604220"},{"data":"+Hooshnic:V1.07,3634.42260,05150.3197,000,260703,150957,068,000,1,3,1,861292053604220"},{"data":"+Hooshnic:V1.07,3634.42530,05150.3002,000,260703,151000,030,003,1,3,1,861292053604220"},{"data":"+Hooshnic:V1.07,3634.42750,05150.2892,000,260703,151002,038,000,1,3,1,861292053604220"},{"data":"+Hooshnic:V1.07,3634.43100,05150.2664,000,260703,151005,050,000,1,3,1,861292053604220"},{"data":"+Hooshnic:V1.07,3634.43470,05150.2379,000,260703,151008,060,000,1,3,1,861292053604220"},{"data":"+Hooshnic:V1.07,3634.43910,05150.2062,000,260703,151011,062,000,1,3,1,861292053604220"},{"data":"+Hooshnic:V1.07,3634.44450,05150.1727,000,260703,151014,064,000,1,3,1,861292053604220"},{"data":"+Hooshnic:V1.07,3634.45150,05150.1391,000,260703,151017,066,002,1,3,1,861292053604220"},{"data":"+Hooshnic:V1.07,3634.45700,05150.1160,000,260703,151019,070,000,1,3,1,861292053604220"},{"data":"+Hooshnic:V1.07,3634.46600,05150.0803,000,260703,151022,072,000,1,3,1,861292053604220"},{}]....................................................................ADDRESS_LOCATION = 643072AT+CIPSTART="TCP","api.hooshnics.com",80
AT+CIPSEND=1701
POST /api/gps/reports HTTP/1.1
Host: api.hooshnics.com
Content-Type: application/json
Content-Length: 1588

[{"data":"+Hooshnic:V1.07,3634.32240,05151.1109,000,260703,150854,070,000,1,3,1,861292053604220"},{"data":"+Hooshnic:V1.07,3634.32410,05151.0752,000,260703,150857,068,000,1,3,1,861292053604220"},{"data":"+Hooshnic:V1.07,3634.32620,05151.0399,000,260703,150900,068,000,1,3,1,861292053604220"},{"data":"+Hooshnic:V1.07,3634.32760,05151.0021,000,260703,150903,076,000,1,3,1,861292053604220"},{"data":"+Hooshnic:V1.07,3634.32770,05150.9619,000,260703,150906,080,000,1,3,1,861292053604220"},{"data":"+Hooshnic:V1.07,3634.32560,05150.9186,000,260703,150909,084,000,1,3,1,861292053604220"},{"data":"+Hooshnic:V1.07,3634.32550,05150.8884,000,260703,150911,086,000,1,3,1,861292053604220"},{"data":"+Hooshnic:V1.07,3634.33040,05150.8421,000,260703,150914,088,000,1,3,1,861292053604220"},{"data":"+Hooshnic:V1.07,3634.33940,05150.7972,000,260703,150917,086,001,1,3,1,861292053604220"},{"data":"+Hooshnic:V1.07,3634.34870,05150.7518,000,260703,150920,092,000,1,3,1,861292053604220"},{"data":"+Hooshnic:V1.07,3634.35760,05150.7057,000,260703,150923,092,000,1,3,1,861292053604220"},{"data":"+Hooshnic:V1.07,3634.36610,05150.6620,000,260703,150926,086,000,1,3,1,861292053604220"},{"data":"+Hooshnic:V1.07,3634.37180,05150.6330,000,260703,150928,086,000,1,3,1,861292053604220"},{"data":"+Hooshnic:V1.07,3634.37940,05150.5929,000,260703,150931,072,000,1,3,1,861292053604220"},{"data":"+Hooshnic:V1.07,3634.38500,05150.5633,000,260703,150934,048,001,1,3,1,861292053604220"},{"data":"+Hooshnic:V1.07,3634.38980,05150.5387,000,260703,150937,052,000,1,3,1,861292053604220"},{}]....................................................................ADDRESS_LOCATION = 638976AT+CIPSTART="TCP","api.hooshnics.com",80
AT+CIPSEND=1701
POST /api/gps/reports HTTP/1.1
Host: api.hooshnics.com
Content-Type: application/json
Content-Length: 1588

[{"data":"+Hooshnic:V1.07,3634.29860,05151.8347,000,260703,150801,082,000,1,3,1,861292053604220"},{"data":"+Hooshnic:V1.07,3634.30270,05151.6813,000,260703,150812,070,000,1,3,1,861292053604220"},{"data":"+Hooshnic:V1.07,3634.30340,05151.6508,000,260703,150815,054,000,1,3,1,861292053604220"},{"data":"+Hooshnic:V1.07,3634.30440,05151.6320,000,260703,150817,056,000,1,3,1,861292053604220"},{"data":"+Hooshnic:V1.07,3634.30620,05151.6036,000,260703,150820,056,000,1,3,1,861292053604220"},{"data":"+Hooshnic:V1.07,3634.30720,05151.5723,000,260703,150823,064,000,1,3,1,861292053604220"},{"data":"+Hooshnic:V1.07,3634.30780,05151.5365,000,260703,150826,072,000,1,3,1,861292053604220"},{"data":"+Hooshnic:V1.07,3634.30830,05151.4978,000,260703,150829,076,000,1,3,1,861292053604220"},{"data":"+Hooshnic:V1.07,3634.30860,05151.4570,000,260703,150832,080,000,1,3,1,861292053604220"},{"data":"+Hooshnic:V1.07,3634.30910,05151.4284,000,260703,150834,084,001,1,3,1,861292053604220"},{"data":"+Hooshnic:V1.07,3634.31090,05151.3829,000,260703,150837,088,000,1,3,1,861292053604220"},{"data":"+Hooshnic:V1.07,3634.31270,05151.3350,000,260703,150840,094,000,1,3,1,861292053604220"},{"data":"+Hooshnic:V1.07,3634.31460,05151.2850,000,260703,150843,096,000,1,3,1,861292053604220"},{"data":"+Hooshnic:V1.07,3634.31710,05151.2338,000,260703,150846,098,000,1,3,1,861292053604220"},{"data":"+Hooshnic:V1.07,3634.31920,05151.1819,000,260703,150849,096,000,1,3,1,861292053604220"},{"data":"+Hooshnic:V1.07,3634.32120,05151.1364,000,260703,150852,078,000,1,3,1,861292053604220"},{}]....................................................................ADDRESS_LOCATION = 634880AT+CIPSTART="TCP","api.hooshnics.com",80
AT+CIPSEND=1701
POST /api/gps/reports HTTP/1.1
Host: api.hooshnics.com
Content-Type: application/json
Content-Length: 1588

[{"data":"+Hooshnic:V1.07,3634.30330,05152.4607,000,260703,150715,098,002,1,3,1,861292053604220"},{"data":"+Hooshnic:V1.07,3634.30460,05152.4099,000,260703,150718,098,000,1,3,1,861292053604220"},{"data":"+Hooshnic:V1.07,3634.30370,05152.3587,000,260703,150721,096,000,1,3,1,861292053604220"},{"data":"+Hooshnic:V1.07,3634.30150,05152.3088,000,260703,150724,096,001,1,3,1,861292053604220"},{"data":"+Hooshnic:V1.07,3634.29950,05152.2666,000,260703,150727,068,000,1,3,1,861292053604220"},{"data":"+Hooshnic:V1.07,3634.29860,05152.2467,000,260703,150729,050,000,1,3,1,861292053604220"},{"data":"+Hooshnic:V1.07,3634.29860,05152.2211,000,260703,150732,052,000,1,3,1,861292053604220"},{"data":"+Hooshnic:V1.07,3634.29790,05152.1918,000,260703,150735,060,000,1,3,1,861292053604220"},{"data":"+Hooshnic:V1.07,3634.29690,05152.1585,000,260703,150738,068,000,1,3,1,861292053604220"},{"data":"+Hooshnic:V1.07,3634.29510,05152.1212,000,260703,150741,074,000,1,3,1,861292053604220"},{"data":"+Hooshnic:V1.07,3634.29360,05152.0812,000,260703,150744,078,000,1,3,1,861292053604220"},{"data":"+Hooshnic:V1.07,3634.29280,05152.0534,000,260703,150746,080,000,1,3,1,861292053604220"},{"data":"+Hooshnic:V1.07,3634.29300,05152.0103,000,260703,150749,082,001,1,3,1,861292053604220"},{"data":"+Hooshnic:V1.07,3634.29370,05151.9652,000,260703,150752,088,000,1,3,1,861292053604220"},{"data":"+Hooshnic:V1.07,3634.29520,05151.9201,000,260703,150755,084,000,1,3,1,861292053604220"},{"data":"+Hooshnic:V1.07,3634.29710,05151.8769,000,260703,150758,082,000,1,3,1,861292053604220"},{}]....................................................................ADDRESS_LOCATION = 630784AT+CIPSTART="TCP","api.hooshnics.com",80
AT+CIPSEND=1701
POST /api/gps/reports HTTP/1.1
Host: api.hooshnics.com
Content-Type: application/json
Content-Length: 1588

[{"data":"+Hooshnic:V1.07,3634.21240,05153.2103,000,260703,150630,094,000,1,3,1,861292053604220"},{"data":"+Hooshnic:V1.07,3634.21860,05153.1624,000,260703,150633,094,000,1,3,1,861292053604220"},{"data":"+Hooshnic:V1.07,3634.22320,05153.1306,000,260703,150635,094,000,1,3,1,861292053604220"},{"data":"+Hooshnic:V1.07,3634.23040,05153.0827,000,260703,150638,094,000,1,3,1,861292053604220"},{"data":"+Hooshnic:V1.07,3634.23810,05153.0331,000,260703,150641,098,000,1,3,1,861292053604220"},{"data":"+Hooshnic:V1.07,3634.24560,05152.9822,000,260703,150644,100,000,1,3,1,861292053604220"},{"data":"+Hooshnic:V1.07,3634.25300,05152.9299,000,260703,150647,102,000,1,3,1,861292053604220"},{"data":"+Hooshnic:V1.07,3634.25940,05152.8775,000,260703,150650,102,000,1,3,1,861292053604220"},{"data":"+Hooshnic:V1.07,3634.26380,05152.8428,000,260703,150652,100,000,1,3,1,861292053604220"},{"data":"+Hooshnic:V1.07,3634.26930,05152.7913,000,260703,150655,100,000,1,3,1,861292053604220"},{"data":"+Hooshnic:V1.07,3634.27450,05152.7397,000,260703,150658,098,001,1,3,1,861292053604220"},{"data":"+Hooshnic:V1.07,3634.27960,05152.6898,000,260703,150701,096,000,1,3,1,861292053604220"},{"data":"+Hooshnic:V1.07,3634.28510,05152.6414,000,260703,150704,094,000,1,3,1,861292053604220"},{"data":"+Hooshnic:V1.07,3634.29140,05152.5926,000,260703,150707,092,003,1,3,1,861292053604220"},{"data":"+Hooshnic:V1.07,3634.29480,05152.5604,000,260703,150709,094,000,1,3,1,861292053604220"},{"data":"+Hooshnic:V1.07,3634.29910,05152.5111,000,260703,150712,096,000,1,3,1,861292053604220"},{}]....................................................................ADDRESS_LOCATION = 626688AT+CIPSTART="TCP","api.hooshnics.com",80
AT+CIPSEND=1701
POST /api/gps/reports HTTP/1.1
Host: api.hooshnics.com
Content-Type: application/json
Content-Length: 1588

[{"data":"+Hooshnic:V1.07,3634.14600,05153.8563,000,260703,150544,084,000,1,3,1,861292053604220"},{"data":"+Hooshnic:V1.07,3634.16070,05153.8196,000,260703,150547,076,000,1,3,1,861292053604220"},{"data":"+Hooshnic:V1.07,3634.17340,05153.7834,000,260703,150550,076,000,1,3,1,861292053604220"},{"data":"+Hooshnic:V1.07,3634.18440,05153.7452,000,260703,150553,078,000,1,3,1,861292053604220"},{"data":"+Hooshnic:V1.07,3634.19010,05153.7191,000,260703,150555,076,000,1,3,1,861292053604220"},{"data":"+Hooshnic:V1.07,3634.19560,05153.6659,000,260703,150559,078,004,1,3,1,861292053604220"},{"data":"+Hooshnic:V1.07,3634.19670,05153.6390,000,260703,150601,078,000,1,3,1,861292053604220"},{"data":"+Hooshnic:V1.07,3634.19810,05153.5989,000,260703,150604,076,000,1,3,1,861292053604220"},{"data":"+Hooshnic:V1.07,3634.19860,05153.5592,000,260703,150607,076,001,1,3,1,861292053604220"},{"data":"+Hooshnic:V1.07,3634.19880,05153.5178,000,260703,150610,080,000,1,3,1,861292053604220"},{"data":"+Hooshnic:V1.07,3634.19980,05153.4746,000,260703,150613,082,000,1,3,1,861292053604220"},{"data":"+Hooshnic:V1.07,3634.20050,05153.4452,000,260703,150615,084,000,1,3,1,861292053604220"},{"data":"+Hooshnic:V1.07,3634.20070,05153.4003,000,260703,150618,086,000,1,3,1,861292053604220"},{"data":"+Hooshnic:V1.07,3634.20190,05153.3542,000,260703,150621,090,000,1,3,1,861292053604220"},{"data":"+Hooshnic:V1.07,3634.20380,05153.3075,000,260703,150624,090,000,1,3,1,861292053604220"},{"data":"+Hooshnic:V1.07,3634.20730,05153.2595,000,260703,150627,092,000,1,3,1,861292053604220"},{}]....................................................................ADDRESS_LOCATION = 622592AT+CIPSTART="TCP","api.hooshnics.com",80
AT+CIPSEND=1701
POST /api/gps/reports HTTP/1.1
Host: api.hooshnics.com
Content-Type: application/json
Content-Length: 1588

[{"data":"+Hooshnic:V1.07,3634.18420,05154.5294,000,260703,150450,096,000,1,3,1,861292053604220"},{"data":"+Hooshnic:V1.07,3634.18340,05154.4782,000,260703,150453,100,000,1,3,1,861292053604220"},{"data":"+Hooshnic:V1.07,3634.18280,05154.4266,000,260703,150456,098,000,1,3,1,861292053604220"},{"data":"+Hooshnic:V1.07,3634.18320,05154.3753,000,260703,150459,098,000,1,3,1,861292053604220"},{"data":"+Hooshnic:V1.07,3634.18330,05154.3265,000,260703,150502,092,000,1,3,1,861292053604220"},{"data":"+Hooshnic:V1.07,3634.18080,05154.2790,000,260703,150505,090,006,1,3,1,861292053604220"},{"data":"+Hooshnic:V1.07,3634.17560,05154.2484,000,260703,150507,090,000,1,3,1,861292053604220"},{"data":"+Hooshnic:V1.07,3634.16410,05154.2075,000,260703,150510,076,000,1,3,1,861292053604220"},{"data":"+Hooshnic:V1.07,3634.15210,05154.1749,000,260703,150513,066,001,1,3,1,861292053604220"},{"data":"+Hooshnic:V1.07,3634.14090,05154.1464,000,260703,150516,050,000,1,3,1,861292053604220"},{"data":"+Hooshnic:V1.07,3634.13390,05154.1276,000,260703,150519,040,000,1,3,1,861292053604220"},{"data":"+Hooshnic:V1.07,3634.12740,05154.1082,000,260703,150522,042,003,1,3,1,861292053604220"},{"data":"+Hooshnic:V1.07,3634.12070,05154.0855,000,260703,150525,052,000,1,3,1,861292053604220"},{"data":"+Hooshnic:V1.07,3634.11700,05154.0673,000,260703,150527,056,000,1,3,1,861292053604220"},{"data":"+Hooshnic:V1.07,3634.11410,05154.0359,000,260703,150530,064,003,1,3,1,861292053604220"},{"data":"+Hooshnic:V1.07,3634.11470,05154.0005,000,260703,150533,070,000,1,3,1,861292053604220"},{}]....................................................................ADDRESS_LOCATION = 618496AT+CIPSTART="TCP","api.hooshnics.com",80
AT+CIPSEND=1701
POST /api/gps/reports HTTP/1.1
Host: api.hooshnics.com
Content-Type: application/json
Content-Length: 1588

[{"data":"+Hooshnic:V1.07,3634.19660,05155.2261,000,260703,150405,086,000,1,3,1,861292053604220"},{"data":"+Hooshnic:V1.07,3634.19590,05155.1803,000,260703,150408,088,000,1,3,1,861292053604220"},{"data":"+Hooshnic:V1.07,3634.19550,05155.1327,000,260703,150411,092,000,1,3,1,861292053604220"},{"data":"+Hooshnic:V1.07,3634.19520,05155.0832,000,260703,150414,096,001,1,3,1,861292053604220"},{"data":"+Hooshnic:V1.07,3634.19550,05155.0497,000,260703,150416,096,000,1,3,1,861292053604220"},{"data":"+Hooshnic:V1.07,3634.19590,05155.0007,000,260703,150419,094,000,1,3,1,861292053604220"},{"data":"+Hooshnic:V1.07,3634.19520,05154.9563,000,260703,150422,080,001,1,3,1,861292053604220"},{"data":"+Hooshnic:V1.07,3634.19370,05154.9143,000,260703,150425,078,000,1,3,1,861292053604220"},{"data":"+Hooshnic:V1.07,3634.19060,05154.8711,000,260703,150428,084,000,1,3,1,861292053604220"},{"data":"+Hooshnic:V1.07,3634.18690,05154.8273,000,260703,150431,086,000,1,3,1,861292053604220"},{"data":"+Hooshnic:V1.07,3634.18380,05154.7827,000,260703,150434,084,000,1,3,1,861292053604220"},{"data":"+Hooshnic:V1.07,3634.18150,05154.7534,000,260703,150436,086,000,1,3,1,861292053604220"},{"data":"+Hooshnic:V1.07,3634.18020,05154.7069,000,260703,150439,090,001,1,3,1,861292053604220"},{"data":"+Hooshnic:V1.07,3634.18010,05154.6596,000,260703,150442,090,000,1,3,1,861292053604220"},{"data":"+Hooshnic:V1.07,3634.18160,05154.6117,000,260703,150445,092,000,1,3,1,861292053604220"},{"data":"+Hooshnic:V1.07,3634.18380,05154.5626,000,260703,150448,096,001,1,3,1,861292053604220"},{}]....................................................................ADDRESS_LOCATION = 614400AT+CIPSTART="TCP","api.hooshnics.com",80
AT+CIPSEND=1701
POST /api/gps/reports HTTP/1.1
Host: api.hooshnics.com
Content-Type: application/json
Content-Length: 1588

[{"data":"+Hooshnic:V1.07,3634.20290,05155.7723,000,260703,150320,076,000,1,3,1,861292053604220"},{"data":"+Hooshnic:V1.07,3634.20280,05155.7331,000,260703,150323,072,000,1,3,1,861292053604220"},{"data":"+Hooshnic:V1.07,3634.20270,05155.7075,000,260703,150325,072,000,1,3,1,861292053604220"},{"data":"+Hooshnic:V1.07,3634.20280,05155.6685,000,260703,150328,074,000,1,3,1,861292053604220"},{"data":"+Hooshnic:V1.07,3634.20270,05155.6287,000,260703,150331,076,000,1,3,1,861292053604220"},{"data":"+Hooshnic:V1.07,3634.20230,05155.5892,000,260703,150334,074,000,1,3,1,861292053604220"},{"data":"+Hooshnic:V1.07,3634.20150,05155.5502,000,260703,150337,074,000,1,3,1,861292053604220"},{"data":"+Hooshnic:V1.07,3634.20100,05155.5140,000,260703,150340,064,000,1,3,1,861292053604220"},{"data":"+Hooshnic:V1.07,3634.20010,05155.4814,000,260703,150343,060,000,1,3,1,861292053604220"},{"data":"+Hooshnic:V1.07,3634.19860,05155.4521,000,260703,150346,052,000,1,3,1,861292053604220"},{"data":"+Hooshnic:V1.07,3634.19840,05155.4352,000,260703,150348,048,000,1,3,1,861292053604220"},{"data":"+Hooshnic:V1.07,3634.19810,05155.4078,000,260703,150351,056,000,1,3,1,861292053604220"},{"data":"+Hooshnic:V1.07,3634.19820,05155.3754,000,260703,150354,066,000,1,3,1,861292053604220"},{"data":"+Hooshnic:V1.07,3634.19800,05155.3385,000,260703,150357,074,000,1,3,1,861292053604220"},{"data":"+Hooshnic:V1.07,3634.19740,05155.2983,000,260703,150400,078,000,1,3,1,861292053604220"},{"data":"+Hooshnic:V1.07,3634.19690,05155.2701,000,260703,150402,082,000,1,3,1,861292053604220"},{}]....................................................................ADDRESS_LOCATION = 610304AT+CIPSTART="TCP","api.hooshnics.com",80
AT+CIPSEND=1701
POST /api/gps/reports HTTP/1.1
Host: api.hooshnics.com
Content-Type: application/json
Content-Length: 1588

[{"data":"+Hooshnic:V1.07,3634.13970,05156.5142,000,260703,150226,086,000,1,3,1,861292053604220"},{"data":"+Hooshnic:V1.07,3634.13610,05156.4692,000,260703,150229,086,002,1,3,1,861292053604220"},{"data":"+Hooshnic:V1.07,3634.13370,05156.4254,000,260703,150232,082,000,1,3,1,861292053604220"},{"data":"+Hooshnic:V1.07,3634.13320,05156.3980,000,260703,150234,076,000,1,3,1,861292053604220"},{"data":"+Hooshnic:V1.07,3634.13430,05156.3592,000,260703,150237,076,000,1,3,1,861292053604220"},{"data":"+Hooshnic:V1.07,3634.13670,05156.3194,000,260703,150240,078,000,1,3,1,861292053604220"},{"data":"+Hooshnic:V1.07,3634.14220,05156.2781,000,260703,150243,082,000,1,3,1,861292053604220"},{"data":"+Hooshnic:V1.07,3634.14880,05156.2363,000,260703,150246,082,001,1,3,1,861292053604220"},{"data":"+Hooshnic:V1.07,3634.15530,05156.1975,000,260703,150249,074,000,1,3,1,861292053604220"},{"data":"+Hooshnic:V1.07,3634.15920,05156.1718,000,260703,150251,074,000,1,3,1,861292053604220"},{"data":"+Hooshnic:V1.07,3634.16530,05156.1330,000,260703,150254,078,001,1,3,1,861292053604220"},{"data":"+Hooshnic:V1.07,3634.17220,05156.0929,000,260703,150257,080,000,1,3,1,861292053604220"},{"data":"+Hooshnic:V1.07,3634.17860,05156.0512,000,260703,150300,082,000,1,3,1,861292053604220"},{"data":"+Hooshnic:V1.07,3634.18500,05156.0087,000,260703,150303,084,000,1,3,1,861292053604220"},{"data":"+Hooshnic:V1.07,3634.19180,05155.9661,000,260703,150306,084,000,1,3,1,861292053604220"},{"data":"+Hooshnic:V1.07,3634.20320,05155.8129,000,260703,150317,076,000,1,3,1,861292053604220"},{}]....................................................................ADDRESS_LOCATION = 606208AT+CIPSTART="TCP","api.hooshnics.com",80
AT+CIPSEND=1701
POST /api/gps/reports HTTP/1.1
Host: api.hooshnics.com
Content-Type: application/json
Content-Length: 1588

[{"data":"+Hooshnic:V1.07,3634.18300,05157.1060,000,260703,150140,056,000,1,3,1,861292053604220"},{"data":"+Hooshnic:V1.07,3634.18050,05157.0746,000,260703,150143,064,000,1,3,1,861292053604220"},{"data":"+Hooshnic:V1.07,3634.17830,05157.0401,000,260703,150146,070,000,1,3,1,861292053604220"},{"data":"+Hooshnic:V1.07,3634.17540,05157.0031,000,260703,150149,072,000,1,3,1,861292053604220"},{"data":"+Hooshnic:V1.07,3634.17180,05156.9637,000,260703,150152,078,000,1,3,1,861292053604220"},{"data":"+Hooshnic:V1.07,3634.16810,05156.9226,000,260703,150155,078,002,1,3,1,861292053604220"},{"data":"+Hooshnic:V1.07,3634.16470,05156.8822,000,260703,150158,076,000,1,3,1,861292053604220"},{"data":"+Hooshnic:V1.07,3634.16250,05156.8569,000,260703,150200,070,000,1,3,1,861292053604220"},{"data":"+Hooshnic:V1.07,3634.16030,05156.8195,000,260703,150203,072,000,1,3,1,861292053604220"},{"data":"+Hooshnic:V1.07,3634.15730,05156.7820,000,260703,150206,072,000,1,3,1,861292053604220"},{"data":"+Hooshnic:V1.07,3634.15510,05156.7436,000,260703,150209,074,000,1,3,1,861292053604220"},{"data":"+Hooshnic:V1.07,3634.15380,05156.7042,000,260703,150212,074,001,1,3,1,861292053604220"},{"data":"+Hooshnic:V1.07,3634.15310,05156.6671,000,260703,150215,072,000,1,3,1,861292053604220"},{"data":"+Hooshnic:V1.07,3634.15220,05156.6415,000,260703,150217,074,000,1,3,1,861292053604220"},{"data":"+Hooshnic:V1.07,3634.14790,05156.6017,000,260703,150220,078,002,1,3,1,861292053604220"},{"data":"+Hooshnic:V1.07,3634.14340,05156.5592,000,260703,150223,084,000,1,3,1,861292053604220"},{}]....................................................................ADDRESS_LOCATION = 602112AT+CIPSTART="TCP","api.hooshnics.com",80
AT+CIPSEND=1701
POST /api/gps/reports HTTP/1.1
Host: api.hooshnics.com
Content-Type: application/json
Content-Length: 1588

[{"data":"+Hooshnic:V1.07,3634.19050,05157.5469,000,260703,150055,046,001,1,3,1,861292053604220"},{"data":"+Hooshnic:V1.07,3634.19520,05157.5226,000,260703,150058,050,000,1,3,1,861292053604220"},{"data":"+Hooshnic:V1.07,3634.19950,05157.4947,000,260703,150101,054,000,1,3,1,861292053604220"},{"data":"+Hooshnic:V1.07,3634.20260,05157.4662,000,260703,150104,056,002,1,3,1,861292053604220"},{"data":"+Hooshnic:V1.07,3634.20390,05157.4476,000,260703,150106,054,000,1,3,1,861292053604220"},{"data":"+Hooshnic:V1.07,3634.20280,05157.4187,000,260703,150109,054,000,1,3,1,861292053604220"},{"data":"+Hooshnic:V1.07,3634.20220,05157.3901,000,260703,150112,052,001,1,3,1,861292053604220"},{"data":"+Hooshnic:V1.07,3634.20150,05157.3629,000,260703,150115,048,000,1,3,1,861292053604220"},{"data":"+Hooshnic:V1.07,3634.20110,05157.3398,000,260703,150118,044,000,1,3,1,861292053604220"},{"data":"+Hooshnic:V1.07,3634.20100,05157.3149,000,260703,150121,052,000,1,3,1,861292053604220"},{"data":"+Hooshnic:V1.07,3634.20010,05157.2958,000,260703,150123,058,000,1,3,1,861292053604220"},{"data":"+Hooshnic:V1.07,3634.19760,05157.2638,000,260703,150126,064,000,1,3,1,861292053604220"},{"data":"+Hooshnic:V1.07,3634.19430,05157.2293,000,260703,150129,066,000,1,3,1,861292053604220"},{"data":"+Hooshnic:V1.07,3634.19050,05157.1943,000,260703,150132,068,000,1,3,1,861292053604220"},{"data":"+Hooshnic:V1.07,3634.18730,05157.1577,000,260703,150135,068,000,1,3,1,861292053604220"},{"data":"+Hooshnic:V1.07,3634.18470,05157.1256,000,260703,150138,056,001,1,3,1,861292053604220"},{}]....................................................................ADDRESS_LOCATION = 598016AT+CIPSTART="TCP","api.hooshnics.com",80
AT+CIPSEND=1701
POST /api/gps/reports HTTP/1.1
Host: api.hooshnics.com
Content-Type: application/json
Content-Length: 1588

[{"data":"+Hooshnic:V1.07,3634.11950,05157.7912,000,260703,150001,014,000,1,3,1,861292053604220"},{"data":"+Hooshnic:V1.07,3634.11880,05157.7856,000,260703,150004,006,000,1,3,1,861292053604220"},{"data":"+Hooshnic:V1.07,3634.11880,05157.7813,000,260703,150007,010,000,1,3,1,861292053604220"},{"data":"+Hooshnic:V1.07,3634.11880,05157.7752,000,260703,150010,012,001,1,3,1,861292053604220"},{"data":"+Hooshnic:V1.07,3634.11920,05157.7670,000,260703,150013,018,000,1,3,1,861292053604220"},{"data":"+Hooshnic:V1.07,3634.11940,05157.7600,000,260703,150015,022,000,1,3,1,861292053604220"},{"data":"+Hooshnic:V1.07,3634.12220,05157.7475,000,260703,150018,022,001,1,3,1,861292053604220"},{"data":"+Hooshnic:V1.07,3634.12390,05157.7380,000,260703,150021,020,000,1,3,1,861292053604220"},{"data":"+Hooshnic:V1.07,3634.12640,05157.7248,000,260703,150024,030,000,1,3,1,861292053604220"},{"data":"+Hooshnic:V1.07,3634.12960,05157.7068,000,260703,150027,034,000,1,3,1,861292053604220"},{"data":"+Hooshnic:V1.07,3634.13300,05157.6888,000,260703,150030,034,000,1,3,1,861292053604220"},{"data":"+Hooshnic:V1.07,3634.13590,05157.6773,000,260703,150032,034,000,1,3,1,861292053604220"},{"data":"+Hooshnic:V1.07,3634.14170,05157.6619,000,260703,150035,028,000,1,3,1,861292053604220"},{"data":"+Hooshnic:V1.07,3634.14730,05157.6499,000,260703,150038,026,000,1,3,1,861292053604220"},{"data":"+Hooshnic:V1.07,3634.17870,05157.5907,000,260703,150049,042,000,1,3,1,861292053604220"},{"data":"+Hooshnic:V1.07,3634.18530,05157.5690,000,260703,150052,042,000,1,3,1,861292053604220"},{}]....................................................................ADDRESS_LOCATION = 593920AT+CIPSTART="TCP","api.hooshnics.com",80
AT+CIPSEND=1701
POST /api/gps/reports HTTP/1.1
Host: api.hooshnics.com
Content-Type: application/json
Content-Length: 1588

[{"data":"+Hooshnic:V1.07,3634.13110,05157.8653,000,260703,145916,006,000,1,3,1,861292053604220"},{"data":"+Hooshnic:V1.07,3634.13040,05157.8633,000,260703,145919,000,007,1,3,1,861292053604220"},{"data":"+Hooshnic:V1.07,3634.13050,05157.8631,000,260703,145921,000,000,1,3,1,861292053604220"},{"data":"+Hooshnic:V1.07,3634.12980,05157.8594,000,260703,145924,010,000,1,3,1,861292053604220"},{"data":"+Hooshnic:V1.07,3634.12840,05157.8530,000,260703,145927,014,000,1,3,1,861292053604220"},{"data":"+Hooshnic:V1.07,3634.12710,05157.8466,000,260703,145930,006,000,1,3,1,861292053604220"},{"data":"+Hooshnic:V1.07,3634.12640,05157.8432,000,260703,145933,006,000,1,3,1,861292053604220"},{"data":"+Hooshnic:V1.07,3634.12540,05157.8396,000,260703,145936,006,007,1,3,1,861292053604220"},{"data":"+Hooshnic:V1.07,3634.12490,05157.8374,000,260703,145938,006,000,1,3,1,861292053604220"},{"data":"+Hooshnic:V1.07,3634.12390,05157.8323,000,260703,145941,010,000,1,3,1,861292053604220"},{"data":"+Hooshnic:V1.07,3634.12250,05157.8274,000,260703,145944,006,001,1,3,1,861292053604220"},{"data":"+Hooshnic:V1.07,3634.12220,05157.8226,000,260703,145947,010,000,1,3,1,861292053604220"},{"data":"+Hooshnic:V1.07,3634.12180,05157.8165,000,260703,145950,010,000,1,3,1,861292053604220"},{"data":"+Hooshnic:V1.07,3634.12100,05157.8103,000,260703,145953,010,001,1,3,1,861292053604220"},{"data":"+Hooshnic:V1.07,3634.12070,05157.8039,000,260703,145956,012,000,1,3,1,861292053604220"},{"data":"+Hooshnic:V1.07,3634.12030,05157.7993,000,260703,145958,014,000,1,3,1,861292053604220"},{}]....................................................................ADDRESS_LOCATION = 589824AT+CIPSTART="TCP","api.hooshnics.com",80
AT+CIPSEND=1701
POST /api/gps/reports HTTP/1.1
Host: api.hooshnics.com
Content-Type: application/json
Content-Length: 1588

[{"data":"+Hooshnic:V1.07,3634.14480,05157.9100,000,260703,145830,008,000,1,3,1,861292053604220"},{"data":"+Hooshnic:V1.07,3634.14370,05157.9068,000,260703,145833,006,000,1,3,1,861292053604220"},{"data":"+Hooshnic:V1.07,3634.14200,05157.9035,000,260703,145836,006,002,1,3,1,861292053604220"},{"data":"+Hooshnic:V1.07,3634.14070,05157.8997,000,260703,145839,006,000,1,3,1,861292053604220"},{"data":"+Hooshnic:V1.07,3634.13930,05157.8952,000,260703,145842,010,000,1,3,1,861292053604220"},{"data":"+Hooshnic:V1.07,3634.13860,05157.8918,000,260703,145844,008,003,1,3,1,861292053604220"},{"data":"+Hooshnic:V1.07,3634.13780,05157.8891,000,260703,145847,002,000,1,3,1,861292053604220"},{"data":"+Hooshnic:V1.07,3634.13710,05157.8864,000,260703,145850,006,000,1,3,1,861292053604220"},{"data":"+Hooshnic:V1.07,3634.13590,05157.8817,000,260703,145853,004,000,1,3,1,861292053604220"},{"data":"+Hooshnic:V1.07,3634.13540,05157.8807,000,260703,145856,000,000,1,3,1,861292053604220"},{"data":"+Hooshnic:V1.07,3634.13540,05157.8805,000,260703,145859,000,000,1,3,1,861292053604220"},{"data":"+Hooshnic:V1.07,3634.13540,05157.8805,000,260703,145902,000,000,1,3,1,861292053604220"},{"data":"+Hooshnic:V1.07,3634.13540,05157.8805,000,260703,145904,000,000,1,3,1,861292053604220"},{"data":"+Hooshnic:V1.07,3634.13450,05157.8785,000,260703,145907,006,000,1,3,1,861292053604220"},{"data":"+Hooshnic:V1.07,3634.13320,05157.8730,000,260703,145910,008,002,1,3,1,861292053604220"},{"data":"+Hooshnic:V1.07,3634.13210,05157.8688,000,260703,145913,006,000,1,3,1,861292053604220"},{}]....................................................................ADDRESS_LOCATION = 585728AT+CIPSTART="TCP","api.hooshnics.com",80
AT+CIPSEND=1701
POST /api/gps/reports HTTP/1.1
Host: api.hooshnics.com
Content-Type: application/json
Content-Length: 1588

[{"data":"+Hooshnic:V1.07,3634.27790,05158.2347,000,260703,145736,058,000,1,3,1,861292053604220"},{"data":"+Hooshnic:V1.07,3634.26800,05158.2048,000,260703,145739,064,000,1,3,1,861292053604220"},{"data":"+Hooshnic:V1.07,3634.25590,05158.1730,000,260703,145742,068,002,1,3,1,861292053604220"},{"data":"+Hooshnic:V1.07,3634.24320,05158.1408,000,260703,145745,070,000,1,3,1,861292053604220"},{"data":"+Hooshnic:V1.07,3634.23000,05158.1088,000,260703,145748,070,000,1,3,1,861292053604220"},{"data":"+Hooshnic:V1.07,3634.21740,05158.0778,000,260703,145751,066,001,1,3,1,861292053604220"},{"data":"+Hooshnic:V1.07,3634.20440,05158.0468,000,260703,145754,064,000,1,3,1,861292053604220"},{"data":"+Hooshnic:V1.07,3634.19630,05158.0283,000,260703,145756,058,000,1,3,1,861292053604220"},{"data":"+Hooshnic:V1.07,3634.18710,05158.0056,000,260703,145759,036,002,1,3,1,861292053604220"},{"data":"+Hooshnic:V1.07,3634.18180,05157.9917,000,260703,145802,028,000,1,3,1,861292053604220"},{"data":"+Hooshnic:V1.07,3634.17620,05157.9779,000,260703,145805,028,000,1,3,1,861292053604220"},{"data":"+Hooshnic:V1.07,3634.17110,05157.9664,000,260703,145808,026,004,1,3,1,861292053604220"},{"data":"+Hooshnic:V1.07,3634.16560,05157.9549,000,260703,145811,020,000,1,3,1,861292053604220"},{"data":"+Hooshnic:V1.07,3634.15100,05157.9234,000,260703,145822,014,000,1,3,1,861292053604220"},{"data":"+Hooshnic:V1.07,3634.14820,05157.9181,000,260703,145825,014,000,1,3,1,861292053604220"},{"data":"+Hooshnic:V1.07,3634.14650,05157.9144,000,260703,145827,010,001,1,3,1,861292053604220"},{}]....................................................................ADDRESS_LOCATION = 581632AT+CIPSTART="TCP","api.hooshnics.com",80
AT+CIPSEND=1701
POST /api/gps/reports HTTP/1.1
Host: api.hooshnics.com
Content-Type: application/json
Content-Length: 1588

[{"data":"+Hooshnic:V1.07,3634.32690,05158.7679,000,260703,145651,072,002,1,3,1,861292053604220"},{"data":"+Hooshnic:V1.07,3634.32430,05158.7311,000,260703,145654,072,000,1,3,1,861292053604220"},{"data":"+Hooshnic:V1.07,3634.32200,05158.6944,000,260703,145657,072,000,1,3,1,861292053604220"},{"data":"+Hooshnic:V1.07,3634.31920,05158.6551,000,260703,145700,076,001,1,3,1,861292053604220"},{"data":"+Hooshnic:V1.07,3634.31670,05158.6278,000,260703,145702,080,000,1,3,1,861292053604220"},{"data":"+Hooshnic:V1.07,3634.31110,05158.5861,000,260703,145705,082,000,1,3,1,861292053604220"},{"data":"+Hooshnic:V1.07,3634.30600,05158.5457,000,260703,145708,076,001,1,3,1,861292053604220"},{"data":"+Hooshnic:V1.07,3634.30280,05158.5050,000,260703,145711,078,000,1,3,1,861292053604220"},{"data":"+Hooshnic:V1.07,3634.29870,05158.4646,000,260703,145714,076,000,1,3,1,861292053604220"},{"data":"+Hooshnic:V1.07,3634.29510,05158.4254,000,260703,145717,074,000,1,3,1,861292053604220"},{"data":"+Hooshnic:V1.07,3634.29140,05158.3879,000,260703,145720,066,000,1,3,1,861292053604220"},{"data":"+Hooshnic:V1.07,3634.28940,05158.3663,000,260703,145722,060,000,1,3,1,861292053604220"},{"data":"+Hooshnic:V1.07,3634.28670,05158.3358,000,260703,145725,060,001,1,3,1,861292053604220"},{"data":"+Hooshnic:V1.07,3634.28570,05158.3075,000,260703,145728,052,000,1,3,1,861292053604220"},{"data":"+Hooshnic:V1.07,3634.28770,05158.2803,000,260703,145731,052,000,1,3,1,861292053604220"},{"data":"+Hooshnic:V1.07,3634.28380,05158.2530,000,260703,145734,056,014,1,3,1,861292053604220"},{}]....................................................................ADDRESS_LOCATION = 577536AT+CIPSTART="TCP","api.hooshnics.com",80
AT+CIPSEND=1701
POST /api/gps/reports HTTP/1.1
Host: api.hooshnics.com
Content-Type: application/json
Content-Length: 1588

[{"data":"+Hooshnic:V1.07,3634.38060,05159.2858,000,260703,145606,052,000,1,3,1,861292053604220"},{"data":"+Hooshnic:V1.07,3634.37840,05159.2672,000,260703,145608,048,000,1,3,1,861292053604220"},{"data":"+Hooshnic:V1.07,3634.37460,05159.2355,000,260703,145611,064,000,1,3,1,861292053604220"},{"data":"+Hooshnic:V1.07,3634.37080,05159.1999,000,260703,145614,072,000,1,3,1,861292053604220"},{"data":"+Hooshnic:V1.07,3634.36670,05159.1603,000,260703,145617,078,000,1,3,1,861292053604220"},{"data":"+Hooshnic:V1.07,3634.36250,05159.1187,000,260703,145620,082,000,1,3,1,861292053604220"},{"data":"+Hooshnic:V1.07,3634.35820,05159.0760,000,260703,145623,082,000,1,3,1,861292053604220"},{"data":"+Hooshnic:V1.07,3634.35400,05159.0355,000,260703,145626,070,000,1,3,1,861292053604220"},{"data":"+Hooshnic:V1.07,3634.35190,05159.0137,000,260703,145628,052,000,1,3,1,861292053604220"},{"data":"+Hooshnic:V1.07,3634.34910,05158.9862,000,260703,145631,054,000,1,3,1,861292053604220"},{"data":"+Hooshnic:V1.07,3634.34620,05158.9558,000,260703,145634,064,000,1,3,1,861292053604220"},{"data":"+Hooshnic:V1.07,3634.34290,05158.9220,000,260703,145637,066,000,1,3,1,861292053604220"},{"data":"+Hooshnic:V1.07,3634.33970,05158.8911,000,260703,145640,054,000,1,3,1,861292053604220"},{"data":"+Hooshnic:V1.07,3634.33640,05158.8615,000,260703,145643,060,000,1,3,1,861292053604220"},{"data":"+Hooshnic:V1.07,3634.33400,05158.8398,000,260703,145645,066,000,1,3,1,861292053604220"},{"data":"+Hooshnic:V1.07,3634.33050,05158.8045,000,260703,145648,070,000,1,3,1,861292053604220"},{}]....................................................................ADDRESS_LOCATION = 573440AT+CIPSTART="TCP","api.hooshnics.com",80
AT+CIPSEND=1701
POST /api/gps/reports HTTP/1.1
Host: api.hooshnics.com
Content-Type: application/json
Content-Length: 1588

[{"data":"+Hooshnic:V1.07,3634.45220,05159.8402,000,260703,145512,022,000,1,3,1,861292053604220"},{"data":"+Hooshnic:V1.07,3634.45050,05159.8243,000,260703,145515,032,000,1,3,1,861292053604220"},{"data":"+Hooshnic:V1.07,3634.44690,05159.8031,000,260703,145518,042,000,1,3,1,861292053604220"},{"data":"+Hooshnic:V1.07,3634.44380,05159.7872,000,260703,145520,048,000,1,3,1,861292053604220"},{"data":"+Hooshnic:V1.07,3634.44000,05159.7597,000,260703,145523,056,000,1,3,1,861292053604220"},{"data":"+Hooshnic:V1.07,3634.43600,05159.7273,000,260703,145526,064,000,1,3,1,861292053604220"},{"data":"+Hooshnic:V1.07,3634.43170,05159.6911,000,260703,145529,072,000,1,3,1,861292053604220"},{"data":"+Hooshnic:V1.07,3634.42630,05159.6515,000,260703,145532,080,001,1,3,1,861292053604220"},{"data":"+Hooshnic:V1.07,3634.42110,05159.6106,000,260703,145535,078,000,1,3,1,861292053604220"},{"data":"+Hooshnic:V1.07,3634.41620,05159.5700,000,260703,145538,076,000,1,3,1,861292053604220"},{"data":"+Hooshnic:V1.07,3634.41290,05159.5442,000,260703,145540,072,000,1,3,1,861292053604220"},{"data":"+Hooshnic:V1.07,3634.40930,05159.5118,000,260703,145543,050,000,1,3,1,861292053604220"},{"data":"+Hooshnic:V1.07,3634.40130,05159.4133,000,260703,145554,060,000,1,3,1,861292053604220"},{"data":"+Hooshnic:V1.07,3634.39470,05159.3812,000,260703,145557,064,000,1,3,1,861292053604220"},{"data":"+Hooshnic:V1.07,3634.38880,05159.3475,000,260703,145600,068,002,1,3,1,861292053604220"},{"data":"+Hooshnic:V1.07,3634.38420,05159.3137,000,260703,145603,060,000,1,3,1,861292053604220"},{}]....................................................................ADDRESS_LOCATION = 569344AT+CIPSTART="TCP","api.hooshnics.com",80
AT+CIPSEND=1701
POST /api/gps/reports HTTP/1.1
Host: api.hooshnics.com
Content-Type: application/json
Content-Length: 1588

[{"data":"+Hooshnic:V1.07,3634.45490,05159.8618,000,260703,145426,000,000,1,3,1,861292053604220"},{"data":"+Hooshnic:V1.07,3634.45490,05159.8618,000,260703,145429,000,000,1,3,1,861292053604220"},{"data":"+Hooshnic:V1.07,3634.45490,05159.8618,000,260703,145432,000,000,1,3,1,861292053604220"},{"data":"+Hooshnic:V1.07,3634.45490,05159.8618,000,260703,145435,000,000,1,3,1,861292053604220"},{"data":"+Hooshnic:V1.07,3634.45490,05159.8618,000,260703,145438,000,000,1,3,1,861292053604220"},{"data":"+Hooshnic:V1.07,3634.45490,05159.8618,000,260703,145441,000,000,1,3,1,861292053604220"},{"data":"+Hooshnic:V1.07,3634.45490,05159.8618,000,260703,145443,000,000,1,3,1,861292053604220"},{"data":"+Hooshnic:V1.07,3634.45490,05159.8618,000,260703,145446,000,000,1,3,1,861292053604220"},{"data":"+Hooshnic:V1.07,3634.45490,05159.8618,000,260703,145449,000,000,1,3,1,861292053604220"},{"data":"+Hooshnic:V1.07,3634.45490,05159.8618,000,260703,145452,000,000,1,3,1,861292053604220"},{"data":"+Hooshnic:V1.07,3634.45490,05159.8618,000,260703,145455,000,000,1,3,1,861292053604220"},{"data":"+Hooshnic:V1.07,3634.45490,05159.8618,000,260703,145458,000,000,1,3,1,861292053604220"},{"data":"+Hooshnic:V1.07,3634.45490,05159.8618,000,260703,145500,000,000,1,3,1,861292053604220"},{"data":"+Hooshnic:V1.07,3634.45440,05159.8562,000,260703,145503,018,000,1,3,1,861292053604220"},{"data":"+Hooshnic:V1.07,3634.45350,05159.8501,000,260703,145506,000,000,1,3,1,861292053604220"},{"data":"+Hooshnic:V1.07,3634.45320,05159.8490,000,260703,145509,000,000,1,3,1,861292053604220"},{}]....................................................................ADDRESS_LOCATION = 565248AT+CIPSTART="TCP","api.hooshnics.com",80
AT+CIPSEND=1701
POST /api/gps/reports HTTP/1.1
Host: api.hooshnics.com
Content-Type: application/json
Content-Length: 1588

[{"data":"+Hooshnic:V1.07,3634.49030,05200.1076,000,260703,145341,028,010,1,3,1,861292053604220"},{"data":"+Hooshnic:V1.07,3634.48370,05200.1044,000,260703,145344,006,000,1,3,1,861292053604220"},{"data":"+Hooshnic:V1.07,3634.48360,05200.1011,000,260703,145347,008,000,1,3,1,861292053604220"},{"data":"+Hooshnic:V1.07,3634.48310,05200.0922,000,260703,145350,026,007,1,3,1,861292053604220"},{"data":"+Hooshnic:V1.07,3634.48160,05200.0821,000,260703,145352,032,000,1,3,1,861292053604220"},{"data":"+Hooshnic:V1.07,3634.47860,05200.0620,000,260703,145355,044,000,1,3,1,861292053604220"},{"data":"+Hooshnic:V1.07,3634.47430,05200.0350,000,260703,145358,054,001,1,3,1,861292053604220"},{"data":"+Hooshnic:V1.07,3634.47190,05200.0081,000,260703,145401,046,000,1,3,1,861292053604220"},{"data":"+Hooshnic:V1.07,3634.46940,05159.9826,000,260703,145404,050,000,1,3,1,861292053604220"},{"data":"+Hooshnic:V1.07,3634.46570,05159.9537,000,260703,145407,058,001,1,3,1,861292053604220"},{"data":"+Hooshnic:V1.07,3634.46180,05159.9233,000,260703,145410,060,000,1,3,1,861292053604220"},{"data":"+Hooshnic:V1.07,3634.45830,05159.9023,000,260703,145412,058,000,1,3,1,861292053604220"},{"data":"+Hooshnic:V1.07,3634.45420,05159.8746,000,260703,145415,042,005,1,3,1,861292053604220"},{"data":"+Hooshnic:V1.07,3634.45420,05159.8614,000,260703,145418,008,000,1,3,1,861292053604220"},{"data":"+Hooshnic:V1.07,3634.45460,05159.8613,000,260703,145421,000,000,1,3,1,861292053604220"},{"data":"+Hooshnic:V1.07,3634.45490,05159.8618,000,260703,145424,000,000,1,3,1,861292053604220"},{}]....................................................................ADDRESS_LOCATION = 561152AT+CIPSTART="TCP","api.hooshnics.com",80
AT+CIPSEND=1701
POST /api/gps/reports HTTP/1.1
Host: api.hooshnics.com
Content-Type: application/json
Content-Length: 1588

[{"data":"+Hooshnic:V1.07,3634.65670,05200.2956,000,260703,145247,046,001,1,3,1,861292053604220"},{"data":"+Hooshnic:V1.07,3634.65310,05200.2693,000,260703,145250,054,000,1,3,1,861292053604220"},{"data":"+Hooshnic:V1.07,3634.65020,05200.2407,000,260703,145253,052,000,1,3,1,861292053604220"},{"data":"+Hooshnic:V1.07,3634.64800,05200.2216,000,260703,145256,022,000,1,3,1,861292053604220"},{"data":"+Hooshnic:V1.07,3634.64680,05200.2122,000,260703,145259,020,000,1,3,1,861292053604220"},{"data":"+Hooshnic:V1.07,3634.64580,05200.2031,000,260703,145301,030,000,1,3,1,861292053604220"},{"data":"+Hooshnic:V1.07,3634.64430,05200.1836,000,260703,145304,044,001,1,3,1,861292053604220"},{"data":"+Hooshnic:V1.07,3634.64130,05200.1581,000,260703,145307,052,000,1,3,1,861292053604220"},{"data":"+Hooshnic:V1.07,3634.63900,05200.1299,000,260703,145310,052,000,1,3,1,861292053604220"},{"data":"+Hooshnic:V1.07,3634.63650,05200.1041,000,260703,145313,046,002,1,3,1,861292053604220"},{"data":"+Hooshnic:V1.07,3634.63210,05200.0852,000,260703,145316,030,000,1,3,1,861292053604220"},{"data":"+Hooshnic:V1.07,3634.57420,05200.0899,000,260703,145327,042,000,1,3,1,861292053604220"},{"data":"+Hooshnic:V1.07,3634.55530,05200.0947,000,260703,145330,044,000,1,3,1,861292053604220"},{"data":"+Hooshnic:V1.07,3634.53640,05200.0989,000,260703,145333,046,001,1,3,1,861292053604220"},{"data":"+Hooshnic:V1.07,3634.51660,05200.1036,000,260703,145336,046,000,1,3,1,861292053604220"},{"data":"+Hooshnic:V1.07,3634.50450,05200.1063,000,260703,145338,040,000,1,3,1,861292053604220"},{}]....................................................................ADDRESS_LOCATION = 557056AT+CIPSTART="TCP","api.hooshnics.com",80
AT+CIPSEND=1701
POST /api/gps/reports HTTP/1.1
Host: api.hooshnics.com
Content-Type: application/json
Content-Length: 1588

[{"data":"+Hooshnic:V1.07,3634.70530,05200.5961,000,260703,145202,044,000,1,3,1,861292053604220"},{"data":"+Hooshnic:V1.07,3634.70210,05200.5722,000,260703,145205,046,003,1,3,1,861292053604220"},{"data":"+Hooshnic:V1.07,3634.69440,05200.5501,000,260703,145208,044,000,1,3,1,861292053604220"},{"data":"+Hooshnic:V1.07,3634.68760,05200.5366,000,260703,145210,044,000,1,3,1,861292053604220"},{"data":"+Hooshnic:V1.07,3634.68190,05200.5119,000,260703,145213,052,006,1,3,1,861292053604220"},{"data":"+Hooshnic:V1.07,3634.67890,05200.4869,000,260703,145216,038,000,1,3,1,861292053604220"},{"data":"+Hooshnic:V1.07,3634.67710,05200.4752,000,260703,145219,018,000,1,3,1,861292053604220"},{"data":"+Hooshnic:V1.07,3634.67600,05200.4620,000,260703,145222,030,001,1,3,1,861292053604220"},{"data":"+Hooshnic:V1.07,3634.67380,05200.4434,000,260703,145225,038,000,1,3,1,861292053604220"},{"data":"+Hooshnic:V1.07,3634.67080,05200.4259,000,260703,145228,026,000,1,3,1,861292053604220"},{"data":"+Hooshnic:V1.07,3634.66960,05200.4179,000,260703,145230,022,000,1,3,1,861292053604220"},{"data":"+Hooshnic:V1.07,3634.66760,05200.4018,000,260703,145233,038,000,1,3,1,861292053604220"},{"data":"+Hooshnic:V1.07,3634.66550,05200.3796,000,260703,145236,044,000,1,3,1,861292053604220"},{"data":"+Hooshnic:V1.07,3634.66330,05200.3548,000,260703,145239,046,001,1,3,1,861292053604220"},{"data":"+Hooshnic:V1.07,3634.66200,05200.3318,000,260703,145242,040,000,1,3,1,861292053604220"},{"data":"+Hooshnic:V1.07,3634.65950,05200.3108,000,260703,145245,042,000,1,3,1,861292053604220"},{}]....................................................................ADDRESS_LOCATION = 552960AT+CIPSTART="TCP","api.hooshnics.com",80
AT+CIPSEND=1701
POST /api/gps/reports HTTP/1.1
Host: api.hooshnics.com
Content-Type: application/json
Content-Length: 1588

[{"data":"+Hooshnic:V1.07,3634.73170,05200.7981,000,260703,145117,044,000,1,3,1,861292053604220"},{"data":"+Hooshnic:V1.07,3634.72900,05200.7838,000,260703,145119,040,000,1,3,1,861292053604220"},{"data":"+Hooshnic:V1.07,3634.72690,05200.7700,000,260703,145122,014,003,1,3,1,861292053604220"},{"data":"+Hooshnic:V1.07,3634.72570,05200.7626,000,260703,145125,020,000,1,3,1,861292053604220"},{"data":"+Hooshnic:V1.07,3634.72440,05200.7538,000,260703,145128,010,000,1,3,1,861292053604220"},{"data":"+Hooshnic:V1.07,3634.72370,05200.7469,000,260703,145131,018,001,1,3,1,861292053604220"},{"data":"+Hooshnic:V1.07,3634.72240,05200.7321,000,260703,145134,034,000,1,3,1,861292053604220"},{"data":"+Hooshnic:V1.07,3634.72080,05200.7201,000,260703,145136,032,000,1,3,1,861292053604220"},{"data":"+Hooshnic:V1.07,3634.71880,05200.7058,000,260703,145139,024,001,1,3,1,861292053604220"},{"data":"+Hooshnic:V1.07,3634.71760,05200.6949,000,260703,145142,018,000,1,3,1,861292053604220"},{"data":"+Hooshnic:V1.07,3634.71620,05200.6845,000,260703,145145,022,000,1,3,1,861292053604220"},{"data":"+Hooshnic:V1.07,3634.71430,05200.6710,000,260703,145148,024,003,1,3,1,861292053604220"},{"data":"+Hooshnic:V1.07,3634.71290,05200.6640,000,260703,145151,010,000,1,3,1,861292053604220"},{"data":"+Hooshnic:V1.07,3634.71220,05200.6586,000,260703,145153,020,000,1,3,1,861292053604220"},{"data":"+Hooshnic:V1.07,3634.71070,05200.6430,000,260703,145156,036,001,1,3,1,861292053604220"},{"data":"+Hooshnic:V1.07,3634.70830,05200.6206,000,260703,145159,046,000,1,3,1,861292053604220"},{}]....................................................................ADDRESS_LOCATION = 548864AT+CIPSTART="TCP","api.hooshnics.com",80
AT+CIPSEND=1701
POST /api/gps/reports HTTP/1.1
Host: api.hooshnics.com
Content-Type: application/json
Content-Length: 1588

[{"data":"+Hooshnic:V1.07,3634.65840,05200.9674,000,260703,145023,036,000,1,3,1,861292053604220"},{"data":"+Hooshnic:V1.07,3634.67460,05200.9729,000,260703,145026,042,000,1,3,1,861292053604220"},{"data":"+Hooshnic:V1.07,3634.68590,05200.9794,000,260703,145028,044,001,1,3,1,861292053604220"},{"data":"+Hooshnic:V1.07,3634.70500,05200.9893,000,260703,145031,050,000,1,3,1,861292053604220"},{"data":"+Hooshnic:V1.07,3634.72500,05201.0006,000,260703,145034,050,000,1,3,1,861292053604220"},{"data":"+Hooshnic:V1.07,3634.74320,05201.0136,000,260703,145037,044,002,1,3,1,861292053604220"},{"data":"+Hooshnic:V1.07,3634.75540,05201.0243,000,260703,145040,028,000,1,3,1,861292053604220"},{"data":"+Hooshnic:V1.07,3634.76430,05201.0257,000,260703,145043,012,000,1,3,1,861292053604220"},{"data":"+Hooshnic:V1.07,3634.76600,05201.0212,000,260703,145045,016,035,1,3,1,861292053604220"},{"data":"+Hooshnic:V1.07,3634.76450,05201.0089,000,260703,145048,028,000,1,3,1,861292053604220"},{"data":"+Hooshnic:V1.07,3634.75270,05200.9306,000,260703,145059,034,000,1,3,1,861292053604220"},{"data":"+Hooshnic:V1.07,3634.75050,05200.9157,000,260703,145102,030,000,1,3,1,861292053604220"},{"data":"+Hooshnic:V1.07,3634.74740,05200.8980,000,260703,145105,038,000,1,3,1,861292053604220"},{"data":"+Hooshnic:V1.07,3634.74370,05200.8759,000,260703,145108,048,000,1,3,1,861292053604220"},{"data":"+Hooshnic:V1.07,3634.74020,05200.8501,000,260703,145111,050,000,1,3,1,861292053604220"},{"data":"+Hooshnic:V1.07,3634.73610,05200.8236,000,260703,145114,050,000,1,3,1,861292053604220"},{}]....................................................................ADDRESS_LOCATION = 544768AT+CIPSTART="TCP","api.hooshnics.com",80
AT+CIPSEND=1701
POST /api/gps/reports HTTP/1.1
Host: api.hooshnics.com
Content-Type: application/json
Content-Length: 1588

[{"data":"+Hooshnic:V1.07,3634.69650,05201.3048,000,260703,144937,068,002,1,3,1,861292053604220"},{"data":"+Hooshnic:V1.07,3634.68830,05201.2708,000,260703,144940,068,000,1,3,1,861292053604220"},{"data":"+Hooshnic:V1.07,3634.68000,05201.2365,000,260703,144943,070,000,1,3,1,861292053604220"},{"data":"+Hooshnic:V1.07,3634.67170,05201.2033,000,260703,144946,064,001,1,3,1,861292053604220"},{"data":"+Hooshnic:V1.07,3634.66450,05201.1758,000,260703,144949,044,000,1,3,1,861292053604220"},{"data":"+Hooshnic:V1.07,3634.65820,05201.1553,000,260703,144952,044,000,1,3,1,861292053604220"},{"data":"+Hooshnic:V1.07,3634.65290,05201.1296,000,260703,144955,056,001,1,3,1,861292053604220"},{"data":"+Hooshnic:V1.07,3634.64890,05201.1098,000,260703,144957,062,000,1,3,1,861292053604220"},{"data":"+Hooshnic:V1.07,3634.64180,05201.0786,000,260703,145000,064,000,1,3,1,861292053604220"},{"data":"+Hooshnic:V1.07,3634.63450,05201.0483,000,260703,145003,062,001,1,3,1,861292053604220"},{"data":"+Hooshnic:V1.07,3634.62750,05201.0180,000,260703,145006,060,000,1,3,1,861292053604220"},{"data":"+Hooshnic:V1.07,3634.62220,05200.9926,000,260703,145009,036,000,1,3,1,861292053604220"},{"data":"+Hooshnic:V1.07,3634.62130,05200.9842,000,260703,145011,016,008,1,3,1,861292053604220"},{"data":"+Hooshnic:V1.07,3634.62340,05200.9773,000,260703,145014,014,000,1,3,1,861292053604220"},{"data":"+Hooshnic:V1.07,3634.63130,05200.9734,000,260703,145017,026,000,1,3,1,861292053604220"},{"data":"+Hooshnic:V1.07,3634.64390,05200.9701,000,260703,145020,034,000,1,3,1,861292053604220"},{}]....................................................................ADDRESS_LOCATION = 540672AT+CIPSTART="TCP","api.hooshnics.com",80
AT+CIPSEND=1701
POST /api/gps/reports HTTP/1.1
Host: api.hooshnics.com
Content-Type: application/json
Content-Length: 1588

[{"data":"+Hooshnic:V1.07,3634.80970,05201.8481,000,260703,144852,072,000,1,3,1,861292053604220"},{"data":"+Hooshnic:V1.07,3634.80170,05201.8101,000,260703,144855,076,001,1,3,1,861292053604220"},{"data":"+Hooshnic:V1.07,3634.79420,05201.7713,000,260703,144858,076,000,1,3,1,861292053604220"},{"data":"+Hooshnic:V1.07,3634.78630,05201.7324,000,260703,144901,076,000,1,3,1,861292053604220"},{"data":"+Hooshnic:V1.07,3634.78090,05201.7072,000,260703,144903,074,001,1,3,1,861292053604220"},{"data":"+Hooshnic:V1.07,3634.77260,05201.6713,000,260703,144906,070,000,1,3,1,861292053604220"},{"data":"+Hooshnic:V1.07,3634.76500,05201.6392,000,260703,144909,066,000,1,3,1,861292053604220"},{"data":"+Hooshnic:V1.07,3634.75660,05201.6042,000,260703,144912,074,000,1,3,1,861292053604220"},{"data":"+Hooshnic:V1.07,3634.74830,05201.5660,000,260703,144915,078,000,1,3,1,861292053604220"},{"data":"+Hooshnic:V1.07,3634.74330,05201.5388,000,260703,144917,080,000,1,3,1,861292053604220"},{"data":"+Hooshnic:V1.07,3634.73640,05201.4982,000,260703,144920,078,000,1,3,1,861292053604220"},{"data":"+Hooshnic:V1.07,3634.72970,05201.4577,000,260703,144923,078,000,1,3,1,861292053604220"},{"data":"+Hooshnic:V1.07,3634.72320,05201.4206,000,260703,144926,066,000,1,3,1,861292053604220"},{"data":"+Hooshnic:V1.07,3634.71680,05201.3906,000,260703,144929,056,001,1,3,1,861292053604220"},{"data":"+Hooshnic:V1.07,3634.71060,05201.3603,000,260703,144932,064,000,1,3,1,861292053604220"},{"data":"+Hooshnic:V1.07,3634.70230,05201.3270,000,260703,144935,068,000,1,3,1,861292053604220"},{}]....................................................................ADDRESS_LOCATION = 536576AT+CIPSTART="TCP","api.hooshnics.com",80
AT+CIPSEND=1701
POST /api/gps/reports HTTP/1.1
Host: api.hooshnics.com
Content-Type: application/json
Content-Length: 1588

[{"data":"+Hooshnic:V1.07,3634.88980,05202.2965,000,260703,144758,060,000,1,3,1,861292053604220"},{"data":"+Hooshnic:V1.07,3634.88470,05202.2677,000,260703,144801,054,001,1,3,1,861292053604220"},{"data":"+Hooshnic:V1.07,3634.87980,05202.2423,000,260703,144804,048,000,1,3,1,861292053604220"},{"data":"+Hooshnic:V1.07,3634.87560,05202.2189,000,260703,144807,044,000,1,3,1,861292053604220"},{"data":"+Hooshnic:V1.07,3634.87290,05202.1988,000,260703,144810,036,000,1,3,1,861292053604220"},{"data":"+Hooshnic:V1.07,3634.87100,05202.1858,000,260703,144812,040,000,1,3,1,861292053604220"},{"data":"+Hooshnic:V1.07,3634.86780,05202.1643,000,260703,144815,044,000,1,3,1,861292053604220"},{"data":"+Hooshnic:V1.07,3634.86440,05202.1426,000,260703,144818,040,000,1,3,1,861292053604220"},{"data":"+Hooshnic:V1.07,3634.86050,05202.1220,000,260703,144821,040,000,1,3,1,861292053604220"},{"data":"+Hooshnic:V1.07,3634.84260,05202.0227,000,260703,144832,054,000,1,3,1,861292053604220"},{"data":"+Hooshnic:V1.07,3634.83780,05201.9969,000,260703,144835,044,000,1,3,1,861292053604220"},{"data":"+Hooshnic:V1.07,3634.83420,05201.9783,000,260703,144838,034,001,1,3,1,861292053604220"},{"data":"+Hooshnic:V1.07,3634.83000,05201.9574,000,260703,144841,044,000,1,3,1,861292053604220"},{"data":"+Hooshnic:V1.07,3634.82750,05201.9320,000,260703,144844,052,000,1,3,1,861292053604220"},{"data":"+Hooshnic:V1.07,3634.82370,05201.9133,000,260703,144846,056,002,1,3,1,861292053604220"},{"data":"+Hooshnic:V1.07,3634.81700,05201.8829,000,260703,144849,064,000,1,3,1,861292053604220"},{}]....................................................................ADDRESS_LOCATION = 532480AT+CIPSTART="TCP","api.hooshnics.com",80
AT+CIPSEND=1701
POST /api/gps/reports HTTP/1.1
Host: api.hooshnics.com
Content-Type: application/json
Content-Length: 1588

[{"data":"+Hooshnic:V1.07,3634.96960,05202.8926,000,260703,144713,050,000,1,3,1,861292053604220"},{"data":"+Hooshnic:V1.07,3634.96470,05202.8641,000,260703,144716,060,000,1,3,1,861292053604220"},{"data":"+Hooshnic:V1.07,3634.95960,05202.8313,000,260703,144719,068,000,1,3,1,861292053604220"},{"data":"+Hooshnic:V1.07,3634.95590,05202.8074,000,260703,144721,072,000,1,3,1,861292053604220"},{"data":"+Hooshnic:V1.07,3634.95010,05202.7683,000,260703,144724,080,000,1,3,1,861292053604220"},{"data":"+Hooshnic:V1.07,3634.94320,05202.7265,000,260703,144727,084,000,1,3,1,861292053604220"},{"data":"+Hooshnic:V1.07,3634.93550,05202.6838,000,260703,144730,084,000,1,3,1,861292053604220"},{"data":"+Hooshnic:V1.07,3634.92780,05202.6409,000,260703,144733,084,000,1,3,1,861292053604220"},{"data":"+Hooshnic:V1.07,3634.92300,05202.6116,000,260703,144735,086,000,1,3,1,861292053604220"},{"data":"+Hooshnic:V1.07,3634.91680,05202.5671,000,260703,144738,086,000,1,3,1,861292053604220"},{"data":"+Hooshnic:V1.07,3634.91250,05202.5235,000,260703,144741,082,000,1,3,1,861292053604220"},{"data":"+Hooshnic:V1.07,3634.90960,05202.4813,000,260703,144744,080,001,1,3,1,861292053604220"},{"data":"+Hooshnic:V1.07,3634.90720,05202.4383,000,260703,144747,084,000,1,3,1,861292053604220"},{"data":"+Hooshnic:V1.07,3634.90280,05202.3960,000,260703,144750,078,000,1,3,1,861292053604220"},{"data":"+Hooshnic:V1.07,3634.89910,05202.3695,000,260703,144752,076,001,1,3,1,861292053604220"},{"data":"+Hooshnic:V1.07,3634.89470,05202.3312,000,260703,144755,072,000,1,3,1,861292053604220"},{}]....................................................................ADDRESS_LOCATION = 528384AT+CIPSTART="TCP","api.hooshnics.com",80
AT+CIPSEND=1701
POST /api/gps/reports HTTP/1.1
Host: api.hooshnics.com
Content-Type: application/json
Content-Length: 1588

[{"data":"+Hooshnic:V1.07,3635.05740,05203.4145,000,260703,144627,058,001,1,3,1,861292053604220"},{"data":"+Hooshnic:V1.07,3635.05470,05203.3869,000,260703,144630,050,000,1,3,1,861292053604220"},{"data":"+Hooshnic:V1.07,3635.05140,05203.3599,000,260703,144633,056,000,1,3,1,861292053604220"},{"data":"+Hooshnic:V1.07,3635.04510,05203.3300,000,260703,144636,062,003,1,3,1,861292053604220"},{"data":"+Hooshnic:V1.07,3635.03750,05203.2968,000,260703,144639,070,000,1,3,1,861292053604220"},{"data":"+Hooshnic:V1.07,3635.03140,05203.2589,000,260703,144642,074,000,1,3,1,861292053604220"},{"data":"+Hooshnic:V1.07,3635.02440,05203.2184,000,260703,144645,080,000,1,3,1,861292053604220"},{"data":"+Hooshnic:V1.07,3635.01970,05203.1906,000,260703,144647,082,000,1,3,1,861292053604220"},{"data":"+Hooshnic:V1.07,3635.01240,05203.1476,000,260703,144650,084,000,1,3,1,861292053604220"},{"data":"+Hooshnic:V1.07,3635.00530,05203.1038,000,260703,144653,086,000,1,3,1,861292053604220"},{"data":"+Hooshnic:V1.07,3634.99760,05203.0595,000,260703,144656,086,000,1,3,1,861292053604220"},{"data":"+Hooshnic:V1.07,3634.99060,05203.0165,000,260703,144659,084,000,1,3,1,861292053604220"},{"data":"+Hooshnic:V1.07,3634.98620,05202.9907,000,260703,144701,070,000,1,3,1,861292053604220"},{"data":"+Hooshnic:V1.07,3634.98090,05202.9593,000,260703,144704,052,000,1,3,1,861292053604220"},{"data":"+Hooshnic:V1.07,3634.97680,05202.9357,000,260703,144707,040,000,1,3,1,861292053604220"},{"data":"+Hooshnic:V1.07,3634.97340,05202.9155,000,260703,144710,040,000,1,3,1,861292053604220"},{}]....................................................................ADDRESS_LOCATION = 524288AT+CIPSTART="TCP","api.hooshnics.com",80
AT+CIPSEND=1701
POST /api/gps/reports HTTP/1.1
Host: api.hooshnics.com
Content-Type: application/json
Content-Length: 1588

[{"data":"+Hooshnic:V1.07,3635.15860,05204.1146,000,260703,144534,062,001,1,3,1,861292053604220"},{"data":"+Hooshnic:V1.07,3635.15450,05204.0937,000,260703,144536,060,000,1,3,1,861292053604220"},{"data":"+Hooshnic:V1.07,3635.14970,05204.0635,000,260703,144539,058,000,1,3,1,861292053604220"},{"data":"+Hooshnic:V1.07,3635.14410,05204.0299,000,260703,144542,070,001,1,3,1,861292053604220"},{"data":"+Hooshnic:V1.07,3635.13700,05203.9921,000,260703,144545,076,000,1,3,1,861292053604220"},{"data":"+Hooshnic:V1.07,3635.12950,05203.9518,000,260703,144548,080,000,1,3,1,861292053604220"},{"data":"+Hooshnic:V1.07,3635.12100,05203.9106,000,260703,144551,082,001,1,3,1,861292053604220"},{"data":"+Hooshnic:V1.07,3635.11540,05203.8825,000,260703,144553,082,000,1,3,1,861292053604220"},{"data":"+Hooshnic:V1.07,3635.08560,05203.7113,000,260703,144605,084,000,1,3,1,861292053604220"},{"data":"+Hooshnic:V1.07,3635.08370,05203.6703,000,260703,144608,078,000,1,3,1,861292053604220"},{"data":"+Hooshnic:V1.07,3635.08180,05203.6429,000,260703,144610,080,000,1,3,1,861292053604220"},{"data":"+Hooshnic:V1.07,3635.07860,05203.6015,000,260703,144613,080,000,1,3,1,861292053604220"},{"data":"+Hooshnic:V1.07,3635.07400,05203.5597,000,260703,144616,082,000,1,3,1,861292053604220"},{"data":"+Hooshnic:V1.07,3635.06920,05203.5166,000,260703,144619,084,001,1,3,1,861292053604220"},{"data":"+Hooshnic:V1.07,3635.06490,05203.4741,000,260703,144622,078,000,1,3,1,861292053604220"},{"data":"+Hooshnic:V1.07,3635.06010,05203.4360,000,260703,144625,068,000,1,3,1,861292053604220"},{}]....................................................................ADDRESS_LOCATION = 520192AT+CIPSTART="TCP","api.hooshnics.com",80
AT+CIPSEND=1701
POST /api/gps/reports HTTP/1.1
Host: api.hooshnics.com
Content-Type: application/json
Content-Length: 1588

[{"data":"+Hooshnic:V1.07,3635.25520,05204.6253,000,260703,144448,066,000,1,3,1,861292053604220"},{"data":"+Hooshnic:V1.07,3635.24910,05204.5913,000,260703,144451,066,001,1,3,1,861292053604220"},{"data":"+Hooshnic:V1.07,3635.24300,05204.5575,000,260703,144454,064,000,1,3,1,861292053604220"},{"data":"+Hooshnic:V1.07,3635.23670,05204.5244,000,260703,144457,064,000,1,3,1,861292053604220"},{"data":"+Hooshnic:V1.07,3635.22960,05204.4905,000,260703,144500,068,000,1,3,1,861292053604220"},{"data":"+Hooshnic:V1.07,3635.22490,05204.4672,000,260703,144502,070,000,1,3,1,861292053604220"},{"data":"+Hooshnic:V1.07,3635.21810,05204.4304,000,260703,144505,072,000,1,3,1,861292053604220"},{"data":"+Hooshnic:V1.07,3635.21130,05204.3930,000,260703,144508,074,000,1,3,1,861292053604220"},{"data":"+Hooshnic:V1.07,3635.20440,05204.3564,000,260703,144511,072,000,1,3,1,861292053604220"},{"data":"+Hooshnic:V1.07,3635.19800,05204.3239,000,260703,144514,060,000,1,3,1,861292053604220"},{"data":"+Hooshnic:V1.07,3635.19210,05204.2942,000,260703,144517,056,000,1,3,1,861292053604220"},{"data":"+Hooshnic:V1.07,3635.18840,05204.2751,000,260703,144519,056,000,1,3,1,861292053604220"},{"data":"+Hooshnic:V1.07,3635.18250,05204.2459,000,260703,144522,056,000,1,3,1,861292053604220"},{"data":"+Hooshnic:V1.07,3635.17670,05204.2140,000,260703,144525,066,000,1,3,1,861292053604220"},{"data":"+Hooshnic:V1.07,3635.17070,05204.1814,000,260703,144528,062,000,1,3,1,861292053604220"},{"data":"+Hooshnic:V1.07,3635.16480,05204.1481,000,260703,144531,066,000,1,3,1,861292053604220"},{}]....................................................................ADDRESS_LOCATION = 516096AT+CIPSTART="TCP","api.hooshnics.com",80
AT+CIPSEND=1701
POST /api/gps/reports HTTP/1.1
Host: api.hooshnics.com
Content-Type: application/json
Content-Length: 1588

[{"data":"+Hooshnic:V1.07,3635.35310,05205.0825,000,260703,144403,066,000,1,3,1,861292053604220"},{"data":"+Hooshnic:V1.07,3635.34770,05205.0487,000,260703,144406,064,000,1,3,1,861292053604220"},{"data":"+Hooshnic:V1.07,3635.34070,05205.0166,000,260703,144409,062,001,1,3,1,861292053604220"},{"data":"+Hooshnic:V1.07,3635.33630,05204.9955,000,260703,144411,064,000,1,3,1,861292053604220"},{"data":"+Hooshnic:V1.07,3635.32910,05204.9632,000,260703,144414,066,000,1,3,1,861292053604220"},{"data":"+Hooshnic:V1.07,3635.32100,05204.9293,000,260703,144417,068,001,1,3,1,861292053604220"},{"data":"+Hooshnic:V1.07,3635.31430,05204.8978,000,260703,144420,054,000,1,3,1,861292053604220"},{"data":"+Hooshnic:V1.07,3635.30880,05204.8704,000,260703,144423,056,000,1,3,1,861292053604220"},{"data":"+Hooshnic:V1.07,3635.30330,05204.8398,000,260703,144426,062,001,1,3,1,861292053604220"},{"data":"+Hooshnic:V1.07,3635.29900,05204.8193,000,260703,144428,064,000,1,3,1,861292053604220"},{"data":"+Hooshnic:V1.07,3635.29280,05204.7939,000,260703,144431,050,000,1,3,1,861292053604220"},{"data":"+Hooshnic:V1.07,3635.28640,05204.7659,000,260703,144434,058,000,1,3,1,861292053604220"},{"data":"+Hooshnic:V1.07,3635.28010,05204.7372,000,260703,144437,060,000,1,3,1,861292053604220"},{"data":"+Hooshnic:V1.07,3635.27390,05204.7090,000,260703,144440,058,000,1,3,1,861292053604220"},{"data":"+Hooshnic:V1.07,3635.26740,05204.6790,000,260703,144443,060,001,1,3,1,861292053604220"},{"data":"+Hooshnic:V1.07,3635.26270,05204.6584,000,260703,144445,060,000,1,3,1,861292053604220"},{}]....................................................................ADDRESS_LOCATION = 512000AT+CIPSTART="TCP","api.hooshnics.com",80
AT+CIPSEND=1701
POST /api/gps/reports HTTP/1.1
Host: api.hooshnics.com
Content-Type: application/json
Content-Length: 1588

[{"data":"+Hooshnic:V1.07,3635.37820,05205.6456,000,260703,144309,058,000,1,3,1,861292053604220"},{"data":"+Hooshnic:V1.07,3635.37330,05205.6203,000,260703,144312,042,000,1,3,1,861292053604220"},{"data":"+Hooshnic:V1.07,3635.37000,05205.5977,000,260703,144315,046,002,1,3,1,861292053604220"},{"data":"+Hooshnic:V1.07,3635.36650,05205.5713,000,260703,144318,054,000,1,3,1,861292053604220"},{"data":"+Hooshnic:V1.07,3635.36390,05205.5518,000,260703,144320,056,000,1,3,1,861292053604220"},{"data":"+Hooshnic:V1.07,3635.36120,05205.5240,000,260703,144323,052,002,1,3,1,861292053604220"},{"data":"+Hooshnic:V1.07,3635.36120,05205.4949,000,260703,144326,060,000,1,3,1,861292053604220"},{"data":"+Hooshnic:V1.07,3635.38170,05205.3929,000,260703,144337,050,000,1,3,1,861292053604220"},{"data":"+Hooshnic:V1.07,3635.38390,05205.3638,000,260703,144340,060,000,1,3,1,861292053604220"},{"data":"+Hooshnic:V1.07,3635.38240,05205.3306,000,260703,144343,066,002,1,3,1,861292053604220"},{"data":"+Hooshnic:V1.07,3635.37910,05205.2958,000,260703,144346,068,000,1,3,1,861292053604220"},{"data":"+Hooshnic:V1.07,3635.37490,05205.2595,000,260703,144349,070,000,1,3,1,861292053604220"},{"data":"+Hooshnic:V1.07,3635.37180,05205.2348,000,260703,144351,072,000,1,3,1,861292053604220"},{"data":"+Hooshnic:V1.07,3635.36710,05205.1966,000,260703,144354,074,000,1,3,1,861292053604220"},{"data":"+Hooshnic:V1.07,3635.36210,05205.1570,000,260703,144357,078,000,1,3,1,861292053604220"},{"data":"+Hooshnic:V1.07,3635.35700,05205.1180,000,260703,144400,072,000,1,3,1,861292053604220"},{}]....................................................................ADDRESS_LOCATION = 507904AT+CIPSTART="TCP","api.hooshnics.com",80
AT+CIPSEND=1701
POST /api/gps/reports HTTP/1.1
Host: api.hooshnics.com
Content-Type: application/json
Content-Length: 1588

[{"data":"+Hooshnic:V1.07,3635.50670,05206.1748,000,260703,144223,068,001,1,3,1,861292053604220"},{"data":"+Hooshnic:V1.07,3635.49560,05206.1399,000,260703,144226,076,000,1,3,1,861292053604220"},{"data":"+Hooshnic:V1.07,3635.48320,05206.1019,000,260703,144229,080,000,1,3,1,861292053604220"},{"data":"+Hooshnic:V1.07,3635.47080,05206.0636,000,260703,144232,080,000,1,3,1,861292053604220"},{"data":"+Hooshnic:V1.07,3635.46010,05206.0282,000,260703,144235,068,000,1,3,1,861292053604220"},{"data":"+Hooshnic:V1.07,3635.45150,05205.9986,000,260703,144238,058,000,1,3,1,861292053604220"},{"data":"+Hooshnic:V1.07,3635.44290,05205.9692,000,260703,144241,062,001,1,3,1,861292053604220"},{"data":"+Hooshnic:V1.07,3635.43390,05205.9376,000,260703,144244,064,000,1,3,1,861292053604220"},{"data":"+Hooshnic:V1.07,3635.42740,05205.9145,000,260703,144246,072,000,1,3,1,861292053604220"},{"data":"+Hooshnic:V1.07,3635.41800,05205.8774,000,260703,144249,076,000,1,3,1,861292053604220"},{"data":"+Hooshnic:V1.07,3635.40950,05205.8392,000,260703,144252,076,000,1,3,1,861292053604220"},{"data":"+Hooshnic:V1.07,3635.40230,05205.8015,000,260703,144255,070,000,1,3,1,861292053604220"},{"data":"+Hooshnic:V1.07,3635.39670,05205.7691,000,260703,144258,060,000,1,3,1,861292053604220"},{"data":"+Hooshnic:V1.07,3635.39330,05205.7474,000,260703,144300,056,000,1,3,1,861292053604220"},{"data":"+Hooshnic:V1.07,3635.38870,05205.7131,000,260703,144303,066,000,1,3,1,861292053604220"},{"data":"+Hooshnic:V1.07,3635.38330,05205.6785,000,260703,144306,068,001,1,3,1,861292053604220"},{}]....................................................................ADDRESS_LOCATION = 503808AT+CIPSTART="TCP","api.hooshnics.com",80
AT+CIPSEND=1701
POST /api/gps/reports HTTP/1.1
Host: api.hooshnics.com
Content-Type: application/json
Content-Length: 1588

[{"data":"+Hooshnic:V1.07,3635.61470,05206.6864,000,260703,144138,066,000,1,3,1,861292053604220"},{"data":"+Hooshnic:V1.07,3635.61010,05206.6536,000,260703,144141,060,001,1,3,1,861292053604220"},{"data":"+Hooshnic:V1.07,3635.60570,05206.6241,000,260703,144144,054,000,1,3,1,861292053604220"},{"data":"+Hooshnic:V1.07,3635.60160,05206.5948,000,260703,144147,058,000,1,3,1,861292053604220"},{"data":"+Hooshnic:V1.07,3635.59730,05206.5663,000,260703,144150,054,000,1,3,1,861292053604220"},{"data":"+Hooshnic:V1.07,3635.59490,05206.5462,000,260703,144152,060,000,1,3,1,861292053604220"},{"data":"+Hooshnic:V1.07,3635.59070,05206.5118,000,260703,144155,070,000,1,3,1,861292053604220"},{"data":"+Hooshnic:V1.07,3635.58610,05206.4736,000,260703,144158,076,000,1,3,1,861292053604220"},{"data":"+Hooshnic:V1.07,3635.57930,05206.4331,000,260703,144201,080,000,1,3,1,861292053604220"},{"data":"+Hooshnic:V1.07,3635.56820,05206.3924,000,260703,144204,084,000,1,3,1,861292053604220"},{"data":"+Hooshnic:V1.07,3635.55730,05206.3512,000,260703,144207,082,000,1,3,1,861292053604220"},{"data":"+Hooshnic:V1.07,3635.55000,05206.3251,000,260703,144209,078,000,1,3,1,861292053604220"},{"data":"+Hooshnic:V1.07,3635.53920,05206.2877,000,260703,144212,074,000,1,3,1,861292053604220"},{"data":"+Hooshnic:V1.07,3635.52940,05206.2550,000,260703,144215,060,001,1,3,1,861292053604220"},{"data":"+Hooshnic:V1.07,3635.52140,05206.2267,000,260703,144218,060,000,1,3,1,861292053604220"},{"data":"+Hooshnic:V1.07,3635.51310,05206.1963,000,260703,144221,064,000,1,3,1,861292053604220"},{}]....................................................................ADDRESS_LOCATION = 499712AT+CIPSTART="TCP","api.hooshnics.com",80
AT+CIPSEND=1701
POST /api/gps/reports HTTP/1.1
Host: api.hooshnics.com
Content-Type: application/json
Content-Length: 1588

[{"data":"+Hooshnic:V1.07,3635.76140,05207.3599,000,260703,144044,080,000,1,3,1,861292053604220"},{"data":"+Hooshnic:V1.07,3635.75250,05207.3215,000,260703,144047,072,000,1,3,1,861292053604220"},{"data":"+Hooshnic:V1.07,3635.74550,05207.2897,000,260703,144050,056,000,1,3,1,861292053604220"},{"data":"+Hooshnic:V1.07,3635.73940,05207.2606,000,260703,144053,062,000,1,3,1,861292053604220"},{"data":"+Hooshnic:V1.07,3635.73130,05207.2263,000,260703,144056,072,002,1,3,1,861292053604220"},{"data":"+Hooshnic:V1.07,3635.72190,05207.1885,000,260703,144059,078,000,1,3,1,861292053604220"},{"data":"+Hooshnic:V1.07,3635.68480,05207.0322,000,260703,144110,090,000,1,3,1,861292053604220"},{"data":"+Hooshnic:V1.07,3635.67530,05206.9864,000,260703,144113,088,000,1,3,1,861292053604220"},{"data":"+Hooshnic:V1.07,3635.66940,05206.9574,000,260703,144115,084,000,1,3,1,861292053604220"},{"data":"+Hooshnic:V1.07,3635.66100,05206.9171,000,260703,144118,074,000,1,3,1,861292053604220"},{"data":"+Hooshnic:V1.07,3635.65430,05206.8831,000,260703,144121,062,000,1,3,1,861292053604220"},{"data":"+Hooshnic:V1.07,3635.64780,05206.8520,000,260703,144124,060,000,1,3,1,861292053604220"},{"data":"+Hooshnic:V1.07,3635.64120,05206.8205,000,260703,144127,066,000,1,3,1,861292053604220"},{"data":"+Hooshnic:V1.07,3635.63400,05206.7851,000,260703,144130,072,000,1,3,1,861292053604220"},{"data":"+Hooshnic:V1.07,3635.62850,05206.7598,000,260703,144132,078,000,1,3,1,861292053604220"},{"data":"+Hooshnic:V1.07,3635.62070,05206.7218,000,260703,144135,076,000,1,3,1,861292053604220"},{}]....................................................................ADDRESS_LOCATION = 495616AT+CIPSTART="TCP","api.hooshnics.com",80
AT+CIPSEND=1701
POST /api/gps/reports HTTP/1.1
Host: api.hooshnics.com
Content-Type: application/json
Content-Length: 1588

[{"data":"+Hooshnic:V1.07,3635.87810,05207.9272,000,260703,143959,052,000,1,3,1,861292053604220"},{"data":"+Hooshnic:V1.07,3635.87670,05207.8976,000,260703,144002,062,000,1,3,1,861292053604220"},{"data":"+Hooshnic:V1.07,3635.87490,05207.8635,000,260703,144005,066,001,1,3,1,861292053604220"},{"data":"+Hooshnic:V1.07,3635.87320,05207.8397,000,260703,144007,070,000,1,3,1,861292053604220"},{"data":"+Hooshnic:V1.07,3635.86910,05207.8012,000,260703,144010,078,000,1,3,1,861292053604220"},{"data":"+Hooshnic:V1.07,3635.86180,05207.7635,000,260703,144013,070,000,1,3,1,861292053604220"},{"data":"+Hooshnic:V1.07,3635.85390,05207.7310,000,260703,144016,064,000,1,3,1,861292053604220"},{"data":"+Hooshnic:V1.07,3635.84550,05207.6976,000,260703,144019,070,000,1,3,1,861292053604220"},{"data":"+Hooshnic:V1.07,3635.83630,05207.6608,000,260703,144022,078,000,1,3,1,861292053604220"},{"data":"+Hooshnic:V1.07,3635.82600,05207.6203,000,260703,144025,084,000,1,3,1,861292053604220"},{"data":"+Hooshnic:V1.07,3635.81920,05207.5923,000,260703,144027,084,000,1,3,1,861292053604220"},{"data":"+Hooshnic:V1.07,3635.80890,05207.5494,000,260703,144030,086,000,1,3,1,861292053604220"},{"data":"+Hooshnic:V1.07,3635.79850,05207.5072,000,260703,144033,082,000,1,3,1,861292053604220"},{"data":"+Hooshnic:V1.07,3635.78860,05207.4662,000,260703,144036,082,000,1,3,1,861292053604220"},{"data":"+Hooshnic:V1.07,3635.77850,05207.4263,000,260703,144039,080,000,1,3,1,861292053604220"},{"data":"+Hooshnic:V1.07,3635.76820,05207.3868,000,260703,144042,078,000,1,3,1,861292053604220"},{}]....................................................................ADDRESS_LOCATION = 491520AT+CIPSTART="TCP","api.hooshnics.com",80
AT+CIPSEND=1701
POST /api/gps/reports HTTP/1.1
Host: api.hooshnics.com
Content-Type: application/json
Content-Length: 1588

[{"data":"+Hooshnic:V1.07,3635.97980,05208.4336,000,260703,143913,058,000,1,3,1,861292053604220"},{"data":"+Hooshnic:V1.07,3635.97180,05208.4040,000,260703,143916,060,000,1,3,1,861292053604220"},{"data":"+Hooshnic:V1.07,3635.96340,05208.3742,000,260703,143919,062,000,1,3,1,861292053604220"},{"data":"+Hooshnic:V1.07,3635.95340,05208.3416,000,260703,143922,070,001,1,3,1,861292053604220"},{"data":"+Hooshnic:V1.07,3635.94270,05208.3070,000,260703,143925,070,000,1,3,1,861292053604220"},{"data":"+Hooshnic:V1.07,3635.93230,05208.2727,000,260703,143928,070,000,1,3,1,861292053604220"},{"data":"+Hooshnic:V1.07,3635.92180,05208.2392,000,260703,143931,068,001,1,3,1,861292053604220"},{"data":"+Hooshnic:V1.07,3635.91470,05208.2165,000,260703,143933,070,000,1,3,1,861292053604220"},{"data":"+Hooshnic:V1.07,3635.90550,05208.1806,000,260703,143936,074,000,1,3,1,861292053604220"},{"data":"+Hooshnic:V1.07,3635.89900,05208.1422,000,260703,143939,074,000,1,3,1,861292053604220"},{"data":"+Hooshnic:V1.07,3635.89350,05208.1038,000,260703,143942,074,000,1,3,1,861292053604220"},{"data":"+Hooshnic:V1.07,3635.88820,05208.0661,000,260703,143945,070,000,1,3,1,861292053604220"},{"data":"+Hooshnic:V1.07,3635.88390,05208.0295,000,260703,143948,070,004,1,3,1,861292053604220"},{"data":"+Hooshnic:V1.07,3635.88240,05208.0058,000,260703,143950,066,000,1,3,1,861292053604220"},{"data":"+Hooshnic:V1.07,3635.88070,05207.9765,000,260703,143953,046,000,1,3,1,861292053604220"},{"data":"+Hooshnic:V1.07,3635.87950,05207.9530,000,260703,143956,046,000,1,3,1,861292053604220"},{}]....................................................................ADDRESS_LOCATION = 487424AT+CIPSTART="TCP","api.hooshnics.com",80
AT+CIPSEND=1701
POST /api/gps/reports HTTP/1.1
Host: api.hooshnics.com
Content-Type: application/json
Content-Length: 1588

[{"data":"+Hooshnic:V1.07,3636.09980,05208.9960,000,260703,143820,058,000,1,3,1,861292053604220"},{"data":"+Hooshnic:V1.07,3636.09580,05208.9673,000,260703,143823,054,000,1,3,1,861292053604220"},{"data":"+Hooshnic:V1.07,3636.09350,05208.9495,000,260703,143825,052,000,1,3,1,861292053604220"},{"data":"+Hooshnic:V1.07,3636.08930,05208.9234,000,260703,143828,050,001,1,3,1,861292053604220"},{"data":"+Hooshnic:V1.07,3636.08500,05208.8938,000,260703,143831,062,000,1,3,1,861292053604220"},{"data":"+Hooshnic:V1.07,3636.06130,05208.7606,000,260703,143842,078,000,1,3,1,861292053604220"},{"data":"+Hooshnic:V1.07,3636.05210,05208.7247,000,260703,143845,070,000,1,3,1,861292053604220"},{"data":"+Hooshnic:V1.07,3636.04340,05208.6913,000,260703,143848,066,001,1,3,1,861292053604220"},{"data":"+Hooshnic:V1.07,3636.03600,05208.6603,000,260703,143851,060,000,1,3,1,861292053604220"},{"data":"+Hooshnic:V1.07,3636.02970,05208.6331,000,260703,143854,050,000,1,3,1,861292053604220"},{"data":"+Hooshnic:V1.07,3636.02380,05208.6063,000,260703,143857,056,001,1,3,1,861292053604220"},{"data":"+Hooshnic:V1.07,3636.01950,05208.5865,000,260703,143859,062,000,1,3,1,861292053604220"},{"data":"+Hooshnic:V1.07,3636.01100,05208.5538,000,260703,143902,068,000,1,3,1,861292053604220"},{"data":"+Hooshnic:V1.07,3636.00160,05208.5180,000,260703,143905,072,000,1,3,1,861292053604220"},{"data":"+Hooshnic:V1.07,3635.99270,05208.4836,000,260703,143908,064,000,1,3,1,861292053604220"},{"data":"+Hooshnic:V1.07,3635.98460,05208.4529,000,260703,143911,058,000,1,3,1,861292053604220"},{}]....................................................................ADDRESS_LOCATION = 483328AT+CIPSTART="TCP","api.hooshnics.com",80
AT+CIPSEND=1701
POST /api/gps/reports HTTP/1.1
Host: api.hooshnics.com
Content-Type: application/json
Content-Length: 1588

[{"data":"+Hooshnic:V1.07,3636.21340,05209.5363,000,260703,143734,060,000,1,3,1,861292053604220"},{"data":"+Hooshnic:V1.07,3636.20630,05209.5048,000,260703,143737,064,001,1,3,1,861292053604220"},{"data":"+Hooshnic:V1.07,3636.19920,05209.4704,000,260703,143740,070,000,1,3,1,861292053604220"},{"data":"+Hooshnic:V1.07,3636.18980,05209.4333,000,260703,143743,076,000,1,3,1,861292053604220"},{"data":"+Hooshnic:V1.07,3636.17980,05209.3936,000,260703,143746,082,000,1,3,1,861292053604220"},{"data":"+Hooshnic:V1.07,3636.16940,05209.3524,000,260703,143749,084,000,1,3,1,861292053604220"},{"data":"+Hooshnic:V1.07,3636.16260,05209.3249,000,260703,143751,082,000,1,3,1,861292053604220"},{"data":"+Hooshnic:V1.07,3636.15290,05209.2849,000,260703,143754,078,001,1,3,1,861292053604220"},{"data":"+Hooshnic:V1.07,3636.14410,05209.2473,000,260703,143757,074,000,1,3,1,861292053604220"},{"data":"+Hooshnic:V1.07,3636.13680,05209.2110,000,260703,143800,072,000,1,3,1,861292053604220"},{"data":"+Hooshnic:V1.07,3636.13000,05209.1753,000,260703,143803,064,000,1,3,1,861292053604220"},{"data":"+Hooshnic:V1.07,3636.12580,05209.1547,000,260703,143805,060,000,1,3,1,861292053604220"},{"data":"+Hooshnic:V1.07,3636.11980,05209.1212,000,260703,143808,070,000,1,3,1,861292053604220"},{"data":"+Hooshnic:V1.07,3636.11400,05209.0865,000,260703,143811,066,000,1,3,1,861292053604220"},{"data":"+Hooshnic:V1.07,3636.10920,05209.0555,000,260703,143814,056,000,1,3,1,861292053604220"},{"data":"+Hooshnic:V1.07,3636.10450,05209.0263,000,260703,143817,058,000,1,3,1,861292053604220"},{}]....................................................................ADDRESS_LOCATION = 479232AT+CIPSTART="TCP","api.hooshnics.com",80
AT+CIPSEND=1701
POST /api/gps/reports HTTP/1.1
Host: api.hooshnics.com
Content-Type: application/json
Content-Length: 1588

[{"data":"+Hooshnic:V1.07,3636.36800,05210.0604,000,260703,143649,058,000,1,3,1,861292053604220"},{"data":"+Hooshnic:V1.07,3636.35430,05210.0353,000,260703,143652,058,000,1,3,1,861292053604220"},{"data":"+Hooshnic:V1.07,3636.34080,05210.0092,000,260703,143655,064,001,1,3,1,861292053604220"},{"data":"+Hooshnic:V1.07,3636.33060,05209.9904,000,260703,143657,064,000,1,3,1,861292053604220"},{"data":"+Hooshnic:V1.07,3636.31520,05209.9610,000,260703,143700,070,000,1,3,1,861292053604220"},{"data":"+Hooshnic:V1.07,3636.29900,05209.9271,000,260703,143703,078,002,1,3,1,861292053604220"},{"data":"+Hooshnic:V1.07,3636.28550,05209.8871,000,260703,143706,084,000,1,3,1,861292053604220"},{"data":"+Hooshnic:V1.07,3636.27550,05209.8444,000,260703,143709,084,000,1,3,1,861292053604220"},{"data":"+Hooshnic:V1.07,3636.26800,05209.8011,000,260703,143712,084,000,1,3,1,861292053604220"},{"data":"+Hooshnic:V1.07,3636.26290,05209.7741,000,260703,143714,082,000,1,3,1,861292053604220"},{"data":"+Hooshnic:V1.07,3636.25610,05209.7401,000,260703,143717,066,000,1,3,1,861292053604220"},{"data":"+Hooshnic:V1.07,3636.24900,05209.7044,000,260703,143720,074,001,1,3,1,861292053604220"},{"data":"+Hooshnic:V1.07,3636.24110,05209.6669,000,260703,143723,072,000,1,3,1,861292053604220"},{"data":"+Hooshnic:V1.07,3636.23340,05209.6303,000,260703,143726,074,000,1,3,1,861292053604220"},{"data":"+Hooshnic:V1.07,3636.22540,05209.5926,000,260703,143729,074,000,1,3,1,861292053604220"},{"data":"+Hooshnic:V1.07,3636.22040,05209.5684,000,260703,143731,070,000,1,3,1,861292053604220"},{}]....................................................................ADDRESS_LOCATION = 475136AT+CIPSTART="TCP","api.hooshnics.com",80
AT+CIPSEND=1701
POST /api/gps/reports HTTP/1.1
Host: api.hooshnics.com
Content-Type: application/json
Content-Length: 1588

[{"data":"+Hooshnic:V1.07,3636.60710,05210.5976,000,260703,143555,076,000,1,3,1,861292053604220"},{"data":"+Hooshnic:V1.07,3636.59570,05210.5594,000,260703,143558,074,000,1,3,1,861292053604220"},{"data":"+Hooshnic:V1.07,3636.58260,05210.5241,000,260703,143601,072,001,1,3,1,861292053604220"},{"data":"+Hooshnic:V1.07,3636.57060,05210.4939,000,260703,143604,056,000,1,3,1,861292053604220"},{"data":"+Hooshnic:V1.07,3636.52610,05210.3807,000,260703,143615,074,000,1,3,1,861292053604220"},{"data":"+Hooshnic:V1.07,3636.51180,05210.3446,000,260703,143618,076,000,1,3,1,861292053604220"},{"data":"+Hooshnic:V1.07,3636.49680,05210.3065,000,260703,143621,082,001,1,3,1,861292053604220"},{"data":"+Hooshnic:V1.07,3636.48580,05210.2816,000,260703,143623,080,000,1,3,1,861292053604220"},{"data":"+Hooshnic:V1.07,3636.46970,05210.2458,000,260703,143626,072,000,1,3,1,861292053604220"},{"data":"+Hooshnic:V1.07,3636.45590,05210.2184,000,260703,143629,052,000,1,3,1,861292053604220"},{"data":"+Hooshnic:V1.07,3636.44300,05210.1947,000,260703,143632,056,000,1,3,1,861292053604220"},{"data":"+Hooshnic:V1.07,3636.43050,05210.1704,000,260703,143635,054,000,1,3,1,861292053604220"},{"data":"+Hooshnic:V1.07,3636.41830,05210.1474,000,260703,143638,052,002,1,3,1,861292053604220"},{"data":"+Hooshnic:V1.07,3636.40970,05210.1321,000,260703,143640,054,000,1,3,1,861292053604220"},{"data":"+Hooshnic:V1.07,3636.39600,05210.1080,000,260703,143643,056,000,1,3,1,861292053604220"},{"data":"+Hooshnic:V1.07,3636.38200,05210.0846,000,260703,143646,056,001,1,3,1,861292053604220"},{}]....................................................................ADDRESS_LOCATION = 471040AT+CIPSTART="TCP","api.hooshnics.com",80
AT+CIPSEND=1701
POST /api/gps/reports HTTP/1.1
Host: api.hooshnics.com
Content-Type: application/json
Content-Length: 1588

[{"data":"+Hooshnic:V1.07,3636.71710,05211.1001,000,260703,143510,074,001,1,3,1,861292053604220"},{"data":"+Hooshnic:V1.07,3636.70860,05211.0614,000,260703,143513,078,000,1,3,1,861292053604220"},{"data":"+Hooshnic:V1.07,3636.70290,05211.0347,000,260703,143515,080,000,1,3,1,861292053604220"},{"data":"+Hooshnic:V1.07,3636.69400,05210.9958,000,260703,143518,078,001,1,3,1,861292053604220"},{"data":"+Hooshnic:V1.07,3636.68660,05210.9605,000,260703,143521,070,000,1,3,1,861292053604220"},{"data":"+Hooshnic:V1.07,3636.67970,05210.9265,000,260703,143524,062,000,1,3,1,861292053604220"},{"data":"+Hooshnic:V1.07,3636.67370,05210.8972,000,260703,143527,054,002,1,3,1,861292053604220"},{"data":"+Hooshnic:V1.07,3636.66780,05210.8684,000,260703,143530,058,000,1,3,1,861292053604220"},{"data":"+Hooshnic:V1.07,3636.66320,05210.8483,000,260703,143532,060,000,1,3,1,861292053604220"},{"data":"+Hooshnic:V1.07,3636.65650,05210.8174,000,260703,143535,062,001,1,3,1,861292053604220"},{"data":"+Hooshnic:V1.07,3636.64950,05210.7865,000,260703,143538,058,000,1,3,1,861292053604220"},{"data":"+Hooshnic:V1.07,3636.64260,05210.7580,000,260703,143541,056,000,1,3,1,861292053604220"},{"data":"+Hooshnic:V1.07,3636.63590,05210.7284,000,260703,143544,062,000,1,3,1,861292053604220"},{"data":"+Hooshnic:V1.07,3636.62890,05210.6955,000,260703,143547,066,000,1,3,1,861292053604220"},{"data":"+Hooshnic:V1.07,3636.62120,05210.6604,000,260703,143550,072,000,1,3,1,861292053604220"},{"data":"+Hooshnic:V1.07,3636.61600,05210.6358,000,260703,143552,072,000,1,3,1,861292053604220"},{}]....................................................................ADDRESS_LOCATION = 466944AT+CIPSTART="TCP","api.hooshnics.com",80
AT+CIPSEND=1701
POST /api/gps/reports HTTP/1.1
Host: api.hooshnics.com
Content-Type: application/json
Content-Length: 1588

[{"data":"+Hooshnic:V1.07,3636.84220,05211.5837,000,260703,143424,066,000,1,3,1,861292053604220"},{"data":"+Hooshnic:V1.07,3636.84120,05211.5486,000,260703,143427,068,000,1,3,1,861292053604220"},{"data":"+Hooshnic:V1.07,3636.83900,05211.5134,000,260703,143430,066,000,1,3,1,861292053604220"},{"data":"+Hooshnic:V1.07,3636.83630,05211.4812,000,260703,143433,058,000,1,3,1,861292053604220"},{"data":"+Hooshnic:V1.07,3636.83360,05211.4521,000,260703,143436,054,001,1,3,1,861292053604220"},{"data":"+Hooshnic:V1.07,3636.83080,05211.4230,000,260703,143439,052,000,1,3,1,861292053604220"},{"data":"+Hooshnic:V1.07,3636.82770,05211.4031,000,260703,143441,058,000,1,3,1,861292053604220"},{"data":"+Hooshnic:V1.07,3636.82080,05211.3749,000,260703,143444,058,001,1,3,1,861292053604220"},{"data":"+Hooshnic:V1.07,3636.81160,05211.3456,000,260703,143447,060,000,1,3,1,861292053604220"},{"data":"+Hooshnic:V1.07,3636.80050,05211.3152,000,260703,143450,066,000,1,3,1,861292053604220"},{"data":"+Hooshnic:V1.07,3636.78690,05211.2842,000,260703,143453,068,002,1,3,1,861292053604220"},{"data":"+Hooshnic:V1.07,3636.77160,05211.2538,000,260703,143456,068,000,1,3,1,861292053604220"},{"data":"+Hooshnic:V1.07,3636.76170,05211.2340,000,260703,143458,068,000,1,3,1,861292053604220"},{"data":"+Hooshnic:V1.07,3636.74770,05211.2025,000,260703,143501,068,000,1,3,1,861292053604220"},{"data":"+Hooshnic:V1.07,3636.73510,05211.1706,000,260703,143504,066,000,1,3,1,861292053604220"},{"data":"+Hooshnic:V1.07,3636.72550,05211.1366,000,260703,143507,068,000,1,3,1,861292053604220"},{}]....................................................................ADDRESS_LOCATION = 462848AT+CIPSTART="TCP","api.hooshnics.com",80
AT+CIPSEND=1701
POST /api/gps/reports HTTP/1.1
Host: api.hooshnics.com
Content-Type: application/json
Content-Length: 1588

[{"data":"+Hooshnic:V1.07,3636.76900,05212.0706,000,260703,143331,048,000,1,3,1,861292053604220"},{"data":"+Hooshnic:V1.07,3636.77170,05212.0551,000,260703,143333,042,001,1,3,1,861292053604220"},{"data":"+Hooshnic:V1.07,3636.77540,05212.0364,000,260703,143336,034,000,1,3,1,861292053604220"},{"data":"+Hooshnic:V1.07,3636.79180,05211.9552,000,260703,143347,044,000,1,3,1,861292053604220"},{"data":"+Hooshnic:V1.07,3636.79580,05211.9335,000,260703,143350,038,000,1,3,1,861292053604220"},{"data":"+Hooshnic:V1.07,3636.79980,05211.9133,000,260703,143353,042,000,1,3,1,861292053604220"},{"data":"+Hooshnic:V1.07,3636.80450,05211.8899,000,260703,143356,048,000,1,3,1,861292053604220"},{"data":"+Hooshnic:V1.07,3636.80980,05211.8651,000,260703,143359,050,000,1,3,1,861292053604220"},{"data":"+Hooshnic:V1.07,3636.81530,05211.8392,000,260703,143402,052,001,1,3,1,861292053604220"},{"data":"+Hooshnic:V1.07,3636.82170,05211.8108,000,260703,143405,058,000,1,3,1,861292053604220"},{"data":"+Hooshnic:V1.07,3636.82610,05211.7895,000,260703,143407,066,000,1,3,1,861292053604220"},{"data":"+Hooshnic:V1.07,3636.83260,05211.7539,000,260703,143410,072,001,1,3,1,861292053604220"},{"data":"+Hooshnic:V1.07,3636.83770,05211.7161,000,260703,143413,072,000,1,3,1,861292053604220"},{"data":"+Hooshnic:V1.07,3636.84120,05211.6779,000,260703,143416,074,000,1,3,1,861292053604220"},{"data":"+Hooshnic:V1.07,3636.84270,05211.6409,000,260703,143419,072,003,1,3,1,861292053604220"},{"data":"+Hooshnic:V1.07,3636.84260,05211.6066,000,260703,143422,064,000,1,3,1,861292053604220"},{}]....................................................................ADDRESS_LOCATION = 458752AT+CIPSTART="TCP","api.hooshnics.com",80
AT+CIPSEND=1701
POST /api/gps/reports HTTP/1.1
Host: api.hooshnics.com
Content-Type: application/json
Content-Length: 1588

[{"data":"+Hooshnic:V1.07,3636.71100,05212.5636,000,260703,143245,082,000,1,3,1,861292053604220"},{"data":"+Hooshnic:V1.07,3636.70330,05212.5237,000,260703,143248,078,000,1,3,1,861292053604220"},{"data":"+Hooshnic:V1.07,3636.69970,05212.4824,000,260703,143251,078,002,1,3,1,861292053604220"},{"data":"+Hooshnic:V1.07,3636.69960,05212.4409,000,260703,143254,080,000,1,3,1,861292053604220"},{"data":"+Hooshnic:V1.07,3636.70300,05212.3984,000,260703,143257,082,000,1,3,1,861292053604220"},{"data":"+Hooshnic:V1.07,3636.70750,05212.3705,000,260703,143259,082,002,1,3,1,861292053604220"},{"data":"+Hooshnic:V1.07,3636.71640,05212.3300,000,260703,143302,082,000,1,3,1,861292053604220"},{"data":"+Hooshnic:V1.07,3636.72390,05212.2927,000,260703,143305,070,000,1,3,1,861292053604220"},{"data":"+Hooshnic:V1.07,3636.73120,05212.2573,000,260703,143308,064,000,1,3,1,861292053604220"},{"data":"+Hooshnic:V1.07,3636.73720,05212.2305,000,260703,143311,046,000,1,3,1,861292053604220"},{"data":"+Hooshnic:V1.07,3636.74200,05212.2087,000,260703,143314,042,000,1,3,1,861292053604220"},{"data":"+Hooshnic:V1.07,3636.74510,05212.1942,000,260703,143316,044,002,1,3,1,861292053604220"},{"data":"+Hooshnic:V1.07,3636.74970,05212.1724,000,260703,143319,044,000,1,3,1,861292053604220"},{"data":"+Hooshnic:V1.07,3636.75440,05212.1487,000,260703,143322,048,000,1,3,1,861292053604220"},{"data":"+Hooshnic:V1.07,3636.75950,05212.1236,000,260703,143325,050,001,1,3,1,861292053604220"},{"data":"+Hooshnic:V1.07,3636.76420,05212.0971,000,260703,143328,052,000,1,3,1,861292053604220"},{}]....................................................................ADDRESS_LOCATION = 454656AT+CIPSTART="TCP","api.hooshnics.com",80
AT+CIPSEND=1701
POST /api/gps/reports HTTP/1.1
Host: api.hooshnics.com
Content-Type: application/json
Content-Length: 1588

[{"data":"+Hooshnic:V1.07,3636.87360,05213.1167,000,260703,143200,088,000,1,3,1,861292053604220"},{"data":"+Hooshnic:V1.07,3636.86090,05213.0731,000,260703,143203,088,000,1,3,1,861292053604220"},{"data":"+Hooshnic:V1.07,3636.85270,05213.0444,000,260703,143205,086,000,1,3,1,861292053604220"},{"data":"+Hooshnic:V1.07,3636.84060,05213.0018,000,260703,143208,084,000,1,3,1,861292053604220"},{"data":"+Hooshnic:V1.07,3636.82900,05212.9628,000,260703,143211,072,000,1,3,1,861292053604220"},{"data":"+Hooshnic:V1.07,3636.82010,05212.9334,000,260703,143214,050,000,1,3,1,861292053604220"},{"data":"+Hooshnic:V1.07,3636.81240,05212.9075,000,260703,143217,058,001,1,3,1,861292053604220"},{"data":"+Hooshnic:V1.07,3636.80320,05212.8773,000,260703,143220,064,000,1,3,1,861292053604220"},{"data":"+Hooshnic:V1.07,3636.79670,05212.8559,000,260703,143222,068,000,1,3,1,861292053604220"},{"data":"+Hooshnic:V1.07,3636.78630,05212.8222,000,260703,143225,070,001,1,3,1,861292053604220"},{"data":"+Hooshnic:V1.07,3636.77590,05212.7867,000,260703,143228,074,000,1,3,1,861292053604220"},{"data":"+Hooshnic:V1.07,3636.76450,05212.7502,000,260703,143231,078,000,1,3,1,861292053604220"},{"data":"+Hooshnic:V1.07,3636.75280,05212.7119,000,260703,143234,080,001,1,3,1,861292053604220"},{"data":"+Hooshnic:V1.07,3636.74140,05212.6717,000,260703,143237,082,000,1,3,1,861292053604220"},{"data":"+Hooshnic:V1.07,3636.72940,05212.6312,000,260703,143240,082,000,1,3,1,861292053604220"},{"data":"+Hooshnic:V1.07,3636.72160,05212.6042,000,260703,143242,082,001,1,3,1,861292053604220"},{}]....................................................................ADDRESS_LOCATION = 450560AT+CIPSTART="TCP","api.hooshnics.com",80
AT+CIPSEND=1701
POST /api/gps/reports HTTP/1.1
Host: api.hooshnics.com
Content-Type: application/json
Content-Length: 1588

[{"data":"+Hooshnic:V1.07,3637.20440,05213.7832,000,260703,143106,076,001,1,3,1,861292053604220"},{"data":"+Hooshnic:V1.07,3637.18030,05213.7554,000,260703,143109,078,000,1,3,1,861292053604220"},{"data":"+Hooshnic:V1.07,3637.09630,05213.6421,000,260703,143120,082,000,1,3,1,861292053604220"},{"data":"+Hooshnic:V1.07,3637.07570,05213.6071,000,260703,143123,082,000,1,3,1,861292053604220"},{"data":"+Hooshnic:V1.07,3637.05580,05213.5721,000,260703,143126,082,001,1,3,1,861292053604220"},{"data":"+Hooshnic:V1.07,3637.03600,05213.5370,000,260703,143129,082,000,1,3,1,861292053604220"},{"data":"+Hooshnic:V1.07,3637.02290,05213.5132,000,260703,143131,084,000,1,3,1,861292053604220"},{"data":"+Hooshnic:V1.07,3637.00340,05213.4760,000,260703,143134,084,001,1,3,1,861292053604220"},{"data":"+Hooshnic:V1.07,3636.98440,05213.4374,000,260703,143137,086,000,1,3,1,861292053604220"},{"data":"+Hooshnic:V1.07,3636.96700,05213.3989,000,260703,143140,082,000,1,3,1,861292053604220"},{"data":"+Hooshnic:V1.07,3636.95120,05213.3593,000,260703,143143,086,002,1,3,1,861292053604220"},{"data":"+Hooshnic:V1.07,3636.93630,05213.3180,000,260703,143146,086,000,1,3,1,861292053604220"},{"data":"+Hooshnic:V1.07,3636.92660,05213.2897,000,260703,143148,088,000,1,3,1,861292053604220"},{"data":"+Hooshnic:V1.07,3636.91290,05213.2462,000,260703,143151,090,000,1,3,1,861292053604220"},{"data":"+Hooshnic:V1.07,3636.89930,05213.2028,000,260703,143154,088,000,1,3,1,861292053604220"},{"data":"+Hooshnic:V1.07,3636.88650,05213.1596,000,260703,143157,088,000,1,3,1,861292053604220"},{}]....................................................................ADDRESS_LOCATION = 446464AT+CIPSTART="TCP","api.hooshnics.com",80
AT+CIPSEND=1701
POST /api/gps/reports HTTP/1.1
Host: api.hooshnics.com
Content-Type: application/json
Content-Length: 1588

[{"data":"+Hooshnic:V1.07,3637.61420,05214.1654,000,260703,143021,064,000,1,3,1,861292053604220"},{"data":"+Hooshnic:V1.07,3637.59840,05214.1521,000,260703,143023,070,001,1,3,1,861292053604220"},{"data":"+Hooshnic:V1.07,3637.57380,05214.1291,000,260703,143026,076,000,1,3,1,861292053604220"},{"data":"+Hooshnic:V1.07,3637.54740,05214.1044,000,260703,143029,080,000,1,3,1,861292053604220"},{"data":"+Hooshnic:V1.07,3637.51920,05214.0786,000,260703,143032,084,000,1,3,1,861292053604220"},{"data":"+Hooshnic:V1.07,3637.49030,05214.0517,000,260703,143035,086,000,1,3,1,861292053604220"},{"data":"+Hooshnic:V1.07,3637.46050,05214.0245,000,260703,143038,088,000,1,3,1,861292053604220"},{"data":"+Hooshnic:V1.07,3637.44060,05214.0061,000,260703,143040,088,000,1,3,1,861292053604220"},{"data":"+Hooshnic:V1.07,3637.41140,05213.9791,000,260703,143043,086,000,1,3,1,861292053604220"},{"data":"+Hooshnic:V1.07,3637.38330,05213.9542,000,260703,143046,082,000,1,3,1,861292053604220"},{"data":"+Hooshnic:V1.07,3637.35540,05213.9293,000,260703,143049,080,000,1,3,1,861292053604220"},{"data":"+Hooshnic:V1.07,3637.32810,05213.9046,000,260703,143052,080,000,1,3,1,861292053604220"},{"data":"+Hooshnic:V1.07,3637.30090,05213.8794,000,260703,143055,082,000,1,3,1,861292053604220"},{"data":"+Hooshnic:V1.07,3637.28240,05213.8618,000,260703,143057,084,000,1,3,1,861292053604220"},{"data":"+Hooshnic:V1.07,3637.25410,05213.8349,000,260703,143100,082,000,1,3,1,861292053604220"},{"data":"+Hooshnic:V1.07,3637.22830,05213.8090,000,260703,143103,076,000,1,3,1,861292053604220"},{}]....................................................................ADDRESS_LOCATION = 442368AT+CIPSTART="TCP","api.hooshnics.com",80
AT+CIPSEND=1701
POST /api/gps/reports HTTP/1.1
Host: api.hooshnics.com
Content-Type: application/json
Content-Length: 1588

[{"data":"+Hooshnic:V1.07,3637.75710,05214.5571,000,260703,142935,060,000,1,3,1,861292053604220"},{"data":"+Hooshnic:V1.07,3637.74850,05214.5260,000,260703,142938,064,000,1,3,1,861292053604220"},{"data":"+Hooshnic:V1.07,3637.73960,05214.4921,000,260703,142941,070,000,1,3,1,861292053604220"},{"data":"+Hooshnic:V1.07,3637.73050,05214.4571,000,260703,142944,070,000,1,3,1,861292053604220"},{"data":"+Hooshnic:V1.07,3637.72480,05214.4356,000,260703,142946,060,000,1,3,1,861292053604220"},{"data":"+Hooshnic:V1.07,3637.71820,05214.4106,000,260703,142949,042,001,1,3,1,861292053604220"},{"data":"+Hooshnic:V1.07,3637.71360,05214.3935,000,260703,142952,040,000,1,3,1,861292053604220"},{"data":"+Hooshnic:V1.07,3637.70690,05214.3714,000,260703,142955,052,000,1,3,1,861292053604220"},{"data":"+Hooshnic:V1.07,3637.69910,05214.3440,000,260703,142958,058,002,1,3,1,861292053604220"},{"data":"+Hooshnic:V1.07,3637.69150,05214.3153,000,260703,143001,054,000,1,3,1,861292053604220"},{"data":"+Hooshnic:V1.07,3637.68390,05214.2902,000,260703,143004,052,000,1,3,1,861292053604220"},{"data":"+Hooshnic:V1.07,3637.67900,05214.2727,000,260703,143006,056,002,1,3,1,861292053604220"},{"data":"+Hooshnic:V1.07,3637.67250,05214.2446,000,260703,143009,058,000,1,3,1,861292053604220"},{"data":"+Hooshnic:V1.07,3637.66600,05214.2194,000,260703,143012,046,000,1,3,1,861292053604220"},{"data":"+Hooshnic:V1.07,3637.65270,05214.2009,000,260703,143015,050,004,1,3,1,861292053604220"},{"data":"+Hooshnic:V1.07,3637.63490,05214.1840,000,260703,143018,054,000,1,3,1,861292053604220"},{}]....................................................................ADDRESS_LOCATION = 438272AT+CIPSTART="TCP","api.hooshnics.com",80
AT+CIPSEND=1701
POST /api/gps/reports HTTP/1.1
Host: api.hooshnics.com
Content-Type: application/json
Content-Length: 1588

[{"data":"+Hooshnic:V1.07,3637.85740,05214.8685,000,260703,142841,000,000,1,3,1,861292053604220"},{"data":"+Hooshnic:V1.07,3637.85740,05214.8685,000,260703,142853,000,000,1,3,1,861292053604220"},{"data":"+Hooshnic:V1.07,3637.85740,05214.8685,000,260703,142855,000,000,1,3,1,861292053604220"},{"data":"+Hooshnic:V1.07,3637.85660,05214.8669,000,260703,142858,010,003,1,3,1,861292053604220"},{"data":"+Hooshnic:V1.07,3637.85180,05214.8555,000,260703,142901,030,000,1,3,1,861292053604220"},{"data":"+Hooshnic:V1.07,3637.84550,05214.8379,000,260703,142904,038,000,1,3,1,861292053604220"},{"data":"+Hooshnic:V1.07,3637.83750,05214.8163,000,260703,142907,048,001,1,3,1,861292053604220"},{"data":"+Hooshnic:V1.07,3637.82870,05214.7920,000,260703,142910,050,000,1,3,1,861292053604220"},{"data":"+Hooshnic:V1.07,3637.82330,05214.7765,000,260703,142912,048,000,1,3,1,861292053604220"},{"data":"+Hooshnic:V1.07,3637.81420,05214.7514,000,260703,142915,058,000,1,3,1,861292053604220"},{"data":"+Hooshnic:V1.07,3637.80370,05214.7219,000,260703,142918,064,000,1,3,1,861292053604220"},{"data":"+Hooshnic:V1.07,3637.79440,05214.6908,000,260703,142921,064,000,1,3,1,861292053604220"},{"data":"+Hooshnic:V1.07,3637.78560,05214.6612,000,260703,142924,058,000,1,3,1,861292053604220"},{"data":"+Hooshnic:V1.07,3637.77820,05214.6334,000,260703,142927,054,000,1,3,1,861292053604220"},{"data":"+Hooshnic:V1.07,3637.77330,05214.6151,000,260703,142929,056,000,1,3,1,861292053604220"},{"data":"+Hooshnic:V1.07,3637.76540,05214.5867,000,260703,142932,058,001,1,3,1,861292053604220"},{}]....................................................................ADDRESS_LOCATION = 434176AT+CIPSTART="TCP","api.hooshnics.com",80
AT+CIPSEND=1701
POST /api/gps/reports HTTP/1.1
Host: api.hooshnics.com
Content-Type: application/json
Content-Length: 1588

[{"data":"+Hooshnic:V1.07,3637.88230,05214.9564,000,260703,142756,060,000,1,3,1,861292053604220"},{"data":"+Hooshnic:V1.07,3637.87520,05214.9320,000,260703,142759,046,000,1,3,1,861292053604220"},{"data":"+Hooshnic:V1.07,3637.86850,05214.9103,000,260703,142802,042,000,1,3,1,861292053604220"},{"data":"+Hooshnic:V1.07,3637.86480,05214.8961,000,260703,142804,042,001,1,3,1,861292053604220"},{"data":"+Hooshnic:V1.07,3637.86060,05214.8798,000,260703,142807,028,000,1,3,1,861292053604220"},{"data":"+Hooshnic:V1.07,3637.85870,05214.8708,000,260703,142810,016,000,1,3,1,861292053604220"},{"data":"+Hooshnic:V1.07,3637.85720,05214.8672,000,260703,142813,000,000,1,3,1,861292053604220"},{"data":"+Hooshnic:V1.07,3637.85740,05214.8685,000,260703,142816,000,000,1,3,1,861292053604220"},{"data":"+Hooshnic:V1.07,3637.85740,05214.8685,000,260703,142819,000,000,1,3,1,861292053604220"},{"data":"+Hooshnic:V1.07,3637.85740,05214.8685,000,260703,142821,000,000,1,3,1,861292053604220"},{"data":"+Hooshnic:V1.07,3637.85740,05214.8685,000,260703,142824,000,000,1,3,1,861292053604220"},{"data":"+Hooshnic:V1.07,3637.85740,05214.8685,000,260703,142827,000,000,1,3,1,861292053604220"},{"data":"+Hooshnic:V1.07,3637.85740,05214.8685,000,260703,142830,000,000,1,3,1,861292053604220"},{"data":"+Hooshnic:V1.07,3637.85740,05214.8685,000,260703,142833,000,000,1,3,1,861292053604220"},{"data":"+Hooshnic:V1.07,3637.85740,05214.8685,000,260703,142836,000,000,1,3,1,861292053604220"},{"data":"+Hooshnic:V1.07,3637.85740,05214.8685,000,260703,142838,000,000,1,3,1,861292053604220"},{}]....................................................................ADDRESS_LOCATION = 430080AT+CIPSTART="TCP","api.hooshnics.com",80
AT+CIPSEND=1701
POST /api/gps/reports HTTP/1.1
Host: api.hooshnics.com
Content-Type: application/json
Content-Length: 1588

[{"data":"+Hooshnic:V1.07,3638.01810,05215.4014,000,260703,142711,050,000,1,3,1,861292053604220"},{"data":"+Hooshnic:V1.07,3638.01320,05215.3841,000,260703,142713,052,000,1,3,1,861292053604220"},{"data":"+Hooshnic:V1.07,3638.00500,05215.3575,000,260703,142716,054,000,1,3,1,861292053604220"},{"data":"+Hooshnic:V1.07,3637.99680,05215.3300,000,260703,142719,058,000,1,3,1,861292053604220"},{"data":"+Hooshnic:V1.07,3637.98740,05215.3009,000,260703,142722,062,001,1,3,1,861292053604220"},{"data":"+Hooshnic:V1.07,3637.97730,05215.2694,000,260703,142725,064,000,1,3,1,861292053604220"},{"data":"+Hooshnic:V1.07,3637.96760,05215.2400,000,260703,142728,056,000,1,3,1,861292053604220"},{"data":"+Hooshnic:V1.07,3637.96190,05215.2223,000,260703,142730,054,001,1,3,1,861292053604220"},{"data":"+Hooshnic:V1.07,3637.95290,05215.1945,000,260703,142733,060,000,1,3,1,861292053604220"},{"data":"+Hooshnic:V1.07,3637.94380,05215.1668,000,260703,142736,056,000,1,3,1,861292053604220"},{"data":"+Hooshnic:V1.07,3637.93450,05215.1380,000,260703,142739,064,000,1,3,1,861292053604220"},{"data":"+Hooshnic:V1.07,3637.92500,05215.1056,000,260703,142742,064,000,1,3,1,861292053604220"},{"data":"+Hooshnic:V1.07,3637.91590,05215.0736,000,260703,142745,068,000,1,3,1,861292053604220"},{"data":"+Hooshnic:V1.07,3637.90930,05215.0510,000,260703,142747,068,000,1,3,1,861292053604220"},{"data":"+Hooshnic:V1.07,3637.89980,05215.0177,000,260703,142750,066,000,1,3,1,861292053604220"},{"data":"+Hooshnic:V1.07,3637.89090,05214.9861,000,260703,142753,062,000,1,3,1,861292053604220"},{}]....................................................................ADDRESS_LOCATION = 425984AT+CIPSTART="TCP","api.hooshnics.com",80
AT+CIPSEND=1701
POST /api/gps/reports HTTP/1.1
Host: api.hooshnics.com
Content-Type: application/json
Content-Length: 1588

[{"data":"+Hooshnic:V1.07,3638.06180,05215.7112,000,260703,142625,036,000,1,3,1,861292053604220"},{"data":"+Hooshnic:V1.07,3638.05930,05215.6900,000,260703,142628,044,000,1,3,1,861292053604220"},{"data":"+Hooshnic:V1.07,3638.05570,05215.6643,000,260703,142631,052,002,1,3,1,861292053604220"},{"data":"+Hooshnic:V1.07,3638.05160,05215.6375,000,260703,142634,050,000,1,3,1,861292053604220"},{"data":"+Hooshnic:V1.07,3638.04910,05215.6170,000,260703,142637,026,000,1,3,1,861292053604220"},{"data":"+Hooshnic:V1.07,3638.04800,05215.6111,000,260703,142639,014,000,1,3,1,861292053604220"},{"data":"+Hooshnic:V1.07,3638.04760,05215.6100,000,260703,142642,000,000,1,3,1,861292053604220"},{"data":"+Hooshnic:V1.07,3638.04790,05215.6102,000,260703,142645,000,000,1,3,1,861292053604220"},{"data":"+Hooshnic:V1.07,3638.04700,05215.6033,000,260703,142648,022,000,1,3,1,861292053604220"},{"data":"+Hooshnic:V1.07,3638.04470,05215.5874,000,260703,142651,036,000,1,3,1,861292053604220"},{"data":"+Hooshnic:V1.07,3638.04190,05215.5664,000,260703,142654,042,000,1,3,1,861292053604220"},{"data":"+Hooshnic:V1.07,3638.04090,05215.5504,000,260703,142656,048,002,1,3,1,861292053604220"},{"data":"+Hooshnic:V1.07,3638.03650,05215.5234,000,260703,142659,054,000,1,3,1,861292053604220"},{"data":"+Hooshnic:V1.07,3638.03210,05215.4937,000,260703,142702,060,000,1,3,1,861292053604220"},{"data":"+Hooshnic:V1.07,3638.02810,05215.4617,000,260703,142705,062,000,1,3,1,861292053604220"},{"data":"+Hooshnic:V1.07,3638.02330,05215.4299,000,260703,142708,062,000,1,3,1,861292053604220"},{}]....................................................................ADDRESS_LOCATION = 421888AT+CIPSTART="TCP","api.hooshnics.com",80
AT+CIPSEND=1701
POST /api/gps/reports HTTP/1.1
Host: api.hooshnics.com
Content-Type: application/json
Content-Length: 1588

[{"data":"+Hooshnic:V1.07,3638.13320,05216.0424,000,260703,142531,040,000,1,3,1,861292053604220"},{"data":"+Hooshnic:V1.07,3638.12830,05216.0275,000,260703,142534,022,000,1,3,1,861292053604220"},{"data":"+Hooshnic:V1.07,3638.12550,05216.0171,000,260703,142537,022,002,1,3,1,861292053604220"},{"data":"+Hooshnic:V1.07,3638.12120,05216.0035,000,260703,142540,034,000,1,3,1,861292053604220"},{"data":"+Hooshnic:V1.07,3638.11570,05215.9863,000,260703,142543,036,000,1,3,1,861292053604220"},{"data":"+Hooshnic:V1.07,3638.11040,05215.9680,000,260703,142546,040,001,1,3,1,861292053604220"},{"data":"+Hooshnic:V1.07,3638.10690,05215.9545,000,260703,142548,040,000,1,3,1,861292053604220"},{"data":"+Hooshnic:V1.07,3638.10160,05215.9342,000,260703,142551,040,000,1,3,1,861292053604220"},{"data":"+Hooshnic:V1.07,3638.09640,05215.9151,000,260703,142554,038,001,1,3,1,861292053604220"},{"data":"+Hooshnic:V1.07,3638.09140,05215.8962,000,260703,142557,040,000,1,3,1,861292053604220"},{"data":"+Hooshnic:V1.07,3638.08650,05215.8751,000,260703,142600,040,000,1,3,1,861292053604220"},{"data":"+Hooshnic:V1.07,3638.08130,05215.8556,000,260703,142603,036,003,1,3,1,861292053604220"},{"data":"+Hooshnic:V1.07,3638.07930,05215.8449,000,260703,142605,028,000,1,3,1,861292053604220"},{"data":"+Hooshnic:V1.07,3638.07570,05215.8303,000,260703,142608,034,000,1,3,1,861292053604220"},{"data":"+Hooshnic:V1.07,3638.07050,05215.8114,000,260703,142611,040,003,1,3,1,861292053604220"},{"data":"+Hooshnic:V1.07,3638.06750,05215.7906,000,260703,142614,040,000,1,3,1,861292053604220"},{}]....................................................................ADDRESS_LOCATION = 417792AT+CIPSTART="TCP","api.hooshnics.com",80
AT+CIPSEND=1701
POST /api/gps/reports HTTP/1.1
Host: api.hooshnics.com
Content-Type: application/json
Content-Length: 1588

[{"data":"+Hooshnic:V1.07,3638.24680,05216.4512,000,260703,142446,060,000,1,3,1,861292053604220"},{"data":"+Hooshnic:V1.07,3638.23720,05216.4213,000,260703,142449,064,000,1,3,1,861292053604220"},{"data":"+Hooshnic:V1.07,3638.22730,05216.3883,000,260703,142452,068,000,1,3,1,861292053604220"},{"data":"+Hooshnic:V1.07,3638.22060,05216.3654,000,260703,142454,070,001,1,3,1,861292053604220"},{"data":"+Hooshnic:V1.07,3638.21060,05216.3306,000,260703,142457,070,000,1,3,1,861292053604220"},{"data":"+Hooshnic:V1.07,3638.20040,05216.2956,000,260703,142500,070,000,1,3,1,861292053604220"},{"data":"+Hooshnic:V1.07,3638.19070,05216.2606,000,260703,142503,072,000,1,3,1,861292053604220"},{"data":"+Hooshnic:V1.07,3638.18090,05216.2260,000,260703,142506,070,000,1,3,1,861292053604220"},{"data":"+Hooshnic:V1.07,3638.17180,05216.1919,000,260703,142509,070,000,1,3,1,861292053604220"},{"data":"+Hooshnic:V1.07,3638.16540,05216.1620,000,260703,142512,052,006,1,3,1,861292053604220"},{"data":"+Hooshnic:V1.07,3638.16210,05216.1454,000,260703,142514,044,000,1,3,1,861292053604220"},{"data":"+Hooshnic:V1.07,3638.15700,05216.1264,000,260703,142517,036,000,1,3,1,861292053604220"},{"data":"+Hooshnic:V1.07,3638.15200,05216.1076,000,260703,142520,040,000,1,3,1,861292053604220"},{"data":"+Hooshnic:V1.07,3638.14790,05216.0911,000,260703,142523,024,000,1,3,1,861292053604220"},{"data":"+Hooshnic:V1.07,3638.14410,05216.0771,000,260703,142526,038,000,1,3,1,861292053604220"},{"data":"+Hooshnic:V1.07,3638.13760,05216.0563,000,260703,142529,044,001,1,3,1,861292053604220"},{}]....................................................................ADDRESS_LOCATION = 413696AT+CIPSTART="TCP","api.hooshnics.com",80
AT+CIPSEND=1701
POST /api/gps/reports HTTP/1.1
Host: api.hooshnics.com
Content-Type: application/json
Content-Length: 1588

[{"data":"+Hooshnic:V1.07,3638.36480,05216.8975,000,260703,142401,070,000,1,3,1,861292053604220"},{"data":"+Hooshnic:V1.07,3638.35840,05216.8745,000,260703,142403,070,000,1,3,1,861292053604220"},{"data":"+Hooshnic:V1.07,3638.34900,05216.8392,000,260703,142406,070,000,1,3,1,861292053604220"},{"data":"+Hooshnic:V1.07,3638.33970,05216.8045,000,260703,142409,068,000,1,3,1,861292053604220"},{"data":"+Hooshnic:V1.07,3638.33100,05216.7709,000,260703,142412,062,000,1,3,1,861292053604220"},{"data":"+Hooshnic:V1.07,3638.32340,05216.7429,000,260703,142415,054,000,1,3,1,861292053604220"},{"data":"+Hooshnic:V1.07,3638.31530,05216.7138,000,260703,142418,064,000,1,3,1,861292053604220"},{"data":"+Hooshnic:V1.07,3638.30930,05216.6923,000,260703,142420,066,000,1,3,1,861292053604220"},{"data":"+Hooshnic:V1.07,3638.30000,05216.6591,000,260703,142423,066,000,1,3,1,861292053604220"},{"data":"+Hooshnic:V1.07,3638.29090,05216.6256,000,260703,142426,066,000,1,3,1,861292053604220"},{"data":"+Hooshnic:V1.07,3638.28350,05216.5948,000,260703,142429,056,000,1,3,1,861292053604220"},{"data":"+Hooshnic:V1.07,3638.27760,05216.5685,000,260703,142432,050,000,1,3,1,861292053604220"},{"data":"+Hooshnic:V1.07,3638.27210,05216.5433,000,260703,142435,050,000,1,3,1,861292053604220"},{"data":"+Hooshnic:V1.07,3638.26830,05216.5263,000,260703,142437,046,001,1,3,1,861292053604220"},{"data":"+Hooshnic:V1.07,3638.26270,05216.5044,000,260703,142440,046,000,1,3,1,861292053604220"},{"data":"+Hooshnic:V1.07,3638.25610,05216.4790,000,260703,142443,056,000,1,3,1,861292053604220"},{}]....................................................................ADDRESS_LOCATION = 409600AT+CIPSTART="TCP","api.hooshnics.com",80
AT+CIPSEND=1701
POST /api/gps/reports HTTP/1.1
Host: api.hooshnics.com
Content-Type: application/json
Content-Length: 1588

[{"data":"+Hooshnic:V1.07,3638.51050,05217.4285,000,260703,142307,042,000,1,3,1,861292053604220"},{"data":"+Hooshnic:V1.07,3638.50140,05217.4071,000,260703,142310,048,003,1,3,1,861292053604220"},{"data":"+Hooshnic:V1.07,3638.49590,05217.3913,000,260703,142312,050,000,1,3,1,861292053604220"},{"data":"+Hooshnic:V1.07,3638.48830,05217.3648,000,260703,142315,056,000,1,3,1,861292053604220"},{"data":"+Hooshnic:V1.07,3638.48110,05217.3348,000,260703,142318,060,000,1,3,1,861292053604220"},{"data":"+Hooshnic:V1.07,3638.47280,05217.3028,000,260703,142321,066,000,1,3,1,861292053604220"},{"data":"+Hooshnic:V1.07,3638.46420,05217.2688,000,260703,142324,068,000,1,3,1,861292053604220"},{"data":"+Hooshnic:V1.07,3638.45580,05217.2348,000,260703,142327,066,000,1,3,1,861292053604220"},{"data":"+Hooshnic:V1.07,3638.44990,05217.2131,000,260703,142329,066,000,1,3,1,861292053604220"},{"data":"+Hooshnic:V1.07,3638.44110,05217.1796,000,260703,142332,068,000,1,3,1,861292053604220"},{"data":"+Hooshnic:V1.07,3638.43250,05217.1458,000,260703,142335,066,001,1,3,1,861292053604220"},{"data":"+Hooshnic:V1.07,3638.42450,05217.1159,000,260703,142338,052,000,1,3,1,861292053604220"},{"data":"+Hooshnic:V1.07,3638.41830,05217.0917,000,260703,142341,048,000,1,3,1,861292053604220"},{"data":"+Hooshnic:V1.07,3638.41140,05217.0654,000,260703,142344,056,002,1,3,1,861292053604220"},{"data":"+Hooshnic:V1.07,3638.40420,05217.0365,000,260703,142347,058,000,1,3,1,861292053604220"},{"data":"+Hooshnic:V1.07,3638.37410,05216.9304,000,260703,142358,064,000,1,3,1,861292053604220"},{}]....................................................................ADDRESS_LOCATION = 405504AT+CIPSTART="TCP","api.hooshnics.com",80
AT+CIPSEND=1701
POST /api/gps/reports HTTP/1.1
Host: api.hooshnics.com
Content-Type: application/json
Content-Length: 1588

[{"data":"+Hooshnic:V1.07,3638.61000,05217.8421,000,260703,142221,070,000,1,3,1,861292053604220"},{"data":"+Hooshnic:V1.07,3638.60110,05217.8056,000,260703,142224,072,000,1,3,1,861292053604220"},{"data":"+Hooshnic:V1.07,3638.59200,05217.7685,000,260703,142227,074,001,1,3,1,861292053604220"},{"data":"+Hooshnic:V1.07,3638.58280,05217.7317,000,260703,142230,074,000,1,3,1,861292053604220"},{"data":"+Hooshnic:V1.07,3638.57300,05217.6959,000,260703,142233,070,000,1,3,1,861292053604220"},{"data":"+Hooshnic:V1.07,3638.56380,05217.6605,000,260703,142236,070,000,1,3,1,861292053604220"},{"data":"+Hooshnic:V1.07,3638.55780,05217.6367,000,260703,142238,070,000,1,3,1,861292053604220"},{"data":"+Hooshnic:V1.07,3638.54940,05217.6026,000,260703,142241,066,000,1,3,1,861292053604220"},{"data":"+Hooshnic:V1.07,3638.54240,05217.5706,000,260703,142244,060,001,1,3,1,861292053604220"},{"data":"+Hooshnic:V1.07,3638.53550,05217.5418,000,260703,142247,052,000,1,3,1,861292053604220"},{"data":"+Hooshnic:V1.07,3638.53020,05217.5189,000,260703,142250,040,000,1,3,1,861292053604220"},{"data":"+Hooshnic:V1.07,3638.52570,05217.4997,000,260703,142253,038,003,1,3,1,861292053604220"},{"data":"+Hooshnic:V1.07,3638.52310,05217.4877,000,260703,142255,034,000,1,3,1,861292053604220"},{"data":"+Hooshnic:V1.07,3638.52360,05217.4737,000,260703,142258,024,000,1,3,1,861292053604220"},{"data":"+Hooshnic:V1.07,3638.52260,05217.4615,000,260703,142301,024,005,1,3,1,861292053604220"},{"data":"+Hooshnic:V1.07,3638.51840,05217.4460,000,260703,142304,036,000,1,3,1,861292053604220"},{}]....................................................................ADDRESS_LOCATION = 401408AT+CIPSTART="TCP","api.hooshnics.com",80
AT+CIPSEND=1701
POST /api/gps/reports HTTP/1.1
Host: api.hooshnics.com
Content-Type: application/json
Content-Length: 1588

[{"data":"+Hooshnic:V1.07,3638.73010,05218.3264,000,260703,142136,074,000,1,3,1,861292053604220"},{"data":"+Hooshnic:V1.07,3638.72110,05218.2911,000,260703,142139,066,000,1,3,1,861292053604220"},{"data":"+Hooshnic:V1.07,3638.71360,05218.2614,000,260703,142142,060,000,1,3,1,861292053604220"},{"data":"+Hooshnic:V1.07,3638.70840,05218.2412,000,260703,142144,062,001,1,3,1,861292053604220"},{"data":"+Hooshnic:V1.07,3638.70110,05218.2101,000,260703,142147,062,000,1,3,1,861292053604220"},{"data":"+Hooshnic:V1.07,3638.69480,05218.1790,000,260703,142150,062,000,1,3,1,861292053604220"},{"data":"+Hooshnic:V1.07,3638.68650,05218.1478,000,260703,142153,066,001,1,3,1,861292053604220"},{"data":"+Hooshnic:V1.07,3638.67740,05218.1146,000,260703,142156,068,000,1,3,1,861292053604220"},{"data":"+Hooshnic:V1.07,3638.66840,05218.0795,000,260703,142159,070,000,1,3,1,861292053604220"},{"data":"+Hooshnic:V1.07,3638.65910,05218.0432,000,260703,142202,074,001,1,3,1,861292053604220"},{"data":"+Hooshnic:V1.07,3638.65310,05218.0193,000,260703,142204,072,000,1,3,1,861292053604220"},{"data":"+Hooshnic:V1.07,3638.64500,05217.9858,000,260703,142207,064,000,1,3,1,861292053604220"},{"data":"+Hooshnic:V1.07,3638.63730,05217.9553,000,260703,142210,058,000,1,3,1,861292053604220"},{"data":"+Hooshnic:V1.07,3638.63040,05217.9277,000,260703,142213,054,000,1,3,1,861292053604220"},{"data":"+Hooshnic:V1.07,3638.62330,05217.8994,000,260703,142216,062,000,1,3,1,861292053604220"},{"data":"+Hooshnic:V1.07,3638.61540,05217.8658,000,260703,142219,070,001,1,3,1,861292053604220"},{}]....................................................................ADDRESS_LOCATION = 397312AT+CIPSTART="TCP","api.hooshnics.com",80
AT+CIPSEND=1701
POST /api/gps/reports HTTP/1.1
Host: api.hooshnics.com
Content-Type: application/json
Content-Length: 1588

[{"data":"+Hooshnic:V1.07,3638.92090,05219.0438,000,260703,142042,094,000,1,3,1,861292053604220"},{"data":"+Hooshnic:V1.07,3638.91120,05218.9992,000,260703,142045,088,000,1,3,1,861292053604220"},{"data":"+Hooshnic:V1.07,3638.90050,05218.9549,000,260703,142048,090,000,1,3,1,861292053604220"},{"data":"+Hooshnic:V1.07,3638.88830,05218.9099,000,260703,142051,092,000,1,3,1,861292053604220"},{"data":"+Hooshnic:V1.07,3638.87580,05218.8656,000,260703,142054,088,000,1,3,1,861292053604220"},{"data":"+Hooshnic:V1.07,3638.86850,05218.8376,000,260703,142056,082,000,1,3,1,861292053604220"},{"data":"+Hooshnic:V1.07,3638.85740,05218.7962,000,260703,142059,084,000,1,3,1,861292053604220"},{"data":"+Hooshnic:V1.07,3638.84600,05218.7542,000,260703,142102,086,000,1,3,1,861292053604220"},{"data":"+Hooshnic:V1.07,3638.83460,05218.7110,000,260703,142105,088,000,1,3,1,861292053604220"},{"data":"+Hooshnic:V1.07,3638.82270,05218.6674,000,260703,142108,088,000,1,3,1,861292053604220"},{"data":"+Hooshnic:V1.07,3638.81110,05218.6244,000,260703,142111,084,000,1,3,1,861292053604220"},{"data":"+Hooshnic:V1.07,3638.80370,05218.5968,000,260703,142113,082,000,1,3,1,861292053604220"},{"data":"+Hooshnic:V1.07,3638.79250,05218.5560,000,260703,142116,082,000,1,3,1,861292053604220"},{"data":"+Hooshnic:V1.07,3638.78150,05218.5168,000,260703,142119,078,000,1,3,1,861292053604220"},{"data":"+Hooshnic:V1.07,3638.75010,05218.3996,000,260703,142130,070,000,1,3,1,861292053604220"},{"data":"+Hooshnic:V1.07,3638.73980,05218.3638,000,260703,142133,074,000,1,3,1,861292053604220"},{}]....................................................................ADDRESS_LOCATION = 393216AT+CIPSTART="TCP","api.hooshnics.com",80
AT+CIPSEND=1701
POST /api/gps/reports HTTP/1.1
Host: api.hooshnics.com
Content-Type: application/json
Content-Length: 1588

[{"data":"+Hooshnic:V1.07,3638.96150,05219.7738,000,260703,141957,092,000,1,3,1,861292053604220"},{"data":"+Hooshnic:V1.07,3638.96050,05219.7246,000,260703,142000,094,001,1,3,1,861292053604220"},{"data":"+Hooshnic:V1.07,3638.95980,05219.6909,000,260703,142002,096,000,1,3,1,861292053604220"},{"data":"+Hooshnic:V1.07,3638.95960,05219.6393,000,260703,142005,098,000,1,3,1,861292053604220"},{"data":"+Hooshnic:V1.07,3638.95830,05219.5899,000,260703,142008,090,001,1,3,1,861292053604220"},{"data":"+Hooshnic:V1.07,3638.95500,05219.5446,000,260703,142011,084,000,1,3,1,861292053604220"},{"data":"+Hooshnic:V1.07,3638.95170,05219.4994,000,260703,142014,090,000,1,3,1,861292053604220"},{"data":"+Hooshnic:V1.07,3638.94990,05219.4514,000,260703,142017,094,000,1,3,1,861292053604220"},{"data":"+Hooshnic:V1.07,3638.94820,05219.4187,000,260703,142019,094,000,1,3,1,861292053604220"},{"data":"+Hooshnic:V1.07,3638.94540,05219.3698,000,260703,142022,094,000,1,3,1,861292053604220"},{"data":"+Hooshnic:V1.07,3638.94340,05219.3204,000,260703,142025,094,000,1,3,1,861292053604220"},{"data":"+Hooshnic:V1.07,3638.94160,05219.2710,000,260703,142028,094,000,1,3,1,861292053604220"},{"data":"+Hooshnic:V1.07,3638.94020,05219.2216,000,260703,142031,096,000,1,3,1,861292053604220"},{"data":"+Hooshnic:V1.07,3638.93780,05219.1724,000,260703,142034,094,001,1,3,1,861292053604220"},{"data":"+Hooshnic:V1.07,3638.93500,05219.1397,000,260703,142036,094,000,1,3,1,861292053604220"},{"data":"+Hooshnic:V1.07,3638.92940,05219.0908,000,260703,142039,094,000,1,3,1,861292053604220"},{}]....................................................................ADDRESS_LOCATION = 389120AT+CIPSTART="TCP","api.hooshnics.com",80
AT+CIPSEND=1701
POST /api/gps/reports HTTP/1.1
Host: api.hooshnics.com
Content-Type: application/json
Content-Length: 1588

[{"data":"+Hooshnic:V1.07,3638.98230,05220.4424,000,260703,141911,106,000,1,3,1,861292053604220"},{"data":"+Hooshnic:V1.07,3638.98070,05220.3876,000,260703,141914,104,000,1,3,1,861292053604220"},{"data":"+Hooshnic:V1.07,3638.97900,05220.3333,000,260703,141917,102,001,1,3,1,861292053604220"},{"data":"+Hooshnic:V1.07,3638.97760,05220.2816,000,260703,141920,096,000,1,3,1,861292053604220"},{"data":"+Hooshnic:V1.07,3638.97580,05220.2335,000,260703,141923,088,000,1,3,1,861292053604220"},{"data":"+Hooshnic:V1.07,3638.97380,05220.1908,000,260703,141926,078,000,1,3,1,861292053604220"},{"data":"+Hooshnic:V1.07,3638.97280,05220.1644,000,260703,141928,076,000,1,3,1,861292053604220"},{"data":"+Hooshnic:V1.07,3638.97140,05220.1261,000,260703,141931,072,000,1,3,1,861292053604220"},{"data":"+Hooshnic:V1.07,3638.97020,05220.0898,000,260703,141934,066,000,1,3,1,861292053604220"},{"data":"+Hooshnic:V1.07,3638.96910,05220.0560,000,260703,141937,064,000,1,3,1,861292053604220"},{"data":"+Hooshnic:V1.07,3638.96790,05220.0216,000,260703,141940,068,000,1,3,1,861292053604220"},{"data":"+Hooshnic:V1.07,3638.96690,05219.9841,000,260703,141943,076,001,1,3,1,861292053604220"},{"data":"+Hooshnic:V1.07,3638.96650,05219.9573,000,260703,141945,078,000,1,3,1,861292053604220"},{"data":"+Hooshnic:V1.07,3638.96540,05219.9148,000,260703,141948,084,000,1,3,1,861292053604220"},{"data":"+Hooshnic:V1.07,3638.96400,05219.8699,000,260703,141951,088,000,1,3,1,861292053604220"},{"data":"+Hooshnic:V1.07,3638.96280,05219.8227,000,260703,141954,092,000,1,3,1,861292053604220"},{}]....................................................................ADDRESS_LOCATION = 385024AT+CIPSTART="TCP","api.hooshnics.com",80
AT+CIPSEND=1701
POST /api/gps/reports HTTP/1.1
Host: api.hooshnics.com
Content-Type: application/json
Content-Length: 1588

[{"data":"+Hooshnic:V1.07,3638.97780,05221.3435,000,260703,141818,088,000,1,3,1,861292053604220"},{"data":"+Hooshnic:V1.07,3638.97870,05221.3120,000,260703,141820,090,000,1,3,1,861292053604220"},{"data":"+Hooshnic:V1.07,3638.97980,05221.2642,000,260703,141823,092,000,1,3,1,861292053604220"},{"data":"+Hooshnic:V1.07,3638.98110,05221.2156,000,260703,141826,094,000,1,3,1,861292053604220"},{"data":"+Hooshnic:V1.07,3638.98220,05221.1667,000,260703,141829,094,000,1,3,1,861292053604220"},{"data":"+Hooshnic:V1.07,3638.98340,05221.1180,000,260703,141832,094,000,1,3,1,861292053604220"},{"data":"+Hooshnic:V1.07,3638.98520,05221.0688,000,260703,141835,094,000,1,3,1,861292053604220"},{"data":"+Hooshnic:V1.07,3638.98630,05221.0358,000,260703,141837,094,000,1,3,1,861292053604220"},{"data":"+Hooshnic:V1.07,3638.98750,05220.9860,000,260703,141840,096,000,1,3,1,861292053604220"},{"data":"+Hooshnic:V1.07,3638.98860,05220.9351,000,260703,141843,098,000,1,3,1,861292053604220"},{"data":"+Hooshnic:V1.07,3638.99010,05220.8836,000,260703,141846,100,000,1,3,1,861292053604220"},{"data":"+Hooshnic:V1.07,3638.98970,05220.8315,000,260703,141849,100,000,1,3,1,861292053604220"},{"data":"+Hooshnic:V1.07,3638.98940,05220.7790,000,260703,141852,100,000,1,3,1,861292053604220"},{"data":"+Hooshnic:V1.07,3638.98510,05220.5863,000,260703,141903,100,000,1,3,1,861292053604220"},{"data":"+Hooshnic:V1.07,3638.98410,05220.5332,000,260703,141906,102,000,1,3,1,861292053604220"},{"data":"+Hooshnic:V1.07,3638.98300,05220.4791,000,260703,141909,104,000,1,3,1,861292053604220"},{}]....................................................................ADDRESS_LOCATION = 380928AT+CIPSTART="TCP","api.hooshnics.com",80
AT+CIPSEND=1701
POST /api/gps/reports HTTP/1.1
Host: api.hooshnics.com
Content-Type: application/json
Content-Length: 1588

[{"data":"+Hooshnic:V1.07,3639.03820,05222.0656,000,260703,141732,094,000,1,3,1,861292053604220"},{"data":"+Hooshnic:V1.07,3639.03020,05222.0195,000,260703,141735,088,000,1,3,1,861292053604220"},{"data":"+Hooshnic:V1.07,3639.02350,05221.9773,000,260703,141738,080,000,1,3,1,861292053604220"},{"data":"+Hooshnic:V1.07,3639.01740,05221.9359,000,260703,141741,082,003,1,3,1,861292053604220"},{"data":"+Hooshnic:V1.07,3639.01200,05221.9076,000,260703,141743,086,000,1,3,1,861292053604220"},{"data":"+Hooshnic:V1.07,3639.00350,05221.8635,000,260703,141746,088,000,1,3,1,861292053604220"},{"data":"+Hooshnic:V1.07,3638.99480,05221.8182,000,260703,141749,090,001,1,3,1,861292053604220"},{"data":"+Hooshnic:V1.07,3638.98600,05221.7713,000,260703,141752,094,000,1,3,1,861292053604220"},{"data":"+Hooshnic:V1.07,3638.97810,05221.7226,000,260703,141755,094,000,1,3,1,861292053604220"},{"data":"+Hooshnic:V1.07,3638.97430,05221.6730,000,260703,141758,096,004,1,3,1,861292053604220"},{"data":"+Hooshnic:V1.07,3638.97240,05221.6217,000,260703,141801,100,000,1,3,1,861292053604220"},{"data":"+Hooshnic:V1.07,3638.97270,05221.5869,000,260703,141803,100,000,1,3,1,861292053604220"},{"data":"+Hooshnic:V1.07,3638.97400,05221.5351,000,260703,141806,098,000,1,3,1,861292053604220"},{"data":"+Hooshnic:V1.07,3638.97510,05221.4849,000,260703,141809,094,000,1,3,1,861292053604220"},{"data":"+Hooshnic:V1.07,3638.97580,05221.4370,000,260703,141812,090,000,1,3,1,861292053604220"},{"data":"+Hooshnic:V1.07,3638.97660,05221.3904,000,260703,141815,090,000,1,3,1,861292053604220"},{}]....................................................................ADDRESS_LOCATION = 376832AT+CIPSTART="TCP","api.hooshnics.com",80
AT+CIPSEND=1701
POST /api/gps/reports HTTP/1.1
Host: api.hooshnics.com
Content-Type: application/json
Content-Length: 1588

[{"data":"+Hooshnic:V1.07,3639.17130,05222.8020,000,260703,141647,092,000,1,3,1,861292053604220"},{"data":"+Hooshnic:V1.07,3639.16320,05222.7544,000,260703,141650,092,001,1,3,1,861292053604220"},{"data":"+Hooshnic:V1.07,3639.15750,05222.7239,000,260703,141652,090,000,1,3,1,861292053604220"},{"data":"+Hooshnic:V1.07,3639.14890,05222.6771,000,260703,141655,094,000,1,3,1,861292053604220"},{"data":"+Hooshnic:V1.07,3639.14050,05222.6290,000,260703,141658,096,000,1,3,1,861292053604220"},{"data":"+Hooshnic:V1.07,3639.13170,05222.5799,000,260703,141701,096,000,1,3,1,861292053604220"},{"data":"+Hooshnic:V1.07,3639.12290,05222.5299,000,260703,141704,098,000,1,3,1,861292053604220"},{"data":"+Hooshnic:V1.07,3639.11390,05222.4804,000,260703,141707,098,000,1,3,1,861292053604220"},{"data":"+Hooshnic:V1.07,3639.10800,05222.4473,000,260703,141709,098,000,1,3,1,861292053604220"},{"data":"+Hooshnic:V1.07,3639.09900,05222.3981,000,260703,141712,096,000,1,3,1,861292053604220"},{"data":"+Hooshnic:V1.07,3639.08990,05222.3484,000,260703,141715,098,000,1,3,1,861292053604220"},{"data":"+Hooshnic:V1.07,3639.08040,05222.2986,000,260703,141718,098,000,1,3,1,861292053604220"},{"data":"+Hooshnic:V1.07,3639.07140,05222.2484,000,260703,141721,098,000,1,3,1,861292053604220"},{"data":"+Hooshnic:V1.07,3639.06250,05222.1983,000,260703,141724,098,000,1,3,1,861292053604220"},{"data":"+Hooshnic:V1.07,3639.05350,05222.1485,000,260703,141727,098,000,1,3,1,861292053604220"},{"data":"+Hooshnic:V1.07,3639.04720,05222.1149,000,260703,141729,100,000,1,3,1,861292053604220"},{}]....................................................................ADDRESS_LOCATION = 372736AT+CIPSTART="TCP","api.hooshnics.com",80
AT+CIPSEND=1701
POST /api/gps/reports HTTP/1.1
Host: api.hooshnics.com
Content-Type: application/json
Content-Length: 1588

[{"data":"+Hooshnic:V1.07,3639.32910,05223.6685,000,260703,141553,096,000,1,3,1,861292053604220"},{"data":"+Hooshnic:V1.07,3639.31980,05223.6194,000,260703,141556,098,000,1,3,1,861292053604220"},{"data":"+Hooshnic:V1.07,3639.30960,05223.5693,000,260703,141559,098,000,1,3,1,861292053604220"},{"data":"+Hooshnic:V1.07,3639.30360,05223.5363,000,260703,141601,096,000,1,3,1,861292053604220"},{"data":"+Hooshnic:V1.07,3639.29510,05223.4876,000,260703,141604,096,001,1,3,1,861292053604220"},{"data":"+Hooshnic:V1.07,3639.28780,05223.4384,000,260703,141607,098,000,1,3,1,861292053604220"},{"data":"+Hooshnic:V1.07,3639.27950,05223.3890,000,260703,141610,096,000,1,3,1,861292053604220"},{"data":"+Hooshnic:V1.07,3639.27040,05223.3397,000,260703,141613,096,000,1,3,1,861292053604220"},{"data":"+Hooshnic:V1.07,3639.26160,05223.2913,000,260703,141616,094,000,1,3,1,861292053604220"},{"data":"+Hooshnic:V1.07,3639.25260,05223.2435,000,260703,141619,094,000,1,3,1,861292053604220"},{"data":"+Hooshnic:V1.07,3639.24620,05223.2119,000,260703,141621,094,000,1,3,1,861292053604220"},{"data":"+Hooshnic:V1.07,3639.23650,05223.1641,000,260703,141624,094,000,1,3,1,861292053604220"},{"data":"+Hooshnic:V1.07,3639.20680,05222.9989,000,260703,141635,094,000,1,3,1,861292053604220"},{"data":"+Hooshnic:V1.07,3639.19790,05222.9504,000,260703,141638,096,000,1,3,1,861292053604220"},{"data":"+Hooshnic:V1.07,3639.18890,05222.9006,000,260703,141641,098,000,1,3,1,861292053604220"},{"data":"+Hooshnic:V1.07,3639.18000,05222.8505,000,260703,141644,098,000,1,3,1,861292053604220"},{}]....................................................................ADDRESS_LOCATION = 368640AT+CIPSTART="TCP","api.hooshnics.com",80
AT+CIPSEND=1701
POST /api/gps/reports HTTP/1.1
Host: api.hooshnics.com
Content-Type: application/json
Content-Length: 1588

[{"data":"+Hooshnic:V1.07,3639.57330,05224.3529,000,260703,141507,096,000,1,3,1,861292053604220"},{"data":"+Hooshnic:V1.07,3639.55330,05224.3098,000,260703,141510,094,000,1,3,1,861292053604220"},{"data":"+Hooshnic:V1.07,3639.53340,05224.2661,000,260703,141513,096,000,1,3,1,861292053604220"},{"data":"+Hooshnic:V1.07,3639.51320,05224.2223,000,260703,141516,098,000,1,3,1,861292053604220"},{"data":"+Hooshnic:V1.07,3639.49290,05224.1778,000,260703,141519,098,000,1,3,1,861292053604220"},{"data":"+Hooshnic:V1.07,3639.47270,05224.1346,000,260703,141522,094,001,1,3,1,861292053604220"},{"data":"+Hooshnic:V1.07,3639.45320,05224.0919,000,260703,141525,092,000,1,3,1,861292053604220"},{"data":"+Hooshnic:V1.07,3639.44020,05224.0634,000,260703,141527,092,000,1,3,1,861292053604220"},{"data":"+Hooshnic:V1.07,3639.42070,05224.0218,000,260703,141530,094,000,1,3,1,861292053604220"},{"data":"+Hooshnic:V1.07,3639.40210,05223.9799,000,260703,141533,092,000,1,3,1,861292053604220"},{"data":"+Hooshnic:V1.07,3639.38570,05223.9388,000,260703,141536,088,000,1,3,1,861292053604220"},{"data":"+Hooshnic:V1.07,3639.37140,05223.8946,000,260703,141539,092,003,1,3,1,861292053604220"},{"data":"+Hooshnic:V1.07,3639.35980,05223.8475,000,260703,141542,094,000,1,3,1,861292053604220"},{"data":"+Hooshnic:V1.07,3639.35400,05223.8156,000,260703,141544,092,000,1,3,1,861292053604220"},{"data":"+Hooshnic:V1.07,3639.34670,05223.7677,000,260703,141547,092,002,1,3,1,861292053604220"},{"data":"+Hooshnic:V1.07,3639.33800,05223.7180,000,260703,141550,098,000,1,3,1,861292053604220"},{}]....................................................................ADDRESS_LOCATION = 364544AT+CIPSTART="TCP","api.hooshnics.com",80
AT+CIPSEND=1701
POST /api/gps/reports HTTP/1.1
Host: api.hooshnics.com
Content-Type: application/json
Content-Length: 1588

[{"data":"+Hooshnic:V1.07,3639.75480,05225.0387,000,260703,141422,082,001,1,3,1,861292053604220"},{"data":"+Hooshnic:V1.07,3639.74760,05224.9949,000,260703,141425,086,000,1,3,1,861292053604220"},{"data":"+Hooshnic:V1.07,3639.73940,05224.9499,000,260703,141428,090,000,1,3,1,861292053604220"},{"data":"+Hooshnic:V1.07,3639.73030,05224.9042,000,260703,141431,090,000,1,3,1,861292053604220"},{"data":"+Hooshnic:V1.07,3639.72470,05224.8732,000,260703,141433,090,000,1,3,1,861292053604220"},{"data":"+Hooshnic:V1.07,3639.71610,05224.8261,000,260703,141436,094,000,1,3,1,861292053604220"},{"data":"+Hooshnic:V1.07,3639.70800,05224.7778,000,260703,141439,094,001,1,3,1,861292053604220"},{"data":"+Hooshnic:V1.07,3639.69930,05224.7288,000,260703,141442,096,000,1,3,1,861292053604220"},{"data":"+Hooshnic:V1.07,3639.69060,05224.6790,000,260703,141445,098,000,1,3,1,861292053604220"},{"data":"+Hooshnic:V1.07,3639.68140,05224.6303,000,260703,141448,094,001,1,3,1,861292053604220"},{"data":"+Hooshnic:V1.07,3639.67510,05224.5986,000,260703,141450,094,000,1,3,1,861292053604220"},{"data":"+Hooshnic:V1.07,3639.66310,05224.5509,000,260703,141453,096,000,1,3,1,861292053604220"},{"data":"+Hooshnic:V1.07,3639.64530,05224.5077,000,260703,141456,092,001,1,3,1,861292053604220"},{"data":"+Hooshnic:V1.07,3639.62630,05224.4663,000,260703,141459,092,000,1,3,1,861292053604220"},{"data":"+Hooshnic:V1.07,3639.60690,05224.4245,000,260703,141502,094,000,1,3,1,861292053604220"},{"data":"+Hooshnic:V1.07,3639.58680,05224.3818,000,260703,141505,096,001,1,3,1,861292053604220"},{}]....................................................................ADDRESS_LOCATION = 360448AT+CIPSTART="TCP","api.hooshnics.com",80
AT+CIPSEND=1701
POST /api/gps/reports HTTP/1.1
Host: api.hooshnics.com
Content-Type: application/json
Content-Length: 1588

[{"data":"+Hooshnic:V1.07,3639.89530,05225.7676,000,260703,141328,072,001,1,3,1,861292053604220"},{"data":"+Hooshnic:V1.07,3639.88440,05225.7303,000,260703,141331,076,000,1,3,1,861292053604220"},{"data":"+Hooshnic:V1.07,3639.87420,05225.6906,000,260703,141334,080,000,1,3,1,861292053604220"},{"data":"+Hooshnic:V1.07,3639.86500,05225.6488,000,260703,141337,084,001,1,3,1,861292053604220"},{"data":"+Hooshnic:V1.07,3639.85750,05225.6054,000,260703,141340,084,000,1,3,1,861292053604220"},{"data":"+Hooshnic:V1.07,3639.85250,05225.5764,000,260703,141342,084,000,1,3,1,861292053604220"},{"data":"+Hooshnic:V1.07,3639.84390,05225.5322,000,260703,141345,088,000,1,3,1,861292053604220"},{"data":"+Hooshnic:V1.07,3639.83540,05225.4869,000,260703,141348,090,000,1,3,1,861292053604220"},{"data":"+Hooshnic:V1.07,3639.82670,05225.4409,000,260703,141351,090,000,1,3,1,861292053604220"},{"data":"+Hooshnic:V1.07,3639.81840,05225.3949,000,260703,141354,090,000,1,3,1,861292053604220"},{"data":"+Hooshnic:V1.07,3639.81020,05225.3490,000,260703,141357,090,000,1,3,1,861292053604220"},{"data":"+Hooshnic:V1.07,3639.78450,05225.2080,000,260703,141408,064,000,1,3,1,861292053604220"},{"data":"+Hooshnic:V1.07,3639.77850,05225.1762,000,260703,141411,062,000,1,3,1,861292053604220"},{"data":"+Hooshnic:V1.07,3639.77280,05225.1428,000,260703,141414,068,000,1,3,1,861292053604220"},{"data":"+Hooshnic:V1.07,3639.76870,05225.1193,000,260703,141416,068,000,1,3,1,861292053604220"},{"data":"+Hooshnic:V1.07,3639.76200,05225.0804,000,260703,141419,080,000,1,3,1,861292053604220"},{}]....................................................................ADDRESS_LOCATION = 356352AT+CIPSTART="TCP","api.hooshnics.com",80
AT+CIPSEND=1701
POST /api/gps/reports HTTP/1.1
Host: api.hooshnics.com
Content-Type: application/json
Content-Length: 1588

[{"data":"+Hooshnic:V1.07,3640.18340,05226.1319,000,260703,141243,074,000,1,3,1,861292053604220"},{"data":"+Hooshnic:V1.07,3640.15900,05226.1118,000,260703,141246,062,000,1,3,1,861292053604220"},{"data":"+Hooshnic:V1.07,3640.14030,05226.0961,000,260703,141249,050,000,1,3,1,861292053604220"},{"data":"+Hooshnic:V1.07,3640.12730,05226.0852,000,260703,141251,050,000,1,3,1,861292053604220"},{"data":"+Hooshnic:V1.07,3640.10560,05226.0666,000,260703,141254,066,000,1,3,1,861292053604220"},{"data":"+Hooshnic:V1.07,3640.08160,05226.0469,000,260703,141257,070,000,1,3,1,861292053604220"},{"data":"+Hooshnic:V1.07,3640.05670,05226.0268,000,260703,141300,070,000,1,3,1,861292053604220"},{"data":"+Hooshnic:V1.07,3640.03270,05226.0060,000,260703,141303,070,003,1,3,1,861292053604220"},{"data":"+Hooshnic:V1.07,3640.00860,05225.9815,000,260703,141306,076,000,1,3,1,861292053604220"},{"data":"+Hooshnic:V1.07,3639.99280,05225.9634,000,260703,141308,076,000,1,3,1,861292053604220"},{"data":"+Hooshnic:V1.07,3639.97170,05225.9353,000,260703,141311,070,001,1,3,1,861292053604220"},{"data":"+Hooshnic:V1.07,3639.95490,05225.9082,000,260703,141314,060,000,1,3,1,861292053604220"},{"data":"+Hooshnic:V1.07,3639.94130,05225.8835,000,260703,141317,056,000,1,3,1,861292053604220"},{"data":"+Hooshnic:V1.07,3639.92790,05225.8567,000,260703,141320,064,000,1,3,1,861292053604220"},{"data":"+Hooshnic:V1.07,3639.91490,05225.8250,000,260703,141323,070,000,1,3,1,861292053604220"},{"data":"+Hooshnic:V1.07,3639.90670,05225.8026,000,260703,141325,072,000,1,3,1,861292053604220"},{}]....................................................................ADDRESS_LOCATION = 352256AT+CIPSTART="TCP","api.hooshnics.com",80
AT+CIPSEND=1701
POST /api/gps/reports HTTP/1.1
Host: api.hooshnics.com
Content-Type: application/json
Content-Length: 1588

[{"data":"+Hooshnic:V1.07,3640.42420,05226.5713,000,260703,141157,064,000,1,3,1,861292053604220"},{"data":"+Hooshnic:V1.07,3640.42030,05226.5422,000,260703,141200,050,000,1,3,1,861292053604220"},{"data":"+Hooshnic:V1.07,3640.41630,05226.5142,000,260703,141203,058,001,1,3,1,861292053604220"},{"data":"+Hooshnic:V1.07,3640.41060,05226.4824,000,260703,141206,064,000,1,3,1,861292053604220"},{"data":"+Hooshnic:V1.07,3640.40270,05226.4482,000,260703,141209,070,000,1,3,1,861292053604220"},{"data":"+Hooshnic:V1.07,3640.39230,05226.4134,000,260703,141212,072,003,1,3,1,861292053604220"},{"data":"+Hooshnic:V1.07,3640.37900,05226.3782,000,260703,141215,076,000,1,3,1,861292053604220"},{"data":"+Hooshnic:V1.07,3640.36900,05226.3550,000,260703,141217,076,000,1,3,1,861292053604220"},{"data":"+Hooshnic:V1.07,3640.35190,05226.3203,000,260703,141220,080,001,1,3,1,861292053604220"},{"data":"+Hooshnic:V1.07,3640.33150,05226.2858,000,260703,141223,084,000,1,3,1,861292053604220"},{"data":"+Hooshnic:V1.07,3640.30750,05226.2538,000,260703,141226,080,000,1,3,1,861292053604220"},{"data":"+Hooshnic:V1.07,3640.28490,05226.2260,000,260703,141229,068,002,1,3,1,861292053604220"},{"data":"+Hooshnic:V1.07,3640.26590,05226.2049,000,260703,141232,052,000,1,3,1,861292053604220"},{"data":"+Hooshnic:V1.07,3640.25430,05226.1929,000,260703,141234,056,000,1,3,1,861292053604220"},{"data":"+Hooshnic:V1.07,3640.23410,05226.1728,000,260703,141237,064,002,1,3,1,861292053604220"},{"data":"+Hooshnic:V1.07,3640.20970,05226.1524,000,260703,141240,072,000,1,3,1,861292053604220"},{}]....................................................................ADDRESS_LOCATION = 348160AT+CIPSTART="TCP","api.hooshnics.com",80
AT+CIPSEND=1701
POST /api/gps/reports HTTP/1.1
Host: api.hooshnics.com
Content-Type: application/json
Content-Length: 1588

[{"data":"+Hooshnic:V1.07,3640.49650,05227.1020,000,260703,141104,040,000,1,3,1,861292053604220"},{"data":"+Hooshnic:V1.07,3640.49490,05227.0803,000,260703,141107,042,000,1,3,1,861292053604220"},{"data":"+Hooshnic:V1.07,3640.49300,05227.0650,000,260703,141109,044,005,1,3,1,861292053604220"},{"data":"+Hooshnic:V1.07,3640.48620,05227.0402,000,260703,141112,052,000,1,3,1,861292053604220"},{"data":"+Hooshnic:V1.07,3640.48030,05227.0126,000,260703,141115,054,000,1,3,1,861292053604220"},{"data":"+Hooshnic:V1.07,3640.47600,05226.9863,000,260703,141118,048,001,1,3,1,861292053604220"},{"data":"+Hooshnic:V1.07,3640.47250,05226.9615,000,260703,141121,050,000,1,3,1,861292053604220"},{"data":"+Hooshnic:V1.07,3640.46900,05226.9334,000,260703,141124,058,000,1,3,1,861292053604220"},{"data":"+Hooshnic:V1.07,3640.46640,05226.9121,000,260703,141126,064,000,1,3,1,861292053604220"},{"data":"+Hooshnic:V1.07,3640.46250,05226.8775,000,260703,141129,068,000,1,3,1,861292053604220"},{"data":"+Hooshnic:V1.07,3640.44740,05226.7563,000,260703,141140,058,000,1,3,1,861292053604220"},{"data":"+Hooshnic:V1.07,3640.44340,05226.7270,000,260703,141143,056,000,1,3,1,861292053604220"},{"data":"+Hooshnic:V1.07,3640.43950,05226.6971,000,260703,141146,058,001,1,3,1,861292053604220"},{"data":"+Hooshnic:V1.07,3640.43550,05226.6646,000,260703,141149,064,000,1,3,1,861292053604220"},{"data":"+Hooshnic:V1.07,3640.43120,05226.6296,000,260703,141152,068,000,1,3,1,861292053604220"},{"data":"+Hooshnic:V1.07,3640.42700,05226.5942,000,260703,141155,068,000,1,3,1,861292053604220"},{}]....................................................................ADDRESS_LOCATION = 344064AT+CIPSTART="TCP","api.hooshnics.com",80
AT+CIPSEND=1701
POST /api/gps/reports HTTP/1.1
Host: api.hooshnics.com
Content-Type: application/json
Content-Length: 1588

[{"data":"+Hooshnic:V1.07,3640.54550,05227.5309,000,260703,141018,058,001,1,3,1,861292053604220"},{"data":"+Hooshnic:V1.07,3640.54230,05227.5010,000,260703,141021,060,000,1,3,1,861292053604220"},{"data":"+Hooshnic:V1.07,3640.53870,05227.4705,000,260703,141024,058,000,1,3,1,861292053604220"},{"data":"+Hooshnic:V1.07,3640.53550,05227.4413,000,260703,141027,054,000,1,3,1,861292053604220"},{"data":"+Hooshnic:V1.07,3640.53180,05227.4134,000,260703,141030,052,000,1,3,1,861292053604220"},{"data":"+Hooshnic:V1.07,3640.52930,05227.3949,000,260703,141032,052,000,1,3,1,861292053604220"},{"data":"+Hooshnic:V1.07,3640.52560,05227.3682,000,260703,141035,050,000,1,3,1,861292053604220"},{"data":"+Hooshnic:V1.07,3640.52210,05227.3436,000,260703,141038,046,000,1,3,1,861292053604220"},{"data":"+Hooshnic:V1.07,3640.51820,05227.3193,000,260703,141041,050,000,1,3,1,861292053604220"},{"data":"+Hooshnic:V1.07,3640.51430,05227.2908,000,260703,141044,058,000,1,3,1,861292053604220"},{"data":"+Hooshnic:V1.07,3640.51010,05227.2587,000,260703,141047,062,000,1,3,1,861292053604220"},{"data":"+Hooshnic:V1.07,3640.50600,05227.2250,000,260703,141050,066,000,1,3,1,861292053604220"},{"data":"+Hooshnic:V1.07,3640.50420,05227.2052,000,260703,141052,050,000,1,3,1,861292053604220"},{"data":"+Hooshnic:V1.07,3640.50200,05227.1792,000,260703,141055,052,000,1,3,1,861292053604220"},{"data":"+Hooshnic:V1.07,3640.50040,05227.1502,000,260703,141058,058,000,1,3,1,861292053604220"},{"data":"+Hooshnic:V1.07,3640.49850,05227.1232,000,260703,141101,042,001,1,3,1,861292053604220"},{}]....................................................................ADDRESS_LOCATION = 339968AT+CIPSTART="TCP","api.hooshnics.com",80
AT+CIPSEND=1701
POST /api/gps/reports HTTP/1.1
Host: api.hooshnics.com
Content-Type: application/json
Content-Length: 1588

[{"data":"+Hooshnic:V1.07,3640.60370,05227.9920,000,260703,140933,082,000,1,3,1,861292053604220"},{"data":"+Hooshnic:V1.07,3640.59800,05227.9497,000,260703,140936,082,000,1,3,1,861292053604220"},{"data":"+Hooshnic:V1.07,3640.59240,05227.9077,000,260703,140939,080,000,1,3,1,861292053604220"},{"data":"+Hooshnic:V1.07,3640.58910,05227.8804,000,260703,140941,078,000,1,3,1,861292053604220"},{"data":"+Hooshnic:V1.07,3640.58470,05227.8411,000,260703,140944,074,000,1,3,1,861292053604220"},{"data":"+Hooshnic:V1.07,3640.58080,05227.8046,000,260703,140947,064,000,1,3,1,861292053604220"},{"data":"+Hooshnic:V1.07,3640.57730,05227.7745,000,260703,140950,056,000,1,3,1,861292053604220"},{"data":"+Hooshnic:V1.07,3640.57330,05227.7443,000,260703,140953,062,001,1,3,1,861292053604220"},{"data":"+Hooshnic:V1.07,3640.56990,05227.7126,000,260703,140956,058,000,1,3,1,861292053604220"},{"data":"+Hooshnic:V1.07,3640.56820,05227.6938,000,260703,140958,052,000,1,3,1,861292053604220"},{"data":"+Hooshnic:V1.07,3640.56550,05227.6675,000,260703,141001,048,000,1,3,1,861292053604220"},{"data":"+Hooshnic:V1.07,3640.56290,05227.6431,000,260703,141004,044,000,1,3,1,861292053604220"},{"data":"+Hooshnic:V1.07,3640.56030,05227.6212,000,260703,141007,040,000,1,3,1,861292053604220"},{"data":"+Hooshnic:V1.07,3640.55710,05227.6008,000,260703,141010,040,001,1,3,1,861292053604220"},{"data":"+Hooshnic:V1.07,3640.55280,05227.5782,000,260703,141013,050,000,1,3,1,861292053604220"},{"data":"+Hooshnic:V1.07,3640.54980,05227.5602,000,260703,141015,054,000,1,3,1,861292053604220"},{}]....................................................................ADDRESS_LOCATION = 335872AT+CIPSTART="TCP","api.hooshnics.com",80
AT+CIPSEND=1701
POST /api/gps/reports HTTP/1.1
Host: api.hooshnics.com
Content-Type: application/json
Content-Length: 1588

[{"data":"+Hooshnic:V1.07,3640.66290,05228.6128,000,260703,140839,052,000,1,3,1,861292053604220"},{"data":"+Hooshnic:V1.07,3640.65740,05228.5842,000,260703,140842,060,000,1,3,1,861292053604220"},{"data":"+Hooshnic:V1.07,3640.65260,05228.5516,000,260703,140845,062,000,1,3,1,861292053604220"},{"data":"+Hooshnic:V1.07,3640.64980,05228.5199,000,260703,140848,062,000,1,3,1,861292053604220"},{"data":"+Hooshnic:V1.07,3640.64840,05228.5010,000,260703,140850,050,001,1,3,1,861292053604220"},{"data":"+Hooshnic:V1.07,3640.64640,05228.4754,000,260703,140853,048,000,1,3,1,861292053604220"},{"data":"+Hooshnic:V1.07,3640.64430,05228.4479,000,260703,140856,056,000,1,3,1,861292053604220"},{"data":"+Hooshnic:V1.07,3640.64190,05228.4169,000,260703,140859,062,001,1,3,1,861292053604220"},{"data":"+Hooshnic:V1.07,3640.63870,05228.3829,000,260703,140902,066,000,1,3,1,861292053604220"},{"data":"+Hooshnic:V1.07,3640.62850,05228.2636,000,260703,140913,068,000,1,3,1,861292053604220"},{"data":"+Hooshnic:V1.07,3640.62570,05228.2265,000,260703,140916,072,000,1,3,1,861292053604220"},{"data":"+Hooshnic:V1.07,3640.62290,05228.1875,000,260703,140919,076,001,1,3,1,861292053604220"},{"data":"+Hooshnic:V1.07,3640.61950,05228.1464,000,260703,140922,080,000,1,3,1,861292053604220"},{"data":"+Hooshnic:V1.07,3640.61720,05228.1186,000,260703,140924,080,000,1,3,1,861292053604220"},{"data":"+Hooshnic:V1.07,3640.61300,05228.0765,000,260703,140927,082,000,1,3,1,861292053604220"},{"data":"+Hooshnic:V1.07,3640.60880,05228.0342,000,260703,140930,080,000,1,3,1,861292053604220"},{}]....................................................................ADDRESS_LOCATION = 331776AT+CIPSTART="TCP","api.hooshnics.com",80
AT+CIPSEND=1701
POST /api/gps/reports HTTP/1.1
Host: api.hooshnics.com
Content-Type: application/json
Content-Length: 1588

[{"data":"+Hooshnic:V1.07,3640.77030,05229.1427,000,260703,140754,080,000,1,3,1,861292053604220"},{"data":"+Hooshnic:V1.07,3640.76190,05229.1019,000,260703,140757,078,000,1,3,1,861292053604220"},{"data":"+Hooshnic:V1.07,3640.75660,05229.0750,000,260703,140759,078,001,1,3,1,861292053604220"},{"data":"+Hooshnic:V1.07,3640.74810,05229.0344,000,260703,140802,080,000,1,3,1,861292053604220"},{"data":"+Hooshnic:V1.07,3640.74020,05228.9965,000,260703,140805,068,000,1,3,1,861292053604220"},{"data":"+Hooshnic:V1.07,3640.73340,05228.9650,000,260703,140808,060,001,1,3,1,861292053604220"},{"data":"+Hooshnic:V1.07,3640.72700,05228.9332,000,260703,140811,064,000,1,3,1,861292053604220"},{"data":"+Hooshnic:V1.07,3640.71960,05228.8993,000,260703,140814,068,000,1,3,1,861292053604220"},{"data":"+Hooshnic:V1.07,3640.71480,05228.8756,000,260703,140816,072,001,1,3,1,861292053604220"},{"data":"+Hooshnic:V1.07,3640.70720,05228.8384,000,260703,140819,076,000,1,3,1,861292053604220"},{"data":"+Hooshnic:V1.07,3640.69990,05228.7995,000,260703,140822,076,000,1,3,1,861292053604220"},{"data":"+Hooshnic:V1.07,3640.69150,05228.7602,000,260703,140825,078,000,1,3,1,861292053604220"},{"data":"+Hooshnic:V1.07,3640.68320,05228.7214,000,260703,140828,074,000,1,3,1,861292053604220"},{"data":"+Hooshnic:V1.07,3640.67620,05228.6845,000,260703,140831,072,000,1,3,1,861292053604220"},{"data":"+Hooshnic:V1.07,3640.67230,05228.6628,000,260703,140833,058,001,1,3,1,861292053604220"},{"data":"+Hooshnic:V1.07,3640.66760,05228.6372,000,260703,140836,044,000,1,3,1,861292053604220"},{}]....................................................................ADDRESS_LOCATION = 327680AT+CIPSTART="TCP","api.hooshnics.com",80
AT+CIPSEND=1701
POST /api/gps/reports HTTP/1.1
Host: api.hooshnics.com
Content-Type: application/json
Content-Length: 1588

[{"data":"+Hooshnic:V1.07,3640.88460,05229.6779,000,260703,140708,052,002,1,3,1,861292053604220"},{"data":"+Hooshnic:V1.07,3640.87780,05229.6493,000,260703,140711,056,000,1,3,1,861292053604220"},{"data":"+Hooshnic:V1.07,3640.87030,05229.6196,000,260703,140714,060,000,1,3,1,861292053604220"},{"data":"+Hooshnic:V1.07,3640.86320,05229.5879,000,260703,140717,064,000,1,3,1,861292053604220"},{"data":"+Hooshnic:V1.07,3640.85640,05229.5545,000,260703,140720,066,000,1,3,1,861292053604220"},{"data":"+Hooshnic:V1.07,3640.84960,05229.5230,000,260703,140723,056,000,1,3,1,861292053604220"},{"data":"+Hooshnic:V1.07,3640.84580,05229.5045,000,260703,140725,054,001,1,3,1,861292053604220"},{"data":"+Hooshnic:V1.07,3640.84040,05229.4764,000,260703,140728,058,000,1,3,1,861292053604220"},{"data":"+Hooshnic:V1.07,3640.83420,05229.4449,000,260703,140731,066,000,1,3,1,861292053604220"},{"data":"+Hooshnic:V1.07,3640.82670,05229.4099,000,260703,140734,072,000,1,3,1,861292053604220"},{"data":"+Hooshnic:V1.07,3640.81840,05229.3716,000,260703,140737,078,000,1,3,1,861292053604220"},{"data":"+Hooshnic:V1.07,3640.80990,05229.3317,000,260703,140740,080,000,1,3,1,861292053604220"},{"data":"+Hooshnic:V1.07,3640.80440,05229.3047,000,260703,140742,080,000,1,3,1,861292053604220"},{"data":"+Hooshnic:V1.07,3640.79610,05229.2642,000,260703,140745,080,000,1,3,1,861292053604220"},{"data":"+Hooshnic:V1.07,3640.78770,05229.2237,000,260703,140748,080,000,1,3,1,861292053604220"},{"data":"+Hooshnic:V1.07,3640.77890,05229.1835,000,260703,140751,080,001,1,3,1,861292053604220"},{}]....................................................................ADDRESS_LOCATION = 323584AT+CIPSTART="TCP","api.hooshnics.com",80
AT+CIPSEND=1701
POST /api/gps/reports HTTP/1.1
Host: api.hooshnics.com
Content-Type: application/json
Content-Length: 1588

[{"data":"+Hooshnic:V1.07,3640.97400,05230.1461,000,260703,140615,062,001,1,3,1,861292053604220"},{"data":"+Hooshnic:V1.07,3640.97010,05230.1242,000,260703,140617,064,000,1,3,1,861292053604220"},{"data":"+Hooshnic:V1.07,3640.96360,05230.0915,000,260703,140620,062,000,1,3,1,861292053604220"},{"data":"+Hooshnic:V1.07,3640.95780,05230.0613,000,260703,140623,056,000,1,3,1,861292053604220"},{"data":"+Hooshnic:V1.07,3640.95230,05230.0333,000,260703,140626,054,000,1,3,1,861292053604220"},{"data":"+Hooshnic:V1.07,3640.94690,05230.0043,000,260703,140629,058,000,1,3,1,861292053604220"},{"data":"+Hooshnic:V1.07,3640.94120,05229.9737,000,260703,140632,062,000,1,3,1,861292053604220"},{"data":"+Hooshnic:V1.07,3640.93760,05229.9526,000,260703,140634,062,000,1,3,1,861292053604220"},{"data":"+Hooshnic:V1.07,3640.92150,05229.8605,000,260703,140646,050,000,1,3,1,861292053604220"},{"data":"+Hooshnic:V1.07,3640.91710,05229.8438,000,260703,140648,052,000,1,3,1,861292053604220"},{"data":"+Hooshnic:V1.07,3640.91100,05229.8200,000,260703,140651,046,001,1,3,1,861292053604220"},{"data":"+Hooshnic:V1.07,3640.90550,05229.7956,000,260703,140654,046,000,1,3,1,861292053604220"},{"data":"+Hooshnic:V1.07,3640.89920,05229.7686,000,260703,140657,054,000,1,3,1,861292053604220"},{"data":"+Hooshnic:V1.07,3640.89390,05229.7419,000,260703,140700,052,000,1,3,1,861292053604220"},{"data":"+Hooshnic:V1.07,3640.89010,05229.7173,000,260703,140703,042,000,1,3,1,861292053604220"},{"data":"+Hooshnic:V1.07,3640.88930,05229.7025,000,260703,140705,042,000,1,3,1,861292053604220"},{}]....................................................................ADDRESS_LOCATION = 319488AT+CIPSTART="TCP","api.hooshnics.com",80
AT+CIPSEND=1701
POST /api/gps/reports HTTP/1.1
Host: api.hooshnics.com
Content-Type: application/json
Content-Length: 1588

[{"data":"+Hooshnic:V1.07,3641.01070,05230.2964,000,260703,135900,000,000,1,3,1,861292053604220"},{"data":"+Hooshnic:V1.07,3641.01070,05230.2964,000,260703,135903,000,000,1,3,1,861292053604220"},{"data":"+Hooshnic:V1.07,3641.01070,05230.2964,000,260703,140535,000,000,1,3,1,861292053604220"},{"data":"+Hooshnic:V1.07,3641.01070,05230.2964,000,260703,140538,000,000,1,3,1,861292053604220"},{"data":"+Hooshnic:V1.07,3641.01070,05230.2964,000,260703,140540,000,000,1,3,1,861292053604220"},{"data":"+Hooshnic:V1.07,3641.01070,05230.2964,000,260703,140543,000,000,1,3,1,861292053604220"},{"data":"+Hooshnic:V1.07,3641.01070,05230.2964,000,260703,140546,000,000,1,3,1,861292053604220"},{"data":"+Hooshnic:V1.07,3641.01070,05230.2964,000,260703,140549,000,000,1,3,1,861292053604220"},{"data":"+Hooshnic:V1.07,3641.01080,05230.2959,000,260703,140552,004,000,1,3,1,861292053604220"},{"data":"+Hooshnic:V1.07,3641.00830,05230.2877,000,260703,140555,022,000,1,3,1,861292053604220"},{"data":"+Hooshnic:V1.07,3641.00530,05230.2790,000,260703,140557,020,002,1,3,1,861292053604220"},{"data":"+Hooshnic:V1.07,3641.00160,05230.2667,000,260703,140600,028,000,1,3,1,861292053604220"},{"data":"+Hooshnic:V1.07,3640.99730,05230.2499,000,260703,140603,036,000,1,3,1,861292053604220"},{"data":"+Hooshnic:V1.07,3640.99270,05230.2297,000,260703,140606,044,001,1,3,1,861292053604220"},{"data":"+Hooshnic:V1.07,3640.98700,05230.2050,000,260703,140609,052,000,1,3,1,861292053604220"},{"data":"+Hooshnic:V1.07,3640.98040,05230.1768,000,260703,140612,058,000,1,3,1,861292053604220"},{}]....................................................................ADDRESS_LOCATION = 315392AT+CIPSTART="TCP","api.hooshnics.com",80
AT+CIPSEND=1701
POST /api/gps/reports HTTP/1.1
Host: api.hooshnics.com
Content-Type: application/json
Content-Length: 1588

[{"data":"+Hooshnic:V1.07,3641.03710,05230.5545,000,260703,135807,062,000,1,3,1,861292053604220"},{"data":"+Hooshnic:V1.07,3641.03380,05230.5335,000,260703,135809,062,001,1,3,1,861292053604220"},{"data":"+Hooshnic:V1.07,3641.02980,05230.5003,000,260703,135812,066,000,1,3,1,861292053604220"},{"data":"+Hooshnic:V1.07,3641.02560,05230.4656,000,260703,135815,068,000,1,3,1,861292053604220"},{"data":"+Hooshnic:V1.07,3641.02050,05230.4295,000,260703,135818,072,000,1,3,1,861292053604220"},{"data":"+Hooshnic:V1.07,3641.01560,05230.3937,000,260703,135821,070,000,1,3,1,861292053604220"},{"data":"+Hooshnic:V1.07,3641.01110,05230.3638,000,260703,135824,052,000,1,3,1,861292053604220"},{"data":"+Hooshnic:V1.07,3641.00960,05230.3466,000,260703,135826,048,001,1,3,1,861292053604220"},{"data":"+Hooshnic:V1.07,3641.00730,05230.3272,000,260703,135829,032,000,1,3,1,861292053604220"},{"data":"+Hooshnic:V1.07,3641.00520,05230.3009,000,260703,135840,008,000,1,3,1,861292053604220"},{"data":"+Hooshnic:V1.07,3641.00730,05230.2973,000,260703,135843,010,000,1,3,1,861292053604220"},{"data":"+Hooshnic:V1.07,3641.00850,05230.2937,000,260703,135846,004,000,1,3,1,861292053604220"},{"data":"+Hooshnic:V1.07,3641.00890,05230.2937,000,260703,135849,000,000,1,3,1,861292053604220"},{"data":"+Hooshnic:V1.07,3641.00990,05230.2953,000,260703,135852,000,000,1,3,1,861292053604220"},{"data":"+Hooshnic:V1.07,3641.01030,05230.2960,000,260703,135855,000,000,1,3,1,861292053604220"},{"data":"+Hooshnic:V1.07,3641.01060,05230.2963,000,260703,135857,000,000,1,3,1,861292053604220"},{}]....................................................................ADDRESS_LOCATION = 311296AT+CIPSTART="TCP","api.hooshnics.com",80
AT+CIPSEND=1701
POST /api/gps/reports HTTP/1.1
Host: api.hooshnics.com
Content-Type: application/json
Content-Length: 1588

[{"data":"+Hooshnic:V1.07,3641.09020,05230.9449,000,260703,135721,038,000,1,3,1,861292053604220"},{"data":"+Hooshnic:V1.07,3641.08820,05230.9257,000,260703,135724,038,000,1,3,1,861292053604220"},{"data":"+Hooshnic:V1.07,3641.08500,05230.9037,000,260703,135727,046,002,1,3,1,861292053604220"},{"data":"+Hooshnic:V1.07,3641.08090,05230.8778,000,260703,135730,052,000,1,3,1,861292053604220"},{"data":"+Hooshnic:V1.07,3641.07820,05230.8597,000,260703,135732,052,000,1,3,1,861292053604220"},{"data":"+Hooshnic:V1.07,3641.07410,05230.8345,000,260703,135735,044,002,1,3,1,861292053604220"},{"data":"+Hooshnic:V1.07,3641.07140,05230.8134,000,260703,135738,040,000,1,3,1,861292053604220"},{"data":"+Hooshnic:V1.07,3641.06820,05230.7895,000,260703,135741,048,000,1,3,1,861292053604220"},{"data":"+Hooshnic:V1.07,3641.06440,05230.7626,000,260703,135744,052,001,1,3,1,861292053604220"},{"data":"+Hooshnic:V1.07,3641.06120,05230.7343,000,260703,135747,056,000,1,3,1,861292053604220"},{"data":"+Hooshnic:V1.07,3641.05850,05230.7141,000,260703,135749,058,000,1,3,1,861292053604220"},{"data":"+Hooshnic:V1.07,3641.05550,05230.6885,000,260703,135752,036,000,1,3,1,861292053604220"},{"data":"+Hooshnic:V1.07,3641.05280,05230.6703,000,260703,135755,040,000,1,3,1,861292053604220"},{"data":"+Hooshnic:V1.07,3641.04990,05230.6467,000,260703,135758,050,000,1,3,1,861292053604220"},{"data":"+Hooshnic:V1.07,3641.04620,05230.6180,000,260703,135801,056,001,1,3,1,861292053604220"},{"data":"+Hooshnic:V1.07,3641.04170,05230.5858,000,260703,135804,062,000,1,3,1,861292053604220"},{}]....................................................................ADDRESS_LOCATION = 307200AT+CIPSTART="TCP","api.hooshnics.com",80
AT+CIPSEND=1701
POST /api/gps/reports HTTP/1.1
Host: api.hooshnics.com
Content-Type: application/json
Content-Length: 1588

[{"data":"+Hooshnic:V1.07,3641.10140,05231.3528,000,260703,135636,046,004,1,3,1,861292053604220"},{"data":"+Hooshnic:V1.07,3641.10020,05231.3258,000,260703,135639,054,000,1,3,1,861292053604220"},{"data":"+Hooshnic:V1.07,3641.10020,05231.3060,000,260703,135641,056,000,1,3,1,861292053604220"},{"data":"+Hooshnic:V1.07,3641.10140,05231.2754,000,260703,135644,056,002,1,3,1,861292053604220"},{"data":"+Hooshnic:V1.07,3641.10190,05231.2455,000,260703,135647,056,000,1,3,1,861292053604220"},{"data":"+Hooshnic:V1.07,3641.10050,05231.2165,000,260703,135650,056,000,1,3,1,861292053604220"},{"data":"+Hooshnic:V1.07,3641.09970,05231.1865,000,260703,135653,058,001,1,3,1,861292053604220"},{"data":"+Hooshnic:V1.07,3641.09950,05231.1572,000,260703,135656,054,000,1,3,1,861292053604220"},{"data":"+Hooshnic:V1.07,3641.09980,05231.1385,000,260703,135658,052,000,1,3,1,861292053604220"},{"data":"+Hooshnic:V1.07,3641.09970,05231.1104,000,260703,135701,052,002,1,3,1,861292053604220"},{"data":"+Hooshnic:V1.07,3641.09940,05231.0842,000,260703,135704,046,000,1,3,1,861292053604220"},{"data":"+Hooshnic:V1.07,3641.09870,05231.0618,000,260703,135707,042,000,1,3,1,861292053604220"},{"data":"+Hooshnic:V1.07,3641.09810,05231.0389,000,260703,135710,044,003,1,3,1,861292053604220"},{"data":"+Hooshnic:V1.07,3641.09710,05231.0137,000,260703,135713,050,000,1,3,1,861292053604220"},{"data":"+Hooshnic:V1.07,3641.09590,05230.9957,000,260703,135715,052,000,1,3,1,861292053604220"},{"data":"+Hooshnic:V1.07,3641.09300,05230.9690,000,260703,135718,050,000,1,3,1,861292053604220"},{}]....................................................................ADDRESS_LOCATION = 303104AT+CIPSTART="TCP","api.hooshnics.com",80
AT+CIPSEND=1701
POST /api/gps/reports HTTP/1.1
Host: api.hooshnics.com
Content-Type: application/json
Content-Length: 1588

[{"data":"+Hooshnic:V1.07,3641.16930,05231.7213,000,260703,135542,034,000,1,3,1,861292053604220"},{"data":"+Hooshnic:V1.07,3641.16650,05231.7068,000,260703,135545,022,000,1,3,1,861292053604220"},{"data":"+Hooshnic:V1.07,3641.16530,05231.6967,000,260703,135548,018,000,1,3,1,861292053604220"},{"data":"+Hooshnic:V1.07,3641.16360,05231.6895,000,260703,135550,022,001,1,3,1,861292053604220"},{"data":"+Hooshnic:V1.07,3641.16100,05231.6760,000,260703,135553,030,000,1,3,1,861292053604220"},{"data":"+Hooshnic:V1.07,3641.15770,05231.6583,000,260703,135556,038,000,1,3,1,861292053604220"},{"data":"+Hooshnic:V1.07,3641.15400,05231.6372,000,260703,135559,044,001,1,3,1,861292053604220"},{"data":"+Hooshnic:V1.07,3641.14930,05231.6149,000,260703,135602,042,000,1,3,1,861292053604220"},{"data":"+Hooshnic:V1.07,3641.13100,05231.5174,000,260703,135613,060,000,1,3,1,861292053604220"},{"data":"+Hooshnic:V1.07,3641.12500,05231.4866,000,260703,135616,060,000,1,3,1,861292053604220"},{"data":"+Hooshnic:V1.07,3641.11910,05231.4564,000,260703,135619,058,000,1,3,1,861292053604220"},{"data":"+Hooshnic:V1.07,3641.11370,05231.4278,000,260703,135622,048,000,1,3,1,861292053604220"},{"data":"+Hooshnic:V1.07,3641.11110,05231.4150,000,260703,135624,030,000,1,3,1,861292053604220"},{"data":"+Hooshnic:V1.07,3641.10850,05231.4023,000,260703,135627,024,001,1,3,1,861292053604220"},{"data":"+Hooshnic:V1.07,3641.10620,05231.3904,000,260703,135630,024,000,1,3,1,861292053604220"},{"data":"+Hooshnic:V1.07,3641.10350,05231.3743,000,260703,135633,034,000,1,3,1,861292053604220"},{}]....................................................................ADDRESS_LOCATION = 299008AT+CIPSTART="TCP","api.hooshnics.com",80
AT+CIPSEND=1701
POST /api/gps/reports HTTP/1.1
Host: api.hooshnics.com
Content-Type: application/json
Content-Length: 1588

[{"data":"+Hooshnic:V1.07,3641.22400,05231.9967,000,260703,135457,000,000,1,3,1,861292053604220"},{"data":"+Hooshnic:V1.07,3641.22400,05231.9967,000,260703,135459,000,000,1,3,1,861292053604220"},{"data":"+Hooshnic:V1.07,3641.22350,05231.9890,000,260703,135502,014,000,1,3,1,861292053604220"},{"data":"+Hooshnic:V1.07,3641.22260,05231.9808,000,260703,135505,012,000,1,3,1,861292053604220"},{"data":"+Hooshnic:V1.07,3641.22230,05231.9728,000,260703,135508,016,003,1,3,1,861292053604220"},{"data":"+Hooshnic:V1.07,3641.21950,05231.9590,000,260703,135511,034,000,1,3,1,861292053604220"},{"data":"+Hooshnic:V1.07,3641.21340,05231.9387,000,260703,135514,044,000,1,3,1,861292053604220"},{"data":"+Hooshnic:V1.07,3641.20880,05231.9229,000,260703,135516,048,000,1,3,1,861292053604220"},{"data":"+Hooshnic:V1.07,3641.20260,05231.8993,000,260703,135519,046,000,1,3,1,861292053604220"},{"data":"+Hooshnic:V1.07,3641.19780,05231.8752,000,260703,135522,048,000,1,3,1,861292053604220"},{"data":"+Hooshnic:V1.07,3641.19290,05231.8484,000,260703,135525,052,000,1,3,1,861292053604220"},{"data":"+Hooshnic:V1.07,3641.18810,05231.8211,000,260703,135528,052,000,1,3,1,861292053604220"},{"data":"+Hooshnic:V1.07,3641.18370,05231.7964,000,260703,135531,046,000,1,3,1,861292053604220"},{"data":"+Hooshnic:V1.07,3641.18060,05231.7799,000,260703,135533,048,001,1,3,1,861292053604220"},{"data":"+Hooshnic:V1.07,3641.17580,05231.7564,000,260703,135536,042,000,1,3,1,861292053604220"},{"data":"+Hooshnic:V1.07,3641.17210,05231.7383,000,260703,135539,032,000,1,3,1,861292053604220"},{}]....................................................................ADDRESS_LOCATION = 294912AT+CIPSTART="TCP","api.hooshnics.com",80
AT+CIPSEND=1701
POST /api/gps/reports HTTP/1.1
Host: api.hooshnics.com
Content-Type: application/json
Content-Length: 1588

[{"data":"+Hooshnic:V1.07,3641.22400,05231.9967,000,260703,135411,000,000,1,3,1,861292053604220"},{"data":"+Hooshnic:V1.07,3641.22400,05231.9967,000,260703,135414,000,000,1,3,1,861292053604220"},{"data":"+Hooshnic:V1.07,3641.22400,05231.9967,000,260703,135417,000,000,1,3,1,861292053604220"},{"data":"+Hooshnic:V1.07,3641.22400,05231.9967,000,260703,135420,000,000,1,3,1,861292053604220"},{"data":"+Hooshnic:V1.07,3641.22400,05231.9967,000,260703,135423,000,000,1,3,1,861292053604220"},{"data":"+Hooshnic:V1.07,3641.22400,05231.9967,000,260703,135425,000,000,1,3,1,861292053604220"},{"data":"+Hooshnic:V1.07,3641.22400,05231.9967,000,260703,135428,000,000,1,3,1,861292053604220"},{"data":"+Hooshnic:V1.07,3641.22400,05231.9967,000,260703,135431,000,000,1,3,1,861292053604220"},{"data":"+Hooshnic:V1.07,3641.22400,05231.9967,000,260703,135434,000,000,1,3,1,861292053604220"},{"data":"+Hooshnic:V1.07,3641.22400,05231.9967,000,260703,135437,000,000,1,3,1,861292053604220"},{"data":"+Hooshnic:V1.07,3641.22400,05231.9967,000,260703,135440,000,000,1,3,1,861292053604220"},{"data":"+Hooshnic:V1.07,3641.22400,05231.9967,000,260703,135442,000,000,1,3,1,861292053604220"},{"data":"+Hooshnic:V1.07,3641.22400,05231.9967,000,260703,135445,000,000,1,3,1,861292053604220"},{"data":"+Hooshnic:V1.07,3641.22400,05231.9967,000,260703,135448,000,000,1,3,1,861292053604220"},{"data":"+Hooshnic:V1.07,3641.22400,05231.9967,000,260703,135451,000,000,1,3,1,861292053604220"},{"data":"+Hooshnic:V1.07,3641.22400,05231.9967,000,260703,135454,000,000,1,3,1,861292053604220"},{}]....................................................................ADDRESS_LOCATION = 290816AT+CIPSTART="TCP","api.hooshnics.com",80
AT+CIPSEND=1701
POST /api/gps/reports HTTP/1.1
Host: api.hooshnics.com
Content-Type: application/json
Content-Length: 1588

[{"data":"+Hooshnic:V1.07,3641.29740,05232.4134,000,260703,135317,068,000,1,3,1,861292053604220"},{"data":"+Hooshnic:V1.07,3641.29190,05232.3774,000,260703,135320,072,000,1,3,1,861292053604220"},{"data":"+Hooshnic:V1.07,3641.28590,05232.3419,000,260703,135323,064,000,1,3,1,861292053604220"},{"data":"+Hooshnic:V1.07,3641.28100,05232.3145,000,260703,135326,046,000,1,3,1,861292053604220"},{"data":"+Hooshnic:V1.07,3641.27640,05232.2888,000,260703,135329,046,000,1,3,1,861292053604220"},{"data":"+Hooshnic:V1.07,3641.27150,05232.2595,000,260703,135332,056,000,1,3,1,861292053604220"},{"data":"+Hooshnic:V1.07,3641.26820,05232.2406,000,260703,135334,054,000,1,3,1,861292053604220"},{"data":"+Hooshnic:V1.07,3641.24830,05232.1300,000,260703,135346,058,000,1,3,1,861292053604220"},{"data":"+Hooshnic:V1.07,3641.24280,05232.0994,000,260703,135349,062,000,1,3,1,861292053604220"},{"data":"+Hooshnic:V1.07,3641.23890,05232.0779,000,260703,135351,064,001,1,3,1,861292053604220"},{"data":"+Hooshnic:V1.07,3641.23250,05232.0465,000,260703,135354,060,000,1,3,1,861292053604220"},{"data":"+Hooshnic:V1.07,3641.22720,05232.0206,000,260703,135357,040,000,1,3,1,861292053604220"},{"data":"+Hooshnic:V1.07,3641.22430,05232.0033,000,260703,135400,028,003,1,3,1,861292053604220"},{"data":"+Hooshnic:V1.07,3641.22330,05231.9950,000,260703,135403,000,000,1,3,1,861292053604220"},{"data":"+Hooshnic:V1.07,3641.22390,05231.9962,000,260703,135406,000,000,1,3,1,861292053604220"},{"data":"+Hooshnic:V1.07,3641.22400,05231.9967,000,260703,135408,000,000,1,3,1,861292053604220"},{}]....................................................................ADDRESS_LOCATION = 286720AT+CIPSTART="TCP","api.hooshnics.com",80
AT+CIPSEND=1701
POST /api/gps/reports HTTP/1.1
Host: api.hooshnics.com
Content-Type: application/json
Content-Length: 1588

[{"data":"+Hooshnic:V1.07,3641.34870,05232.8533,000,260703,135232,068,002,1,3,1,861292053604220"},{"data":"+Hooshnic:V1.07,3641.34320,05232.8168,000,260703,135235,072,000,1,3,1,861292053604220"},{"data":"+Hooshnic:V1.07,3641.33860,05232.7797,000,260703,135238,066,000,1,3,1,861292053604220"},{"data":"+Hooshnic:V1.07,3641.33500,05232.7469,000,260703,135241,062,001,1,3,1,861292053604220"},{"data":"+Hooshnic:V1.07,3641.33360,05232.7255,000,260703,135243,060,000,1,3,1,861292053604220"},{"data":"+Hooshnic:V1.07,3641.33200,05232.6972,000,260703,135246,046,000,1,3,1,861292053604220"},{"data":"+Hooshnic:V1.07,3641.33020,05232.6758,000,260703,135249,038,001,1,3,1,861292053604220"},{"data":"+Hooshnic:V1.07,3641.32720,05232.6536,000,260703,135252,048,000,1,3,1,861292053604220"},{"data":"+Hooshnic:V1.07,3641.32380,05232.6266,000,260703,135255,056,000,1,3,1,861292053604220"},{"data":"+Hooshnic:V1.07,3641.31920,05232.5956,000,260703,135258,062,000,1,3,1,861292053604220"},{"data":"+Hooshnic:V1.07,3641.31630,05232.5747,000,260703,135300,060,000,1,3,1,861292053604220"},{"data":"+Hooshnic:V1.07,3641.31270,05232.5450,000,260703,135303,052,000,1,3,1,861292053604220"},{"data":"+Hooshnic:V1.07,3641.30980,05232.5202,000,260703,135306,042,001,1,3,1,861292053604220"},{"data":"+Hooshnic:V1.07,3641.30720,05232.4964,000,260703,135309,048,000,1,3,1,861292053604220"},{"data":"+Hooshnic:V1.07,3641.30440,05232.4682,000,260703,135312,058,000,1,3,1,861292053604220"},{"data":"+Hooshnic:V1.07,3641.30070,05232.4363,000,260703,135315,064,001,1,3,1,861292053604220"},{}]....................................................................ADDRESS_LOCATION = 282624AT+CIPSTART="TCP","api.hooshnics.com",80
AT+CIPSEND=1701
POST /api/gps/reports HTTP/1.1
Host: api.hooshnics.com
Content-Type: application/json
Content-Length: 1588

[{"data":"+Hooshnic:V1.07,3641.39780,05233.2385,000,260703,135147,038,000,1,3,1,861292053604220"},{"data":"+Hooshnic:V1.07,3641.39900,05233.2246,000,260703,135149,040,001,1,3,1,861292053604220"},{"data":"+Hooshnic:V1.07,3641.40060,05233.2032,000,260703,135152,042,000,1,3,1,861292053604220"},{"data":"+Hooshnic:V1.07,3641.39880,05233.1830,000,260703,135155,038,000,1,3,1,861292053604220"},{"data":"+Hooshnic:V1.07,3641.38980,05233.1640,000,260703,135158,044,001,1,3,1,861292053604220"},{"data":"+Hooshnic:V1.07,3641.38180,05233.1439,000,260703,135201,044,000,1,3,1,861292053604220"},{"data":"+Hooshnic:V1.07,3641.37780,05233.1207,000,260703,135204,046,000,1,3,1,861292053604220"},{"data":"+Hooshnic:V1.07,3641.37570,05233.0973,000,260703,135207,042,002,1,3,1,861292053604220"},{"data":"+Hooshnic:V1.07,3641.37380,05233.0822,000,260703,135209,046,000,1,3,1,861292053604220"},{"data":"+Hooshnic:V1.07,3641.37050,05233.0563,000,260703,135212,052,000,1,3,1,861292053604220"},{"data":"+Hooshnic:V1.07,3641.36710,05233.0303,000,260703,135215,048,000,1,3,1,861292053604220"},{"data":"+Hooshnic:V1.07,3641.36430,05233.0039,000,260703,135218,052,000,1,3,1,861292053604220"},{"data":"+Hooshnic:V1.07,3641.36170,05232.9754,000,260703,135221,056,000,1,3,1,861292053604220"},{"data":"+Hooshnic:V1.07,3641.35850,05232.9442,000,260703,135224,060,000,1,3,1,861292053604220"},{"data":"+Hooshnic:V1.07,3641.35630,05232.9224,000,260703,135226,064,000,1,3,1,861292053604220"},{"data":"+Hooshnic:V1.07,3641.35260,05232.8881,000,260703,135229,066,000,1,3,1,861292053604220"},{}]....................................................................ADDRESS_LOCATION = 278528AT+CIPSTART="TCP","api.hooshnics.com",80
AT+CIPSEND=1701
POST /api/gps/reports HTTP/1.1
Host: api.hooshnics.com
Content-Type: application/json
Content-Length: 1588

[{"data":"+Hooshnic:V1.07,3641.45920,05233.8200,000,260703,135053,064,000,1,3,1,861292053604220"},{"data":"+Hooshnic:V1.07,3641.45390,05233.7858,000,260703,135056,070,001,1,3,1,861292053604220"},{"data":"+Hooshnic:V1.07,3641.45030,05233.7609,000,260703,135058,074,000,1,3,1,861292053604220"},{"data":"+Hooshnic:V1.07,3641.44490,05233.7208,000,260703,135101,082,000,1,3,1,861292053604220"},{"data":"+Hooshnic:V1.07,3641.44000,05233.6765,000,260703,135104,088,000,1,3,1,861292053604220"},{"data":"+Hooshnic:V1.07,3641.43540,05233.6340,000,260703,135107,072,000,1,3,1,861292053604220"},{"data":"+Hooshnic:V1.07,3641.42030,05233.4982,000,260703,135118,076,000,1,3,1,861292053604220"},{"data":"+Hooshnic:V1.07,3641.41610,05233.4601,000,260703,135121,066,000,1,3,1,861292053604220"},{"data":"+Hooshnic:V1.07,3641.41260,05233.4291,000,260703,135124,060,000,1,3,1,861292053604220"},{"data":"+Hooshnic:V1.07,3641.40890,05233.3970,000,260703,135127,064,000,1,3,1,861292053604220"},{"data":"+Hooshnic:V1.07,3641.40550,05233.3635,000,260703,135130,064,000,1,3,1,861292053604220"},{"data":"+Hooshnic:V1.07,3641.40380,05233.3419,000,260703,135132,064,001,1,3,1,861292053604220"},{"data":"+Hooshnic:V1.07,3641.40130,05233.3132,000,260703,135135,050,000,1,3,1,861292053604220"},{"data":"+Hooshnic:V1.07,3641.39950,05233.2933,000,260703,135138,032,000,1,3,1,861292053604220"},{"data":"+Hooshnic:V1.07,3641.39820,05233.2751,000,260703,135141,036,001,1,3,1,861292053604220"},{"data":"+Hooshnic:V1.07,3641.39760,05233.2573,000,260703,135144,034,000,1,3,1,861292053604220"},{}]....................................................................ADDRESS_LOCATION = 274432AT+CIPSTART="TCP","api.hooshnics.com",80
AT+CIPSEND=1701
POST /api/gps/reports HTTP/1.1
Host: api.hooshnics.com
Content-Type: application/json
Content-Length: 1588

[{"data":"+Hooshnic:V1.07,3641.51410,05234.5026,000,260703,135007,088,000,1,3,1,861292053604220"},{"data":"+Hooshnic:V1.07,3641.51050,05234.4564,000,260703,135010,090,000,1,3,1,861292053604220"},{"data":"+Hooshnic:V1.07,3641.50670,05234.4090,000,260703,135013,092,000,1,3,1,861292053604220"},{"data":"+Hooshnic:V1.07,3641.50270,05234.3611,000,260703,135016,092,000,1,3,1,861292053604220"},{"data":"+Hooshnic:V1.07,3641.49870,05234.3124,000,260703,135019,094,000,1,3,1,861292053604220"},{"data":"+Hooshnic:V1.07,3641.49540,05234.2639,000,260703,135022,092,001,1,3,1,861292053604220"},{"data":"+Hooshnic:V1.07,3641.49260,05234.2319,000,260703,135024,092,000,1,3,1,861292053604220"},{"data":"+Hooshnic:V1.07,3641.48820,05234.1842,000,260703,135027,092,000,1,3,1,861292053604220"},{"data":"+Hooshnic:V1.07,3641.48420,05234.1360,000,260703,135030,094,000,1,3,1,861292053604220"},{"data":"+Hooshnic:V1.07,3641.48020,05234.0871,000,260703,135033,094,000,1,3,1,861292053604220"},{"data":"+Hooshnic:V1.07,3641.47640,05234.0376,000,260703,135036,096,000,1,3,1,861292053604220"},{"data":"+Hooshnic:V1.07,3641.47270,05233.9878,000,260703,135039,094,000,1,3,1,861292053604220"},{"data":"+Hooshnic:V1.07,3641.47070,05233.9566,000,260703,135041,084,000,1,3,1,861292053604220"},{"data":"+Hooshnic:V1.07,3641.46720,05233.9151,000,260703,135044,074,000,1,3,1,861292053604220"},{"data":"+Hooshnic:V1.07,3641.46400,05233.8814,000,260703,135047,058,000,1,3,1,861292053604220"},{"data":"+Hooshnic:V1.07,3641.46190,05233.8513,000,260703,135050,058,000,1,3,1,861292053604220"},{}]....................................................................ADDRESS_LOCATION = 270336AT+CIPSTART="TCP","api.hooshnics.com",80
AT+CIPSEND=1701
POST /api/gps/reports HTTP/1.1
Host: api.hooshnics.com
Content-Type: application/json
Content-Length: 1588

[{"data":"+Hooshnic:V1.07,3641.57180,05235.1435,000,260703,134922,088,001,1,3,1,861292053604220"},{"data":"+Hooshnic:V1.07,3641.56890,05235.0985,000,260703,134925,086,000,1,3,1,861292053604220"},{"data":"+Hooshnic:V1.07,3641.56560,05235.0538,000,260703,134928,086,000,1,3,1,861292053604220"},{"data":"+Hooshnic:V1.07,3641.56150,05235.0092,000,260703,134931,084,001,1,3,1,861292053604220"},{"data":"+Hooshnic:V1.07,3641.55820,05234.9804,000,260703,134933,082,000,1,3,1,861292053604220"},{"data":"+Hooshnic:V1.07,3641.55300,05234.9379,000,260703,134936,082,000,1,3,1,861292053604220"},{"data":"+Hooshnic:V1.07,3641.54720,05234.8955,000,260703,134939,082,001,1,3,1,861292053604220"},{"data":"+Hooshnic:V1.07,3641.54290,05234.8538,000,260703,134942,078,000,1,3,1,861292053604220"},{"data":"+Hooshnic:V1.07,3641.53960,05234.8140,000,260703,134945,076,000,1,3,1,861292053604220"},{"data":"+Hooshnic:V1.07,3641.53630,05234.7752,000,260703,134948,072,002,1,3,1,861292053604220"},{"data":"+Hooshnic:V1.07,3641.53410,05234.7502,000,260703,134950,074,000,1,3,1,861292053604220"},{"data":"+Hooshnic:V1.07,3641.53090,05234.7101,000,260703,134953,080,000,1,3,1,861292053604220"},{"data":"+Hooshnic:V1.07,3641.52770,05234.6673,000,260703,134956,084,001,1,3,1,861292053604220"},{"data":"+Hooshnic:V1.07,3641.52400,05234.6235,000,260703,134959,084,000,1,3,1,861292053604220"},{"data":"+Hooshnic:V1.07,3641.52010,05234.5784,000,260703,135002,086,000,1,3,1,861292053604220"},{"data":"+Hooshnic:V1.07,3641.51630,05234.5332,000,260703,135005,086,001,1,3,1,861292053604220"},{}]....................................................................ADDRESS_LOCATION = 266240AT+CIPSTART="TCP","api.hooshnics.com",80
AT+CIPSEND=1701
POST /api/gps/reports HTTP/1.1
Host: api.hooshnics.com
Content-Type: application/json
Content-Length: 1588

[{"data":"+Hooshnic:V1.07,3641.63740,05235.9296,000,260703,134828,080,001,1,3,1,861292053604220"},{"data":"+Hooshnic:V1.07,3641.63270,05235.8869,000,260703,134831,084,000,1,3,1,861292053604220"},{"data":"+Hooshnic:V1.07,3641.62760,05235.8429,000,260703,134834,086,000,1,3,1,861292053604220"},{"data":"+Hooshnic:V1.07,3641.62310,05235.7984,000,260703,134837,084,000,1,3,1,861292053604220"},{"data":"+Hooshnic:V1.07,3641.61940,05235.7541,000,260703,134840,084,000,1,3,1,861292053604220"},{"data":"+Hooshnic:V1.07,3641.60570,05235.5884,000,260703,134851,088,000,1,3,1,861292053604220"},{"data":"+Hooshnic:V1.07,3641.60180,05235.5417,000,260703,134854,090,000,1,3,1,861292053604220"},{"data":"+Hooshnic:V1.07,3641.59820,05235.4948,000,260703,134857,090,000,1,3,1,861292053604220"},{"data":"+Hooshnic:V1.07,3641.59580,05235.4640,000,260703,134859,088,000,1,3,1,861292053604220"},{"data":"+Hooshnic:V1.07,3641.59200,05235.4182,000,260703,134902,088,000,1,3,1,861292053604220"},{"data":"+Hooshnic:V1.07,3641.58830,05235.3733,000,260703,134905,086,000,1,3,1,861292053604220"},{"data":"+Hooshnic:V1.07,3641.58490,05235.3348,000,260703,134908,070,000,1,3,1,861292053604220"},{"data":"+Hooshnic:V1.07,3641.58210,05235.2985,000,260703,134911,070,000,1,3,1,861292053604220"},{"data":"+Hooshnic:V1.07,3641.57920,05235.2606,000,260703,134914,076,001,1,3,1,861292053604220"},{"data":"+Hooshnic:V1.07,3641.57760,05235.2329,000,260703,134916,082,000,1,3,1,861292053604220"},{"data":"+Hooshnic:V1.07,3641.57490,05235.1888,000,260703,134919,086,000,1,3,1,861292053604220"},{}]....................................................................ADDRESS_LOCATION = 262144AT+CIPSTART="TCP","api.hooshnics.com",80
AT+CIPSEND=1701
POST /api/gps/reports HTTP/1.1
Host: api.hooshnics.com
Content-Type: application/json
Content-Length: 1588

[{"data":"+Hooshnic:V1.07,3641.67060,05236.3716,000,260703,134743,044,000,1,3,1,861292053604220"},{"data":"+Hooshnic:V1.07,3641.66880,05236.3460,000,260703,134746,054,000,1,3,1,861292053604220"},{"data":"+Hooshnic:V1.07,3641.66630,05236.3151,000,260703,134749,064,000,1,3,1,861292053604220"},{"data":"+Hooshnic:V1.07,3641.66420,05236.2920,000,260703,134751,068,000,1,3,1,861292053604220"},{"data":"+Hooshnic:V1.07,3641.66160,05236.2565,000,260703,134754,066,000,1,3,1,861292053604220"},{"data":"+Hooshnic:V1.07,3641.65970,05236.2242,000,260703,134757,054,000,1,3,1,861292053604220"},{"data":"+Hooshnic:V1.07,3641.65740,05236.1942,000,260703,134800,060,000,1,3,1,861292053604220"},{"data":"+Hooshnic:V1.07,3641.65520,05236.1635,000,260703,134803,054,001,1,3,1,861292053604220"},{"data":"+Hooshnic:V1.07,3641.65300,05236.1395,000,260703,134806,038,000,1,3,1,861292053604220"},{"data":"+Hooshnic:V1.07,3641.65150,05236.1258,000,260703,134808,040,000,1,3,1,861292053604220"},{"data":"+Hooshnic:V1.07,3641.64970,05236.1047,000,260703,134811,040,001,1,3,1,861292053604220"},{"data":"+Hooshnic:V1.07,3641.64770,05236.0816,000,260703,134814,048,000,1,3,1,861292053604220"},{"data":"+Hooshnic:V1.07,3641.64640,05236.0556,000,260703,134817,050,000,1,3,1,861292053604220"},{"data":"+Hooshnic:V1.07,3641.64480,05236.0275,000,260703,134820,058,001,1,3,1,861292053604220"},{"data":"+Hooshnic:V1.07,3641.64280,05235.9944,000,260703,134823,068,000,1,3,1,861292053604220"},{"data":"+Hooshnic:V1.07,3641.64100,05235.9698,000,260703,134825,072,000,1,3,1,861292053604220"},{}]....................................................................ADDRESS_LOCATION = 258048AT+CIPSTART="TCP","api.hooshnics.com",80
AT+CIPSEND=1701
POST /api/gps/reports HTTP/1.1
Host: api.hooshnics.com
Content-Type: application/json
Content-Length: 1588

[{"data":"+Hooshnic:V1.07,3641.69110,05236.6296,000,260703,134658,072,000,1,3,1,861292053604220"},{"data":"+Hooshnic:V1.07,3641.68910,05236.6055,000,260703,134700,068,000,1,3,1,861292053604220"},{"data":"+Hooshnic:V1.07,3641.68720,05236.5759,000,260703,134703,042,001,1,3,1,861292053604220"},{"data":"+Hooshnic:V1.07,3641.68570,05236.5539,000,260703,134706,044,000,1,3,1,861292053604220"},{"data":"+Hooshnic:V1.07,3641.68370,05236.5294,000,260703,134709,044,000,1,3,1,861292053604220"},{"data":"+Hooshnic:V1.07,3641.68150,05236.5082,000,260703,134712,042,000,1,3,1,861292053604220"},{"data":"+Hooshnic:V1.07,3641.68030,05236.4927,000,260703,134714,046,000,1,3,1,861292053604220"},{"data":"+Hooshnic:V1.07,3641.67850,05236.4711,000,260703,134717,036,000,1,3,1,861292053604220"},{"data":"+Hooshnic:V1.07,3641.67790,05236.4555,000,260703,134720,030,000,1,3,1,861292053604220"},{"data":"+Hooshnic:V1.07,3641.67700,05236.4412,000,260703,134723,024,000,1,3,1,861292053604220"},{"data":"+Hooshnic:V1.07,3641.67600,05236.4300,000,260703,134726,014,000,1,3,1,861292053604220"},{"data":"+Hooshnic:V1.07,3641.67530,05236.4235,000,260703,134729,012,000,1,3,1,861292053604220"},{"data":"+Hooshnic:V1.07,3641.67460,05236.4170,000,260703,134732,014,000,1,3,1,861292053604220"},{"data":"+Hooshnic:V1.07,3641.67410,05236.4120,000,260703,134734,014,000,1,3,1,861292053604220"},{"data":"+Hooshnic:V1.07,3641.67310,05236.4042,000,260703,134737,018,001,1,3,1,861292053604220"},{"data":"+Hooshnic:V1.07,3641.67210,05236.3912,000,260703,134740,028,000,1,3,1,861292053604220"},{}]....................................................................ADDRESS_LOCATION = 253952AT+CIPSTART="TCP","api.hooshnics.com",80
AT+CIPSEND=1701
POST /api/gps/reports HTTP/1.1
Host: api.hooshnics.com
Content-Type: application/json
Content-Length: 1588

[{"data":"+Hooshnic:V1.07,3641.74090,05237.2376,000,260703,134604,060,000,1,3,1,861292053604220"},{"data":"+Hooshnic:V1.07,3641.73660,05237.2066,000,260703,134607,060,000,1,3,1,861292053604220"},{"data":"+Hooshnic:V1.07,3641.73400,05237.1851,000,260703,134609,062,002,1,3,1,861292053604220"},{"data":"+Hooshnic:V1.07,3641.73170,05237.1518,000,260703,134612,064,000,1,3,1,861292053604220"},{"data":"+Hooshnic:V1.07,3641.72430,05237.0383,000,260703,134623,054,000,1,3,1,861292053604220"},{"data":"+Hooshnic:V1.07,3641.72190,05237.0078,000,260703,134626,058,000,1,3,1,861292053604220"},{"data":"+Hooshnic:V1.07,3641.71930,05236.9772,000,260703,134629,058,001,1,3,1,861292053604220"},{"data":"+Hooshnic:V1.07,3641.71720,05236.9461,000,260703,134632,060,000,1,3,1,861292053604220"},{"data":"+Hooshnic:V1.07,3641.71460,05236.9129,000,260703,134635,066,000,1,3,1,861292053604220"},{"data":"+Hooshnic:V1.07,3641.71150,05236.8780,000,260703,134638,068,000,1,3,1,861292053604220"},{"data":"+Hooshnic:V1.07,3641.70950,05236.8545,000,260703,134640,068,000,1,3,1,861292053604220"},{"data":"+Hooshnic:V1.07,3641.70670,05236.8189,000,260703,134643,068,000,1,3,1,861292053604220"},{"data":"+Hooshnic:V1.07,3641.70370,05236.7828,000,260703,134646,070,001,1,3,1,861292053604220"},{"data":"+Hooshnic:V1.07,3641.70050,05236.7451,000,260703,134649,072,000,1,3,1,861292053604220"},{"data":"+Hooshnic:V1.07,3641.69730,05236.7074,000,260703,134652,074,000,1,3,1,861292053604220"},{"data":"+Hooshnic:V1.07,3641.69420,05236.6684,000,260703,134655,074,000,1,3,1,861292053604220"},{}]....................................................................ADDRESS_LOCATION = 249856AT+CIPSTART="TCP","api.hooshnics.com",80
AT+CIPSEND=1701
POST /api/gps/reports HTTP/1.1
Host: api.hooshnics.com
Content-Type: application/json
Content-Length: 1588

[{"data":"+Hooshnic:V1.07,3641.78800,05237.6092,000,260703,134518,048,000,1,3,1,861292053604220"},{"data":"+Hooshnic:V1.07,3641.78460,05237.5825,000,260703,134521,054,000,1,3,1,861292053604220"},{"data":"+Hooshnic:V1.07,3641.78260,05237.5546,000,260703,134524,050,000,1,3,1,861292053604220"},{"data":"+Hooshnic:V1.07,3641.78080,05237.5329,000,260703,134527,034,001,1,3,1,861292053604220"},{"data":"+Hooshnic:V1.07,3641.77940,05237.5159,000,260703,134530,036,000,1,3,1,861292053604220"},{"data":"+Hooshnic:V1.07,3641.77740,05237.4945,000,260703,134533,044,000,1,3,1,861292053604220"},{"data":"+Hooshnic:V1.07,3641.77590,05237.4795,000,260703,134535,042,002,1,3,1,861292053604220"},{"data":"+Hooshnic:V1.07,3641.77250,05237.4573,000,260703,134538,044,000,1,3,1,861292053604220"},{"data":"+Hooshnic:V1.07,3641.76890,05237.4328,000,260703,134541,050,000,1,3,1,861292053604220"},{"data":"+Hooshnic:V1.07,3641.76420,05237.4073,000,260703,134544,048,000,1,3,1,861292053604220"},{"data":"+Hooshnic:V1.07,3641.76040,05237.3853,000,260703,134547,040,000,1,3,1,861292053604220"},{"data":"+Hooshnic:V1.07,3641.75820,05237.3723,000,260703,134549,036,000,1,3,1,861292053604220"},{"data":"+Hooshnic:V1.07,3641.75530,05237.3525,000,260703,134552,042,000,1,3,1,861292053604220"},{"data":"+Hooshnic:V1.07,3641.75220,05237.3275,000,260703,134555,052,000,1,3,1,861292053604220"},{"data":"+Hooshnic:V1.07,3641.74880,05237.2990,000,260703,134558,058,000,1,3,1,861292053604220"},{"data":"+Hooshnic:V1.07,3641.74470,05237.2686,000,260703,134601,060,000,1,3,1,861292053604220"},{}]....................................................................ADDRESS_LOCATION = 245760AT+CIPSTART="TCP","api.hooshnics.com",80
AT+CIPSEND=1701
POST /api/gps/reports HTTP/1.1
Host: api.hooshnics.com
Content-Type: application/json
Content-Length: 1588

[{"data":"+Hooshnic:V1.07,3641.83410,05237.9512,000,260703,134433,012,000,1,3,1,861292053604220"},{"data":"+Hooshnic:V1.07,3641.83310,05237.9422,000,260703,134436,018,002,1,3,1,861292053604220"},{"data":"+Hooshnic:V1.07,3641.83190,05237.9328,000,260703,134439,014,000,1,3,1,861292053604220"},{"data":"+Hooshnic:V1.07,3641.83100,05237.9263,000,260703,134441,022,000,1,3,1,861292053604220"},{"data":"+Hooshnic:V1.07,3641.82770,05237.9115,000,260703,134444,036,003,1,3,1,861292053604220"},{"data":"+Hooshnic:V1.07,3641.82310,05237.8903,000,260703,134447,048,000,1,3,1,861292053604220"},{"data":"+Hooshnic:V1.07,3641.81990,05237.8636,000,260703,134450,050,000,1,3,1,861292053604220"},{"data":"+Hooshnic:V1.07,3641.81670,05237.8374,000,260703,134453,050,001,1,3,1,861292053604220"},{"data":"+Hooshnic:V1.07,3641.81360,05237.8126,000,260703,134456,046,000,1,3,1,861292053604220"},{"data":"+Hooshnic:V1.07,3641.81160,05237.7965,000,260703,134458,046,000,1,3,1,861292053604220"},{"data":"+Hooshnic:V1.07,3641.80850,05237.7706,000,260703,134501,052,000,1,3,1,861292053604220"},{"data":"+Hooshnic:V1.07,3641.80470,05237.7430,000,260703,134504,054,000,1,3,1,861292053604220"},{"data":"+Hooshnic:V1.07,3641.80120,05237.7139,000,260703,134507,056,000,1,3,1,861292053604220"},{"data":"+Hooshnic:V1.07,3641.79730,05237.6837,000,260703,134510,058,001,1,3,1,861292053604220"},{"data":"+Hooshnic:V1.07,3641.79380,05237.6536,000,260703,134513,058,000,1,3,1,861292053604220"},{"data":"+Hooshnic:V1.07,3641.79130,05237.6347,000,260703,134515,052,000,1,3,1,861292053604220"},{}]....................................................................ADDRESS_LOCATION = 241664AT+CIPSTART="TCP","api.hooshnics.com",80
AT+CIPSEND=1701
POST /api/gps/reports HTTP/1.1
Host: api.hooshnics.com
Content-Type: application/json
Content-Length: 1588

[{"data":"+Hooshnic:V1.07,3641.92290,05238.2710,000,260703,134339,018,000,1,3,1,861292053604220"},{"data":"+Hooshnic:V1.07,3641.91770,05238.2600,000,260703,134342,028,001,1,3,1,861292053604220"},{"data":"+Hooshnic:V1.07,3641.91090,05238.2448,000,260703,134345,036,000,1,3,1,861292053604220"},{"data":"+Hooshnic:V1.07,3641.87960,05238.1629,000,260703,134356,050,000,1,3,1,861292053604220"},{"data":"+Hooshnic:V1.07,3641.87050,05238.1379,000,260703,134359,054,000,1,3,1,861292053604220"},{"data":"+Hooshnic:V1.07,3641.86100,05238.1113,000,260703,134402,058,002,1,3,1,861292053604220"},{"data":"+Hooshnic:V1.07,3641.85150,05238.0814,000,260703,134405,062,000,1,3,1,861292053604220"},{"data":"+Hooshnic:V1.07,3641.84640,05238.0613,000,260703,134407,060,000,1,3,1,861292053604220"},{"data":"+Hooshnic:V1.07,3641.84160,05238.0317,000,260703,134410,056,001,1,3,1,861292053604220"},{"data":"+Hooshnic:V1.07,3641.83880,05238.0042,000,260703,134413,048,000,1,3,1,861292053604220"},{"data":"+Hooshnic:V1.07,3641.83740,05237.9835,000,260703,134416,026,000,1,3,1,861292053604220"},{"data":"+Hooshnic:V1.07,3641.83780,05237.9739,000,260703,134419,012,004,1,3,1,861292053604220"},{"data":"+Hooshnic:V1.07,3641.83760,05237.9677,000,260703,134422,010,000,1,3,1,861292053604220"},{"data":"+Hooshnic:V1.07,3641.83710,05237.9642,000,260703,134424,008,000,1,3,1,861292053604220"},{"data":"+Hooshnic:V1.07,3641.83620,05237.9613,000,260703,134427,004,000,1,3,1,861292053604220"},{"data":"+Hooshnic:V1.07,3641.83520,05237.9574,000,260703,134430,010,000,1,3,1,861292053604220"},{}]....................................................................ADDRESS_LOCATION = 237568AT+CIPSTART="TCP","api.hooshnics.com",80
AT+CIPSEND=1701
POST /api/gps/reports HTTP/1.1
Host: api.hooshnics.com
Content-Type: application/json
Content-Length: 1588

[{"data":"+Hooshnic:V1.07,3641.95540,05238.5103,000,260703,134254,032,000,1,3,1,861292053604220"},{"data":"+Hooshnic:V1.07,3641.95580,05238.4957,000,260703,134257,024,000,1,3,1,861292053604220"},{"data":"+Hooshnic:V1.07,3641.95540,05238.4863,000,260703,134259,030,001,1,3,1,861292053604220"},{"data":"+Hooshnic:V1.07,3641.95360,05238.4685,000,260703,134302,034,000,1,3,1,861292053604220"},{"data":"+Hooshnic:V1.07,3641.95190,05238.4511,000,260703,134305,034,000,1,3,1,861292053604220"},{"data":"+Hooshnic:V1.07,3641.95010,05238.4330,000,260703,134308,036,002,1,3,1,861292053604220"},{"data":"+Hooshnic:V1.07,3641.94820,05238.4143,000,260703,134311,034,000,1,3,1,861292053604220"},{"data":"+Hooshnic:V1.07,3641.94700,05238.3976,000,260703,134314,028,000,1,3,1,861292053604220"},{"data":"+Hooshnic:V1.07,3641.94620,05238.3895,000,260703,134316,018,002,1,3,1,861292053604220"},{"data":"+Hooshnic:V1.07,3641.94460,05238.3794,000,260703,134319,020,000,1,3,1,861292053604220"},{"data":"+Hooshnic:V1.07,3641.94300,05238.3668,000,260703,134322,028,000,1,3,1,861292053604220"},{"data":"+Hooshnic:V1.07,3641.94080,05238.3486,000,260703,134325,040,001,1,3,1,861292053604220"},{"data":"+Hooshnic:V1.07,3641.93860,05238.3249,000,260703,134328,044,000,1,3,1,861292053604220"},{"data":"+Hooshnic:V1.07,3641.93370,05238.3038,000,260703,134331,040,000,1,3,1,861292053604220"},{"data":"+Hooshnic:V1.07,3641.93000,05238.2907,000,260703,134333,036,003,1,3,1,861292053604220"},{"data":"+Hooshnic:V1.07,3641.92560,05238.2779,000,260703,134336,014,000,1,3,1,861292053604220"},{}]....................................................................ADDRESS_LOCATION = 233472AT+CIPSTART="TCP","api.hooshnics.com",80
AT+CIPSEND=1701
POST /api/gps/reports HTTP/1.1
Host: api.hooshnics.com
Content-Type: application/json
Content-Length: 1588

[{"data":"+Hooshnic:V1.07,3641.94820,05238.6732,000,260703,134208,010,004,1,3,1,861292053604220"},{"data":"+Hooshnic:V1.07,3641.95440,05238.6678,000,260703,134211,022,000,1,3,1,861292053604220"},{"data":"+Hooshnic:V1.07,3641.95730,05238.6589,000,260703,134214,014,000,1,3,1,861292053604220"},{"data":"+Hooshnic:V1.07,3641.95370,05238.6509,000,260703,134217,022,025,1,3,1,861292053604220"},{"data":"+Hooshnic:V1.07,3641.94880,05238.6449,000,260703,134220,010,000,1,3,1,861292053604220"},{"data":"+Hooshnic:V1.07,3641.94760,05238.6434,000,260703,134222,004,000,1,3,1,861292053604220"},{"data":"+Hooshnic:V1.07,3641.94580,05238.6409,000,260703,134225,008,002,1,3,1,861292053604220"},{"data":"+Hooshnic:V1.07,3641.94350,05238.6373,000,260703,134228,008,000,1,3,1,861292053604220"},{"data":"+Hooshnic:V1.07,3641.94220,05238.6317,000,260703,134231,014,000,1,3,1,861292053604220"},{"data":"+Hooshnic:V1.07,3641.94290,05238.6207,000,260703,134234,026,002,1,3,1,861292053604220"},{"data":"+Hooshnic:V1.07,3641.94470,05238.6048,000,260703,134237,030,000,1,3,1,861292053604220"},{"data":"+Hooshnic:V1.07,3641.94610,05238.5876,000,260703,134240,032,000,1,3,1,861292053604220"},{"data":"+Hooshnic:V1.07,3641.94740,05238.5764,000,260703,134242,032,001,1,3,1,861292053604220"},{"data":"+Hooshnic:V1.07,3641.94910,05238.5604,000,260703,134245,030,000,1,3,1,861292053604220"},{"data":"+Hooshnic:V1.07,3641.95090,05238.5450,000,260703,134248,032,000,1,3,1,861292053604220"},{"data":"+Hooshnic:V1.07,3641.95350,05238.5280,000,260703,134251,034,001,1,3,1,861292053604220"},{}]....................................................................ADDRESS_LOCATION = 229376AT+CIPSTART="TCP","api.hooshnics.com",80
AT+CIPSEND=1701
POST /api/gps/reports HTTP/1.1
Host: api.hooshnics.com
Content-Type: application/json
Content-Length: 1588

[{"data":"+Hooshnic:V1.07,3641.90020,05239.0005,000,260703,134115,022,005,1,3,1,861292053604220"},{"data":"+Hooshnic:V1.07,3641.89820,05238.9926,000,260703,134117,022,000,1,3,1,861292053604220"},{"data":"+Hooshnic:V1.07,3641.91010,05238.8985,000,260703,134129,050,000,1,3,1,861292053604220"},{"data":"+Hooshnic:V1.07,3641.91240,05238.8813,000,260703,134131,048,000,1,3,1,861292053604220"},{"data":"+Hooshnic:V1.07,3641.91490,05238.8593,000,260703,134134,034,001,1,3,1,861292053604220"},{"data":"+Hooshnic:V1.07,3641.91610,05238.8451,000,260703,134137,024,000,1,3,1,861292053604220"},{"data":"+Hooshnic:V1.07,3641.91840,05238.8314,000,260703,134140,028,000,1,3,1,861292053604220"},{"data":"+Hooshnic:V1.07,3641.92070,05238.8161,000,260703,134143,028,000,1,3,1,861292053604220"},{"data":"+Hooshnic:V1.07,3641.92330,05238.8013,000,260703,134146,030,000,1,3,1,861292053604220"},{"data":"+Hooshnic:V1.07,3641.92520,05238.7890,000,260703,134148,040,000,1,3,1,861292053604220"},{"data":"+Hooshnic:V1.07,3641.92870,05238.7657,000,260703,134151,048,001,1,3,1,861292053604220"},{"data":"+Hooshnic:V1.07,3641.93190,05238.7421,000,260703,134154,042,000,1,3,1,861292053604220"},{"data":"+Hooshnic:V1.07,3641.93340,05238.7193,000,260703,134157,042,000,1,3,1,861292053604220"},{"data":"+Hooshnic:V1.07,3641.93490,05238.6979,000,260703,134200,036,002,1,3,1,861292053604220"},{"data":"+Hooshnic:V1.07,3641.93860,05238.6830,000,260703,134203,024,000,1,3,1,861292053604220"},{"data":"+Hooshnic:V1.07,3641.94340,05238.6776,000,260703,134205,018,000,1,3,1,861292053604220"},{}]....................................................................ADDRESS_LOCATION = 225280AT+CIPSTART="TCP","api.hooshnics.com",80
AT+CIPSEND=1701
POST /api/gps/reports HTTP/1.1
Host: api.hooshnics.com
Content-Type: application/json
Content-Length: 1588

[{"data":"+Hooshnic:V1.07,3641.88050,05239.1171,000,260703,134029,036,000,1,3,1,861292053604220"},{"data":"+Hooshnic:V1.07,3641.88130,05239.1002,000,260703,134032,024,002,1,3,1,861292053604220"},{"data":"+Hooshnic:V1.07,3641.88160,05239.0893,000,260703,134035,016,000,1,3,1,861292053604220"},{"data":"+Hooshnic:V1.07,3641.88060,05239.0799,000,260703,134038,020,000,1,3,1,861292053604220"},{"data":"+Hooshnic:V1.07,3641.88010,05239.0720,000,260703,134040,024,001,1,3,1,861292053604220"},{"data":"+Hooshnic:V1.07,3641.88080,05239.0588,000,260703,134043,024,000,1,3,1,861292053604220"},{"data":"+Hooshnic:V1.07,3641.88510,05239.0465,000,260703,134046,026,000,1,3,1,861292053604220"},{"data":"+Hooshnic:V1.07,3641.89030,05239.0357,000,260703,134049,018,000,1,3,1,861292053604220"},{"data":"+Hooshnic:V1.07,3641.89390,05239.0301,000,260703,134052,012,000,1,3,1,861292053604220"},{"data":"+Hooshnic:V1.07,3641.89680,05239.0253,000,260703,134055,008,000,1,3,1,861292053604220"},{"data":"+Hooshnic:V1.07,3641.89780,05239.0222,000,260703,134057,010,002,1,3,1,861292053604220"},{"data":"+Hooshnic:V1.07,3641.90090,05239.0183,000,260703,134100,000,000,1,3,1,861292053604220"},{"data":"+Hooshnic:V1.07,3641.90160,05239.0181,000,260703,134103,000,000,1,3,1,861292053604220"},{"data":"+Hooshnic:V1.07,3641.90280,05239.0141,000,260703,134106,012,004,1,3,1,861292053604220"},{"data":"+Hooshnic:V1.07,3641.90300,05239.0104,000,260703,134109,004,000,1,3,1,861292053604220"},{"data":"+Hooshnic:V1.07,3641.90240,05239.0074,000,260703,134112,006,000,1,3,1,861292053604220"},{}]....................................................................ADDRESS_LOCATION = 221184AT+CIPSTART="TCP","api.hooshnics.com",80
AT+CIPSEND=1701
POST /api/gps/reports HTTP/1.1
Host: api.hooshnics.com
Content-Type: application/json
Content-Length: 1588

[{"data":"+Hooshnic:V1.07,3641.88540,05239.4286,000,260703,133944,040,000,1,3,1,861292053604220"},{"data":"+Hooshnic:V1.07,3641.88580,05239.4081,000,260703,133947,038,000,1,3,1,861292053604220"},{"data":"+Hooshnic:V1.07,3641.88590,05239.3944,000,260703,133949,040,000,1,3,1,861292053604220"},{"data":"+Hooshnic:V1.07,3641.88530,05239.3728,000,260703,133952,042,000,1,3,1,861292053604220"},{"data":"+Hooshnic:V1.07,3641.88440,05239.3516,000,260703,133955,038,000,1,3,1,861292053604220"},{"data":"+Hooshnic:V1.07,3641.88370,05239.3328,000,260703,133958,032,001,1,3,1,861292053604220"},{"data":"+Hooshnic:V1.07,3641.88170,05239.3183,000,260703,134001,024,000,1,3,1,861292053604220"},{"data":"+Hooshnic:V1.07,3641.87920,05239.3066,000,260703,134004,028,000,1,3,1,861292053604220"},{"data":"+Hooshnic:V1.07,3641.87770,05239.2951,000,260703,134006,036,003,1,3,1,861292053604220"},{"data":"+Hooshnic:V1.07,3641.87680,05239.2737,000,260703,134009,044,000,1,3,1,861292053604220"},{"data":"+Hooshnic:V1.07,3641.87440,05239.2505,000,260703,134012,044,000,1,3,1,861292053604220"},{"data":"+Hooshnic:V1.07,3641.87410,05239.2262,000,260703,134015,046,002,1,3,1,861292053604220"},{"data":"+Hooshnic:V1.07,3641.87500,05239.2018,000,260703,134018,046,000,1,3,1,861292053604220"},{"data":"+Hooshnic:V1.07,3641.87640,05239.1778,000,260703,134021,046,000,1,3,1,861292053604220"},{"data":"+Hooshnic:V1.07,3641.87750,05239.1621,000,260703,134023,044,002,1,3,1,861292053604220"},{"data":"+Hooshnic:V1.07,3641.87910,05239.1386,000,260703,134026,044,000,1,3,1,861292053604220"},{}]....................................................................ADDRESS_LOCATION = 217088AT+CIPSTART="TCP","api.hooshnics.com",80
AT+CIPSEND=1701
POST /api/gps/reports HTTP/1.1
Host: api.hooshnics.com
Content-Type: application/json
Content-Length: 1588

[{"data":"+Hooshnic:V1.07,3641.90590,05239.8013,000,260703,133850,020,000,1,3,1,861292053604220"},{"data":"+Hooshnic:V1.07,3641.89280,05239.7384,000,260703,133901,044,000,1,3,1,861292053604220"},{"data":"+Hooshnic:V1.07,3641.88860,05239.7141,000,260703,133904,048,000,1,3,1,861292053604220"},{"data":"+Hooshnic:V1.07,3641.88650,05239.6882,000,260703,133907,048,002,1,3,1,861292053604220"},{"data":"+Hooshnic:V1.07,3641.88540,05239.6622,000,260703,133910,050,000,1,3,1,861292053604220"},{"data":"+Hooshnic:V1.07,3641.88460,05239.6372,000,260703,133913,042,000,1,3,1,861292053604220"},{"data":"+Hooshnic:V1.07,3641.88430,05239.6238,000,260703,133915,034,000,1,3,1,861292053604220"},{"data":"+Hooshnic:V1.07,3641.88400,05239.6055,000,260703,133918,034,000,1,3,1,861292053604220"},{"data":"+Hooshnic:V1.07,3641.88360,05239.5857,000,260703,133921,040,000,1,3,1,861292053604220"},{"data":"+Hooshnic:V1.07,3641.88330,05239.5654,000,260703,133924,038,001,1,3,1,861292053604220"},{"data":"+Hooshnic:V1.07,3641.88380,05239.5457,000,260703,133927,036,000,1,3,1,861292053604220"},{"data":"+Hooshnic:V1.07,3641.88440,05239.5261,000,260703,133930,038,000,1,3,1,861292053604220"},{"data":"+Hooshnic:V1.07,3641.88470,05239.5123,000,260703,133932,038,001,1,3,1,861292053604220"},{"data":"+Hooshnic:V1.07,3641.88490,05239.4923,000,260703,133935,038,000,1,3,1,861292053604220"},{"data":"+Hooshnic:V1.07,3641.88470,05239.4723,000,260703,133938,038,000,1,3,1,861292053604220"},{"data":"+Hooshnic:V1.07,3641.88470,05239.4505,000,260703,133941,042,000,1,3,1,861292053604220"},{}]....................................................................ADDRESS_LOCATION = 212992AT+CIPSTART="TCP","api.hooshnics.com",80
AT+CIPSEND=1701
POST /api/gps/reports HTTP/1.1
Host: api.hooshnics.com
Content-Type: application/json
Content-Length: 1588

[{"data":"+Hooshnic:V1.07,3641.96820,05240.1384,000,260703,133805,048,002,1,3,1,861292053604220"},{"data":"+Hooshnic:V1.07,3641.96420,05240.1218,000,260703,133807,050,000,1,3,1,861292053604220"},{"data":"+Hooshnic:V1.07,3641.95850,05240.0961,000,260703,133810,052,000,1,3,1,861292053604220"},{"data":"+Hooshnic:V1.07,3641.95330,05240.0690,000,260703,133813,054,000,1,3,1,861292053604220"},{"data":"+Hooshnic:V1.07,3641.94830,05240.0414,000,260703,133816,054,000,1,3,1,861292053604220"},{"data":"+Hooshnic:V1.07,3641.94350,05240.0130,000,260703,133819,056,000,1,3,1,861292053604220"},{"data":"+Hooshnic:V1.07,3641.93810,05239.9833,000,260703,133822,060,000,1,3,1,861292053604220"},{"data":"+Hooshnic:V1.07,3641.93420,05239.9629,000,260703,133824,062,000,1,3,1,861292053604220"},{"data":"+Hooshnic:V1.07,3641.92750,05239.9325,000,260703,133827,058,000,1,3,1,861292053604220"},{"data":"+Hooshnic:V1.07,3641.92190,05239.9051,000,260703,133830,050,000,1,3,1,861292053604220"},{"data":"+Hooshnic:V1.07,3641.91760,05239.8814,000,260703,133833,040,000,1,3,1,861292053604220"},{"data":"+Hooshnic:V1.07,3641.91440,05239.8638,000,260703,133836,032,000,1,3,1,861292053604220"},{"data":"+Hooshnic:V1.07,3641.91400,05239.8462,000,260703,133839,032,010,1,3,1,861292053604220"},{"data":"+Hooshnic:V1.07,3641.91430,05239.8346,000,260703,133841,032,000,1,3,1,861292053604220"},{"data":"+Hooshnic:V1.07,3641.91280,05239.8197,000,260703,133844,024,000,1,3,1,861292053604220"},{"data":"+Hooshnic:V1.07,3641.90910,05239.8101,000,260703,133847,016,002,1,3,1,861292053604220"},{}]....................................................................ADDRESS_LOCATION = 208896AT+CIPSTART="TCP","api.hooshnics.com",80
AT+CIPSEND=1701
POST /api/gps/reports HTTP/1.1
Host: api.hooshnics.com
Content-Type: application/json
Content-Length: 1588

[{"data":"+Hooshnic:V1.07,3642.20110,05240.3113,000,260703,133719,022,000,1,3,1,861292053604220"},{"data":"+Hooshnic:V1.07,3642.18840,05240.3112,000,260703,133722,032,002,1,3,1,861292053604220"},{"data":"+Hooshnic:V1.07,3642.17130,05240.3089,000,260703,133725,046,000,1,3,1,861292053604220"},{"data":"+Hooshnic:V1.07,3642.14970,05240.3070,000,260703,133728,054,000,1,3,1,861292053604220"},{"data":"+Hooshnic:V1.07,3642.13380,05240.3055,000,260703,133730,056,002,1,3,1,861292053604220"},{"data":"+Hooshnic:V1.07,3642.10950,05240.3031,000,260703,133733,056,000,1,3,1,861292053604220"},{"data":"+Hooshnic:V1.07,3642.08880,05240.3018,000,260703,133736,040,000,1,3,1,861292053604220"},{"data":"+Hooshnic:V1.07,3642.07080,05240.3003,000,260703,133739,046,003,1,3,1,861292053604220"},{"data":"+Hooshnic:V1.07,3642.05020,05240.2954,000,260703,133742,050,000,1,3,1,861292053604220"},{"data":"+Hooshnic:V1.07,3642.03090,05240.2820,000,260703,133745,054,000,1,3,1,861292053604220"},{"data":"+Hooshnic:V1.07,3642.01940,05240.2694,000,260703,133747,054,005,1,3,1,861292053604220"},{"data":"+Hooshnic:V1.07,3642.00560,05240.2474,000,260703,133750,050,000,1,3,1,861292053604220"},{"data":"+Hooshnic:V1.07,3641.99620,05240.2250,000,260703,133753,046,000,1,3,1,861292053604220"},{"data":"+Hooshnic:V1.07,3641.98860,05240.2032,000,260703,133756,044,000,1,3,1,861292053604220"},{"data":"+Hooshnic:V1.07,3641.98130,05240.1813,000,260703,133759,044,000,1,3,1,861292053604220"},{"data":"+Hooshnic:V1.07,3641.97470,05240.1610,000,260703,133802,042,000,1,3,1,861292053604220"},{}]....................................................................ADDRESS_LOCATION = 204800AT+CIPSTART="TCP","api.hooshnics.com",80
AT+CIPSEND=1701
POST /api/gps/reports HTTP/1.1
Host: api.hooshnics.com
Content-Type: application/json
Content-Length: 1588

[{"data":"+Hooshnic:V1.07,3642.24750,05240.5272,000,260703,133634,060,000,1,3,1,861292053604220"},{"data":"+Hooshnic:V1.07,3642.24380,05240.5070,000,260703,133636,060,000,1,3,1,861292053604220"},{"data":"+Hooshnic:V1.07,3642.23860,05240.4762,000,260703,133639,060,002,1,3,1,861292053604220"},{"data":"+Hooshnic:V1.07,3642.23370,05240.4475,000,260703,133642,052,000,1,3,1,861292053604220"},{"data":"+Hooshnic:V1.07,3642.22980,05240.4224,000,260703,133645,044,000,1,3,1,861292053604220"},{"data":"+Hooshnic:V1.07,3642.22670,05240.4021,000,260703,133648,034,000,1,3,1,861292053604220"},{"data":"+Hooshnic:V1.07,3642.22400,05240.3846,000,260703,133651,034,000,1,3,1,861292053604220"},{"data":"+Hooshnic:V1.07,3642.22160,05240.3696,000,260703,133654,024,000,1,3,1,861292053604220"},{"data":"+Hooshnic:V1.07,3642.22070,05240.3619,000,260703,133656,020,001,1,3,1,861292053604220"},{"data":"+Hooshnic:V1.07,3642.21930,05240.3516,000,260703,133659,018,000,1,3,1,861292053604220"},{"data":"+Hooshnic:V1.07,3642.21760,05240.3410,000,260703,133702,022,000,1,3,1,861292053604220"},{"data":"+Hooshnic:V1.07,3642.21590,05240.3293,000,260703,133705,018,004,1,3,1,861292053604220"},{"data":"+Hooshnic:V1.07,3642.21350,05240.3211,000,260703,133708,014,000,1,3,1,861292053604220"},{"data":"+Hooshnic:V1.07,3642.21150,05240.3167,000,260703,133711,004,000,1,3,1,861292053604220"},{"data":"+Hooshnic:V1.07,3642.21080,05240.3154,000,260703,133713,002,000,1,3,1,861292053604220"},{"data":"+Hooshnic:V1.07,3642.20870,05240.3132,000,260703,133716,012,000,1,3,1,861292053604220"},{}]....................................................................ADDRESS_LOCATION = 200704AT+CIPSTART="TCP","api.hooshnics.com",80
AT+CIPSEND=1701
POST /api/gps/reports HTTP/1.1
Host: api.hooshnics.com
Content-Type: application/json
Content-Length: 1588

[{"data":"+Hooshnic:V1.07,3642.31570,05240.9435,000,260703,133540,030,000,1,3,1,861292053604220"},{"data":"+Hooshnic:V1.07,3642.31230,05240.9241,000,260703,133543,042,000,1,3,1,861292053604220"},{"data":"+Hooshnic:V1.07,3642.30790,05240.9013,000,260703,133546,046,000,1,3,1,861292053604220"},{"data":"+Hooshnic:V1.07,3642.30500,05240.8859,000,260703,133548,042,000,1,3,1,861292053604220"},{"data":"+Hooshnic:V1.07,3642.30120,05240.8660,000,260703,133551,032,000,1,3,1,861292053604220"},{"data":"+Hooshnic:V1.07,3642.29960,05240.8525,000,260703,133554,024,001,1,3,1,861292053604220"},{"data":"+Hooshnic:V1.07,3642.29790,05240.8386,000,260703,133557,030,000,1,3,1,861292053604220"},{"data":"+Hooshnic:V1.07,3642.29480,05240.8194,000,260703,133600,042,000,1,3,1,861292053604220"},{"data":"+Hooshnic:V1.07,3642.29080,05240.7974,000,260703,133603,046,001,1,3,1,861292053604220"},{"data":"+Hooshnic:V1.07,3642.28790,05240.7811,000,260703,133605,048,000,1,3,1,861292053604220"},{"data":"+Hooshnic:V1.07,3642.28430,05240.7554,000,260703,133608,052,000,1,3,1,861292053604220"},{"data":"+Hooshnic:V1.07,3642.28100,05240.7270,000,260703,133611,050,001,1,3,1,861292053604220"},{"data":"+Hooshnic:V1.07,3642.27710,05240.7051,000,260703,133614,036,000,1,3,1,861292053604220"},{"data":"+Hooshnic:V1.07,3642.27390,05240.6838,000,260703,133617,046,000,1,3,1,861292053604220"},{"data":"+Hooshnic:V1.07,3642.27100,05240.6594,000,260703,133620,046,002,1,3,1,861292053604220"},{"data":"+Hooshnic:V1.07,3642.26920,05240.6424,000,260703,133622,050,000,1,3,1,861292053604220"},{}]....................................................................ADDRESS_LOCATION = 196608AT+CIPSTART="TCP","api.hooshnics.com",80
AT+CIPSEND=1701
POST /api/gps/reports HTTP/1.1
Host: api.hooshnics.com
Content-Type: application/json
Content-Length: 1588

[{"data":"+Hooshnic:V1.07,3642.36160,05241.1971,000,260703,133454,028,001,1,3,1,861292053604220"},{"data":"+Hooshnic:V1.07,3642.35950,05241.1852,000,260703,133457,020,000,1,3,1,861292053604220"},{"data":"+Hooshnic:V1.07,3642.35740,05241.1756,000,260703,133500,020,000,1,3,1,861292053604220"},{"data":"+Hooshnic:V1.07,3642.35540,05241.1652,000,260703,133503,020,002,1,3,1,861292053604220"},{"data":"+Hooshnic:V1.07,3642.35370,05241.1555,000,260703,133506,018,000,1,3,1,861292053604220"},{"data":"+Hooshnic:V1.07,3642.35250,05241.1492,000,260703,133509,010,000,1,3,1,861292053604220"},{"data":"+Hooshnic:V1.07,3642.35050,05241.1420,000,260703,133512,020,003,1,3,1,861292053604220"},{"data":"+Hooshnic:V1.07,3642.34800,05241.1332,000,260703,133514,030,000,1,3,1,861292053604220"},{"data":"+Hooshnic:V1.07,3642.34450,05241.1139,000,260703,133517,042,000,1,3,1,861292053604220"},{"data":"+Hooshnic:V1.07,3642.34010,05241.0888,000,260703,133520,052,001,1,3,1,861292053604220"},{"data":"+Hooshnic:V1.07,3642.33530,05241.0600,000,260703,133523,058,000,1,3,1,861292053604220"},{"data":"+Hooshnic:V1.07,3642.33020,05241.0302,000,260703,133526,054,000,1,3,1,861292053604220"},{"data":"+Hooshnic:V1.07,3642.32630,05241.0053,000,260703,133529,042,001,1,3,1,861292053604220"},{"data":"+Hooshnic:V1.07,3642.32430,05240.9917,000,260703,133531,036,000,1,3,1,861292053604220"},{"data":"+Hooshnic:V1.07,3642.32140,05240.9760,000,260703,133534,026,000,1,3,1,861292053604220"},{"data":"+Hooshnic:V1.07,3642.31820,05240.9596,000,260703,133537,032,000,1,3,1,861292053604220"},{}]....................................................................ADDRESS_LOCATION = 192512AT+CIPSTART="TCP","api.hooshnics.com",80
AT+CIPSEND=1701
POST /api/gps/reports HTTP/1.1
Host: api.hooshnics.com
Content-Type: application/json
Content-Length: 1588

[{"data":"+Hooshnic:V1.07,3642.40860,05241.6240,000,260703,133409,074,000,1,3,1,861292053604220"},{"data":"+Hooshnic:V1.07,3642.41460,05241.5862,000,260703,133412,072,004,1,3,1,861292053604220"},{"data":"+Hooshnic:V1.07,3642.41400,05241.5499,000,260703,133415,068,000,1,3,1,861292053604220"},{"data":"+Hooshnic:V1.07,3642.40920,05241.5149,000,260703,133418,068,000,1,3,1,861292053604220"},{"data":"+Hooshnic:V1.07,3642.40550,05241.4932,000,260703,133420,058,001,1,3,1,861292053604220"},{"data":"+Hooshnic:V1.07,3642.40080,05241.4667,000,260703,133423,048,000,1,3,1,861292053604220"},{"data":"+Hooshnic:V1.07,3642.39650,05241.4415,000,260703,133426,050,000,1,3,1,861292053604220"},{"data":"+Hooshnic:V1.07,3642.39190,05241.4147,000,260703,133429,056,000,1,3,1,861292053604220"},{"data":"+Hooshnic:V1.07,3642.38720,05241.3838,000,260703,133432,062,000,1,3,1,861292053604220"},{"data":"+Hooshnic:V1.07,3642.38190,05241.3503,000,260703,133435,066,000,1,3,1,861292053604220"},{"data":"+Hooshnic:V1.07,3642.37630,05241.3162,000,260703,133438,066,001,1,3,1,861292053604220"},{"data":"+Hooshnic:V1.07,3642.37240,05241.2932,000,260703,133440,066,000,1,3,1,861292053604220"},{"data":"+Hooshnic:V1.07,3642.36830,05241.2632,000,260703,133443,048,000,1,3,1,861292053604220"},{"data":"+Hooshnic:V1.07,3642.36720,05241.2417,000,260703,133446,036,000,1,3,1,861292053604220"},{"data":"+Hooshnic:V1.07,3642.36570,05241.2246,000,260703,133449,030,000,1,3,1,861292053604220"},{"data":"+Hooshnic:V1.07,3642.36320,05241.2076,000,260703,133452,034,000,1,3,1,861292053604220"},{}]....................................................................ADDRESS_LOCATION = 188416AT+CIPSTART="TCP","api.hooshnics.com",80
AT+CIPSEND=1701
POST /api/gps/reports HTTP/1.1
Host: api.hooshnics.com
Content-Type: application/json
Content-Length: 1588

[{"data":"+Hooshnic:V1.07,3642.23790,05242.2328,000,260703,133315,070,000,1,3,1,861292053604220"},{"data":"+Hooshnic:V1.07,3642.24740,05242.1968,000,260703,133318,074,000,1,3,1,861292053604220"},{"data":"+Hooshnic:V1.07,3642.25810,05242.1601,000,260703,133321,074,000,1,3,1,861292053604220"},{"data":"+Hooshnic:V1.07,3642.26960,05242.1255,000,260703,133324,072,000,1,3,1,861292053604220"},{"data":"+Hooshnic:V1.07,3642.27940,05242.0891,000,260703,133327,072,002,1,3,1,861292053604220"},{"data":"+Hooshnic:V1.07,3642.28840,05242.0562,000,260703,133330,058,000,1,3,1,861292053604220"},{"data":"+Hooshnic:V1.07,3642.29350,05242.0376,000,260703,133332,056,000,1,3,1,861292053604220"},{"data":"+Hooshnic:V1.07,3642.30190,05242.0080,000,260703,133335,064,000,1,3,1,861292053604220"},{"data":"+Hooshnic:V1.07,3642.31150,05241.9742,000,260703,133338,072,000,1,3,1,861292053604220"},{"data":"+Hooshnic:V1.07,3642.32220,05241.9383,000,260703,133341,074,000,1,3,1,861292053604220"},{"data":"+Hooshnic:V1.07,3642.33270,05241.9013,000,260703,133344,076,000,1,3,1,861292053604220"},{"data":"+Hooshnic:V1.07,3642.34360,05241.8642,000,260703,133347,072,000,1,3,1,861292053604220"},{"data":"+Hooshnic:V1.07,3642.35010,05241.8422,000,260703,133349,062,000,1,3,1,861292053604220"},{"data":"+Hooshnic:V1.07,3642.35780,05241.8147,000,260703,133352,052,001,1,3,1,861292053604220"},{"data":"+Hooshnic:V1.07,3642.36570,05241.7868,000,260703,133355,060,000,1,3,1,861292053604220"},{"data":"+Hooshnic:V1.07,3642.39930,05241.6615,000,260703,133406,074,000,1,3,1,861292053604220"},{}]....................................................................ADDRESS_LOCATION = 184320AT+CIPSTART="TCP","api.hooshnics.com",80
AT+CIPSEND=1701
POST /api/gps/reports HTTP/1.1
Host: api.hooshnics.com
Content-Type: application/json
Content-Length: 1588

[{"data":"+Hooshnic:V1.07,3642.09430,05242.6343,000,260703,133230,070,000,1,3,1,861292053604220"},{"data":"+Hooshnic:V1.07,3642.10910,05242.6022,000,260703,133233,070,000,1,3,1,861292053604220"},{"data":"+Hooshnic:V1.07,3642.12360,05242.5710,000,260703,133236,064,000,1,3,1,861292053604220"},{"data":"+Hooshnic:V1.07,3642.13240,05242.5538,000,260703,133238,052,000,1,3,1,861292053604220"},{"data":"+Hooshnic:V1.07,3642.14110,05242.5346,000,260703,133241,036,000,1,3,1,861292053604220"},{"data":"+Hooshnic:V1.07,3642.14850,05242.5177,000,260703,133244,040,000,1,3,1,861292053604220"},{"data":"+Hooshnic:V1.07,3642.15760,05242.4968,000,260703,133247,050,000,1,3,1,861292053604220"},{"data":"+Hooshnic:V1.07,3642.16780,05242.4721,000,260703,133250,056,000,1,3,1,861292053604220"},{"data":"+Hooshnic:V1.07,3642.17810,05242.4434,000,260703,133253,064,002,1,3,1,861292053604220"},{"data":"+Hooshnic:V1.07,3642.18500,05242.4219,000,260703,133255,068,000,1,3,1,861292053604220"},{"data":"+Hooshnic:V1.07,3642.19440,05242.3884,000,260703,133258,070,000,1,3,1,861292053604220"},{"data":"+Hooshnic:V1.07,3642.20250,05242.3583,000,260703,133301,056,001,1,3,1,861292053604220"},{"data":"+Hooshnic:V1.07,3642.20950,05242.3328,000,260703,133304,046,000,1,3,1,861292053604220"},{"data":"+Hooshnic:V1.07,3642.21530,05242.3110,000,260703,133307,046,000,1,3,1,861292053604220"},{"data":"+Hooshnic:V1.07,3642.22260,05242.2856,000,260703,133310,056,001,1,3,1,861292053604220"},{"data":"+Hooshnic:V1.07,3642.22830,05242.2661,000,260703,133312,062,000,1,3,1,861292053604220"},{}]....................................................................ADDRESS_LOCATION = 180224AT+CIPSTART="TCP","api.hooshnics.com",80
AT+CIPSEND=1701
POST /api/gps/reports HTTP/1.1
Host: api.hooshnics.com
Content-Type: application/json
Content-Length: 1588

[{"data":"+Hooshnic:V1.07,3641.93820,05242.9812,000,260703,133145,064,001,1,3,1,861292053604220"},{"data":"+Hooshnic:V1.07,3641.94760,05242.9617,000,260703,133147,064,000,1,3,1,861292053604220"},{"data":"+Hooshnic:V1.07,3641.96050,05242.9336,000,260703,133150,062,000,1,3,1,861292053604220"},{"data":"+Hooshnic:V1.07,3641.97290,05242.9067,000,260703,133153,056,000,1,3,1,861292053604220"},{"data":"+Hooshnic:V1.07,3641.98430,05242.8824,000,260703,133156,050,000,1,3,1,861292053604220"},{"data":"+Hooshnic:V1.07,3641.99430,05242.8601,000,260703,133159,046,000,1,3,1,861292053604220"},{"data":"+Hooshnic:V1.07,3642.00170,05242.8430,000,260703,133202,028,004,1,3,1,861292053604220"},{"data":"+Hooshnic:V1.07,3642.00420,05242.8390,000,260703,133204,014,000,1,3,1,861292053604220"},{"data":"+Hooshnic:V1.07,3642.00710,05242.8344,000,260703,133207,016,000,1,3,1,861292053604220"},{"data":"+Hooshnic:V1.07,3642.01220,05242.8223,000,260703,133210,032,003,1,3,1,861292053604220"},{"data":"+Hooshnic:V1.07,3642.01960,05242.8037,000,260703,133213,046,000,1,3,1,861292053604220"},{"data":"+Hooshnic:V1.07,3642.03030,05242.7801,000,260703,133216,056,000,1,3,1,861292053604220"},{"data":"+Hooshnic:V1.07,3642.04260,05242.7522,000,260703,133219,064,001,1,3,1,861292053604220"},{"data":"+Hooshnic:V1.07,3642.05140,05242.7319,000,260703,133221,066,000,1,3,1,861292053604220"},{"data":"+Hooshnic:V1.07,3642.06510,05242.6997,000,260703,133224,070,000,1,3,1,861292053604220"},{"data":"+Hooshnic:V1.07,3642.07940,05242.6667,000,260703,133227,072,001,1,3,1,861292053604220"},{}]....................................................................ADDRESS_LOCATION = 176128AT+CIPSTART="TCP","api.hooshnics.com",80
AT+CIPSEND=1701
POST /api/gps/reports HTTP/1.1
Host: api.hooshnics.com
Content-Type: application/json
Content-Length: 1588

[{"data":"+Hooshnic:V1.07,3641.66010,05243.5967,000,260703,133051,070,000,1,3,1,861292053604220"},{"data":"+Hooshnic:V1.07,3641.67520,05243.5632,000,260703,133054,076,000,1,3,1,861292053604220"},{"data":"+Hooshnic:V1.07,3641.68590,05243.5393,000,260703,133056,080,000,1,3,1,861292053604220"},{"data":"+Hooshnic:V1.07,3641.70230,05243.5022,000,260703,133059,082,000,1,3,1,861292053604220"},{"data":"+Hooshnic:V1.07,3641.71870,05243.4646,000,260703,133102,082,000,1,3,1,861292053604220"},{"data":"+Hooshnic:V1.07,3641.73590,05243.4272,000,260703,133105,082,000,1,3,1,861292053604220"},{"data":"+Hooshnic:V1.07,3641.75270,05243.3898,000,260703,133108,082,001,1,3,1,861292053604220"},{"data":"+Hooshnic:V1.07,3641.76910,05243.3527,000,260703,133111,080,000,1,3,1,861292053604220"},{"data":"+Hooshnic:V1.07,3641.78550,05243.3172,000,260703,133114,076,000,1,3,1,861292053604220"},{"data":"+Hooshnic:V1.07,3641.79630,05243.2940,000,260703,133116,076,001,1,3,1,861292053604220"},{"data":"+Hooshnic:V1.07,3641.81270,05243.2585,000,260703,133119,078,000,1,3,1,861292053604220"},{"data":"+Hooshnic:V1.07,3641.82940,05243.2217,000,260703,133122,082,000,1,3,1,861292053604220"},{"data":"+Hooshnic:V1.07,3641.84670,05243.1841,000,260703,133125,084,000,1,3,1,861292053604220"},{"data":"+Hooshnic:V1.07,3641.86400,05243.1459,000,260703,133128,082,000,1,3,1,861292053604220"},{"data":"+Hooshnic:V1.07,3641.91440,05243.0330,000,260703,133139,052,000,1,3,1,861292053604220"},{"data":"+Hooshnic:V1.07,3641.92520,05243.0081,000,260703,133142,056,000,1,3,1,861292053604220"},{}]....................................................................ADDRESS_LOCATION = 172032AT+CIPSTART="TCP","api.hooshnics.com",80
AT+CIPSEND=1701
POST /api/gps/reports HTTP/1.1
Host: api.hooshnics.com
Content-Type: application/json
Content-Length: 1588

[{"data":"+Hooshnic:V1.07,3641.57300,05244.0650,000,260703,133005,080,000,1,3,1,861292053604220"},{"data":"+Hooshnic:V1.07,3641.55550,05244.0283,000,260703,133008,080,000,1,3,1,861292053604220"},{"data":"+Hooshnic:V1.07,3641.53950,05243.9924,000,260703,133011,076,000,1,3,1,861292053604220"},{"data":"+Hooshnic:V1.07,3641.52960,05243.9552,000,260703,133014,074,000,1,3,1,861292053604220"},{"data":"+Hooshnic:V1.07,3641.52860,05243.9174,000,260703,133017,074,012,1,3,1,861292053604220"},{"data":"+Hooshnic:V1.07,3641.53290,05243.8919,000,260703,133019,076,000,1,3,1,861292053604220"},{"data":"+Hooshnic:V1.07,3641.54460,05243.8561,000,260703,133022,072,000,1,3,1,861292053604220"},{"data":"+Hooshnic:V1.07,3641.55860,05243.8233,000,260703,133025,070,000,1,3,1,861292053604220"},{"data":"+Hooshnic:V1.07,3641.57230,05243.7922,000,260703,133028,064,000,1,3,1,861292053604220"},{"data":"+Hooshnic:V1.07,3641.58360,05243.7668,000,260703,133031,046,000,1,3,1,861292053604220"},{"data":"+Hooshnic:V1.07,3641.59210,05243.7480,000,260703,133034,040,001,1,3,1,861292053604220"},{"data":"+Hooshnic:V1.07,3641.60100,05243.7284,000,260703,133037,046,000,1,3,1,861292053604220"},{"data":"+Hooshnic:V1.07,3641.60790,05243.7130,000,260703,133039,052,000,1,3,1,861292053604220"},{"data":"+Hooshnic:V1.07,3641.61980,05243.6874,000,260703,133042,058,000,1,3,1,861292053604220"},{"data":"+Hooshnic:V1.07,3641.63200,05243.6586,000,260703,133045,064,000,1,3,1,861292053604220"},{"data":"+Hooshnic:V1.07,3641.64570,05243.6281,000,260703,133048,068,000,1,3,1,861292053604220"},{}]....................................................................ADDRESS_LOCATION = 167936AT+CIPSTART="TCP","api.hooshnics.com",80
AT+CIPSEND=1701
POST /api/gps/reports HTTP/1.1
Host: api.hooshnics.com
Content-Type: application/json
Content-Length: 1588

[{"data":"+Hooshnic:V1.07,3641.56330,05244.5423,000,260703,132920,060,000,1,3,1,861292053604220"},{"data":"+Hooshnic:V1.07,3641.58070,05244.5255,000,260703,132923,050,000,1,3,1,861292053604220"},{"data":"+Hooshnic:V1.07,3641.59900,05244.5070,000,260703,132926,058,000,1,3,1,861292053604220"},{"data":"+Hooshnic:V1.07,3641.61260,05244.4929,000,260703,132928,066,000,1,3,1,861292053604220"},{"data":"+Hooshnic:V1.07,3641.63480,05244.4697,000,260703,132931,070,000,1,3,1,861292053604220"},{"data":"+Hooshnic:V1.07,3641.65790,05244.4446,000,260703,132934,072,001,1,3,1,861292053604220"},{"data":"+Hooshnic:V1.07,3641.67810,05244.4159,000,260703,132937,074,000,1,3,1,861292053604220"},{"data":"+Hooshnic:V1.07,3641.68990,05244.3796,000,260703,132940,076,000,1,3,1,861292053604220"},{"data":"+Hooshnic:V1.07,3641.69040,05244.3392,000,260703,132943,076,008,1,3,1,861292053604220"},{"data":"+Hooshnic:V1.07,3641.68600,05244.3126,000,260703,132945,076,000,1,3,1,861292053604220"},{"data":"+Hooshnic:V1.07,3641.67250,05244.2737,000,260703,132948,080,000,1,3,1,861292053604220"},{"data":"+Hooshnic:V1.07,3641.65400,05244.2361,000,260703,132951,084,001,1,3,1,861292053604220"},{"data":"+Hooshnic:V1.07,3641.63530,05244.1976,000,260703,132954,086,000,1,3,1,861292053604220"},{"data":"+Hooshnic:V1.07,3641.61750,05244.1604,000,260703,132957,078,000,1,3,1,861292053604220"},{"data":"+Hooshnic:V1.07,3641.60090,05244.1250,000,260703,133000,076,000,1,3,1,861292053604220"},{"data":"+Hooshnic:V1.07,3641.59010,05244.1012,000,260703,133002,078,000,1,3,1,861292053604220"},{}]....................................................................ADDRESS_LOCATION = 163840AT+CIPSTART="TCP","api.hooshnics.com",80
AT+CIPSEND=1701
POST /api/gps/reports HTTP/1.1
Host: api.hooshnics.com
Content-Type: application/json
Content-Length: 1588

[{"data":"+Hooshnic:V1.07,3641.09940,05244.9677,000,260703,132826,080,000,1,3,1,861292053604220"},{"data":"+Hooshnic:V1.07,3641.12690,05244.9431,000,260703,132829,080,000,1,3,1,861292053604220"},{"data":"+Hooshnic:V1.07,3641.15470,05244.9175,000,260703,132832,084,000,1,3,1,861292053604220"},{"data":"+Hooshnic:V1.07,3641.18340,05244.8914,000,260703,132835,086,000,1,3,1,861292053604220"},{"data":"+Hooshnic:V1.07,3641.20260,05244.8735,000,260703,132837,086,000,1,3,1,861292053604220"},{"data":"+Hooshnic:V1.07,3641.23180,05244.8459,000,260703,132840,086,000,1,3,1,861292053604220"},{"data":"+Hooshnic:V1.07,3641.26160,05244.8182,000,260703,132843,088,000,1,3,1,861292053604220"},{"data":"+Hooshnic:V1.07,3641.29070,05244.7914,000,260703,132846,084,000,1,3,1,861292053604220"},{"data":"+Hooshnic:V1.07,3641.31890,05244.7652,000,260703,132849,082,000,1,3,1,861292053604220"},{"data":"+Hooshnic:V1.07,3641.34540,05244.7415,000,260703,132852,072,000,1,3,1,861292053604220"},{"data":"+Hooshnic:V1.07,3641.36700,05244.7218,000,260703,132855,056,000,1,3,1,861292053604220"},{"data":"+Hooshnic:V1.07,3641.37890,05244.7110,000,260703,132857,052,001,1,3,1,861292053604220"},{"data":"+Hooshnic:V1.07,3641.39780,05244.6938,000,260703,132900,060,000,1,3,1,861292053604220"},{"data":"+Hooshnic:V1.07,3641.48790,05244.6131,000,260703,132911,076,000,1,3,1,861292053604220"},{"data":"+Hooshnic:V1.07,3641.51420,05244.5888,000,260703,132914,080,000,1,3,1,861292053604220"},{"data":"+Hooshnic:V1.07,3641.54040,05244.5637,000,260703,132917,076,001,1,3,1,861292053604220"},{}]....................................................................ADDRESS_LOCATION = 159744AT+CIPSTART="TCP","api.hooshnics.com",80
AT+CIPSEND=1701
POST /api/gps/reports HTTP/1.1
Host: api.hooshnics.com
Content-Type: application/json
Content-Length: 1588

[{"data":"+Hooshnic:V1.07,3640.72700,05245.2745,000,260703,132741,048,002,1,3,1,861292053604220"},{"data":"+Hooshnic:V1.07,3640.74520,05245.2604,000,260703,132744,054,000,1,3,1,861292053604220"},{"data":"+Hooshnic:V1.07,3640.75890,05245.2498,000,260703,132746,060,000,1,3,1,861292053604220"},{"data":"+Hooshnic:V1.07,3640.78180,05245.2327,000,260703,132749,068,001,1,3,1,861292053604220"},{"data":"+Hooshnic:V1.07,3640.80760,05245.2137,000,260703,132752,074,000,1,3,1,861292053604220"},{"data":"+Hooshnic:V1.07,3640.83610,05245.1940,000,260703,132755,078,000,1,3,1,861292053604220"},{"data":"+Hooshnic:V1.07,3640.86700,05245.1731,000,260703,132758,088,001,1,3,1,861292053604220"},{"data":"+Hooshnic:V1.07,3640.89990,05245.1489,000,260703,132801,092,000,1,3,1,861292053604220"},{"data":"+Hooshnic:V1.07,3640.92100,05245.1322,000,260703,132803,086,000,1,3,1,861292053604220"},{"data":"+Hooshnic:V1.07,3640.94750,05245.1099,000,260703,132806,064,000,1,3,1,861292053604220"},{"data":"+Hooshnic:V1.07,3640.96710,05245.0923,000,260703,132809,056,000,1,3,1,861292053604220"},{"data":"+Hooshnic:V1.07,3640.98690,05245.0740,000,260703,132812,062,000,1,3,1,861292053604220"},{"data":"+Hooshnic:V1.07,3641.00900,05245.0533,000,260703,132815,070,000,1,3,1,861292053604220"},{"data":"+Hooshnic:V1.07,3641.03260,05245.0309,000,260703,132818,072,000,1,3,1,861292053604220"},{"data":"+Hooshnic:V1.07,3641.04870,05245.0154,000,260703,132820,072,000,1,3,1,861292053604220"},{"data":"+Hooshnic:V1.07,3641.07320,05244.9915,000,260703,132823,076,001,1,3,1,861292053604220"},{}]....................................................................ADDRESS_LOCATION = 155648AT+CIPSTART="TCP","api.hooshnics.com",80
AT+CIPSEND=1701
POST /api/gps/reports HTTP/1.1
Host: api.hooshnics.com
Content-Type: application/json
Content-Length: 1588

[{"data":"+Hooshnic:V1.07,3640.30210,05245.5611,000,260703,132655,088,000,1,3,1,861292053604220"},{"data":"+Hooshnic:V1.07,3640.33510,05245.5385,000,260703,132658,088,001,1,3,1,861292053604220"},{"data":"+Hooshnic:V1.07,3640.36730,05245.5163,000,260703,132701,086,000,1,3,1,861292053604220"},{"data":"+Hooshnic:V1.07,3640.39950,05245.4946,000,260703,132704,086,000,1,3,1,861292053604220"},{"data":"+Hooshnic:V1.07,3640.43160,05245.4727,000,260703,132707,088,001,1,3,1,861292053604220"},{"data":"+Hooshnic:V1.07,3640.46360,05245.4503,000,260703,132710,086,000,1,3,1,861292053604220"},{"data":"+Hooshnic:V1.07,3640.48480,05245.4357,000,260703,132712,086,000,1,3,1,861292053604220"},{"data":"+Hooshnic:V1.07,3640.51620,05245.4142,000,260703,132715,084,001,1,3,1,861292053604220"},{"data":"+Hooshnic:V1.07,3640.54790,05245.3932,000,260703,132718,084,000,1,3,1,861292053604220"},{"data":"+Hooshnic:V1.07,3640.57910,05245.3725,000,260703,132721,086,000,1,3,1,861292053604220"},{"data":"+Hooshnic:V1.07,3640.60650,05245.3539,000,260703,132724,068,000,1,3,1,861292053604220"},{"data":"+Hooshnic:V1.07,3640.63160,05245.3386,000,260703,132727,066,000,1,3,1,861292053604220"},{"data":"+Hooshnic:V1.07,3640.64880,05245.3281,000,260703,132729,068,000,1,3,1,861292053604220"},{"data":"+Hooshnic:V1.07,3640.67140,05245.3130,000,260703,132732,054,000,1,3,1,861292053604220"},{"data":"+Hooshnic:V1.07,3640.69040,05245.3005,000,260703,132735,050,000,1,3,1,861292053604220"},{"data":"+Hooshnic:V1.07,3640.70920,05245.2878,000,260703,132738,052,000,1,3,1,861292053604220"},{}]....................................................................ADDRESS_LOCATION = 151552AT+CIPSTART="TCP","api.hooshnics.com",80
AT+CIPSEND=1701
POST /api/gps/reports HTTP/1.1
Host: api.hooshnics.com
Content-Type: application/json
Content-Length: 1588

[{"data":"+Hooshnic:V1.07,3639.89170,05245.8502,000,260703,132602,034,000,1,3,1,861292053604220"},{"data":"+Hooshnic:V1.07,3639.90210,05245.8432,000,260703,132604,044,001,1,3,1,861292053604220"},{"data":"+Hooshnic:V1.07,3639.92080,05245.8305,000,260703,132607,056,000,1,3,1,861292053604220"},{"data":"+Hooshnic:V1.07,3639.94310,05245.8146,000,260703,132610,064,000,1,3,1,861292053604220"},{"data":"+Hooshnic:V1.07,3639.96570,05245.7977,000,260703,132613,058,002,1,3,1,861292053604220"},{"data":"+Hooshnic:V1.07,3639.98600,05245.7829,000,260703,132616,050,000,1,3,1,861292053604220"},{"data":"+Hooshnic:V1.07,3640.00240,05245.7707,000,260703,132619,040,000,1,3,1,861292053604220"},{"data":"+Hooshnic:V1.07,3640.01250,05245.7632,000,260703,132621,042,004,1,3,1,861292053604220"},{"data":"+Hooshnic:V1.07,3640.02820,05245.7528,000,260703,132624,038,000,1,3,1,861292053604220"},{"data":"+Hooshnic:V1.07,3640.04380,05245.7419,000,260703,132627,046,000,1,3,1,861292053604220"},{"data":"+Hooshnic:V1.07,3640.06300,05245.7285,000,260703,132630,056,001,1,3,1,861292053604220"},{"data":"+Hooshnic:V1.07,3640.08560,05245.7125,000,260703,132633,064,000,1,3,1,861292053604220"},{"data":"+Hooshnic:V1.07,3640.18720,05245.6407,000,260703,132644,082,000,1,3,1,861292053604220"},{"data":"+Hooshnic:V1.07,3640.21770,05245.6193,000,260703,132647,082,000,1,3,1,861292053604220"},{"data":"+Hooshnic:V1.07,3640.24880,05245.5977,000,260703,132650,084,001,1,3,1,861292053604220"},{"data":"+Hooshnic:V1.07,3640.28060,05245.5761,000,260703,132653,086,000,1,3,1,861292053604220"},{}]....................................................................ADDRESS_LOCATION = 147456AT+CIPSTART="TCP","api.hooshnics.com",80
AT+CIPSEND=1701
POST /api/gps/reports HTTP/1.1
Host: api.hooshnics.com
Content-Type: application/json
Content-Length: 1588

[{"data":"+Hooshnic:V1.07,3639.75700,05245.9441,000,260703,132516,044,000,1,3,1,861292053604220"},{"data":"+Hooshnic:V1.07,3639.76860,05245.9349,000,260703,132519,034,000,1,3,1,861292053604220"},{"data":"+Hooshnic:V1.07,3639.78290,05245.9271,000,260703,132522,038,003,1,3,1,861292053604220"},{"data":"+Hooshnic:V1.07,3639.79690,05245.9221,000,260703,132525,032,000,1,3,1,861292053604220"},{"data":"+Hooshnic:V1.07,3639.80960,05245.9210,000,260703,132528,028,000,1,3,1,861292053604220"},{"data":"+Hooshnic:V1.07,3639.81750,05245.9184,000,260703,132530,028,010,1,3,1,861292053604220"},{"data":"+Hooshnic:V1.07,3639.82690,05245.9091,000,260703,132533,030,000,1,3,1,861292053604220"},{"data":"+Hooshnic:V1.07,3639.83650,05245.8950,000,260703,132536,040,000,1,3,1,861292053604220"},{"data":"+Hooshnic:V1.07,3639.84950,05245.8794,000,260703,132539,042,000,1,3,1,861292053604220"},{"data":"+Hooshnic:V1.07,3639.85920,05245.8700,000,260703,132542,018,000,1,3,1,861292053604220"},{"data":"+Hooshnic:V1.07,3639.86270,05245.8671,000,260703,132545,006,000,1,3,1,861292053604220"},{"data":"+Hooshnic:V1.07,3639.86490,05245.8659,000,260703,132547,006,004,1,3,1,861292053604220"},{"data":"+Hooshnic:V1.07,3639.86740,05245.8634,000,260703,132550,008,000,1,3,1,861292053604220"},{"data":"+Hooshnic:V1.07,3639.87050,05245.8606,000,260703,132553,008,000,1,3,1,861292053604220"},{"data":"+Hooshnic:V1.07,3639.87370,05245.8584,000,260703,132556,008,005,1,3,1,861292053604220"},{"data":"+Hooshnic:V1.07,3639.88030,05245.8565,000,260703,132559,022,000,1,3,1,861292053604220"},{}]....................................................................ADDRESS_LOCATION = 143360AT+CIPSTART="TCP","api.hooshnics.com",80
AT+CIPSEND=1701
POST /api/gps/reports HTTP/1.1
Host: api.hooshnics.com
Content-Type: application/json
Content-Length: 1588

[{"data":"+Hooshnic:V1.07,3639.39780,05246.2551,000,260703,132431,052,002,1,3,1,861292053604220"},{"data":"+Hooshnic:V1.07,3639.41810,05246.2372,000,260703,132434,062,000,1,3,1,861292053604220"},{"data":"+Hooshnic:V1.07,3639.43370,05246.2249,000,260703,132436,066,000,1,3,1,861292053604220"},{"data":"+Hooshnic:V1.07,3639.45760,05246.2053,000,260703,132439,070,001,1,3,1,861292053604220"},{"data":"+Hooshnic:V1.07,3639.48180,05246.1857,000,260703,132442,068,000,1,3,1,861292053604220"},{"data":"+Hooshnic:V1.07,3639.50610,05246.1678,000,260703,132445,066,000,1,3,1,861292053604220"},{"data":"+Hooshnic:V1.07,3639.53000,05246.1481,000,260703,132448,070,003,1,3,1,861292053604220"},{"data":"+Hooshnic:V1.07,3639.55390,05246.1259,000,260703,132451,072,000,1,3,1,861292053604220"},{"data":"+Hooshnic:V1.07,3639.57930,05246.1026,000,260703,132454,076,000,1,3,1,861292053604220"},{"data":"+Hooshnic:V1.07,3639.59690,05246.0868,000,260703,132456,078,000,1,3,1,861292053604220"},{"data":"+Hooshnic:V1.07,3639.62390,05246.0623,000,260703,132459,080,000,1,3,1,861292053604220"},{"data":"+Hooshnic:V1.07,3639.65100,05246.0377,000,260703,132502,080,000,1,3,1,861292053604220"},{"data":"+Hooshnic:V1.07,3639.67790,05246.0135,000,260703,132505,078,001,1,3,1,861292053604220"},{"data":"+Hooshnic:V1.07,3639.70330,05245.9903,000,260703,132508,070,000,1,3,1,861292053604220"},{"data":"+Hooshnic:V1.07,3639.72540,05245.9710,000,260703,132511,058,000,1,3,1,861292053604220"},{"data":"+Hooshnic:V1.07,3639.73890,05245.9596,000,260703,132513,058,000,1,3,1,861292053604220"},{}]....................................................................ADDRESS_LOCATION = 139264AT+CIPSTART="TCP","api.hooshnics.com",80
AT+CIPSEND=1701
POST /api/gps/reports HTTP/1.1
Host: api.hooshnics.com
Content-Type: application/json
Content-Length: 1588

[{"data":"+Hooshnic:V1.07,3638.99020,05246.6129,000,260703,132337,074,001,1,3,1,861292053604220"},{"data":"+Hooshnic:V1.07,3639.01620,05246.5897,000,260703,132340,078,000,1,3,1,861292053604220"},{"data":"+Hooshnic:V1.07,3639.04380,05246.5655,000,260703,132343,082,000,1,3,1,861292053604220"},{"data":"+Hooshnic:V1.07,3639.06230,05246.5489,000,260703,132345,080,000,1,3,1,861292053604220"},{"data":"+Hooshnic:V1.07,3639.08620,05246.5275,000,260703,132348,058,000,1,3,1,861292053604220"},{"data":"+Hooshnic:V1.07,3639.10280,05246.5132,000,260703,132351,046,000,1,3,1,861292053604220"},{"data":"+Hooshnic:V1.07,3639.11960,05246.4991,000,260703,132354,052,000,1,3,1,861292053604220"},{"data":"+Hooshnic:V1.07,3639.13880,05246.4828,000,260703,132357,058,000,1,3,1,861292053604220"},{"data":"+Hooshnic:V1.07,3639.16010,05246.4641,000,260703,132400,064,000,1,3,1,861292053604220"},{"data":"+Hooshnic:V1.07,3639.18360,05246.4446,000,260703,132403,070,000,1,3,1,861292053604220"},{"data":"+Hooshnic:V1.07,3639.20020,05246.4309,000,260703,132405,072,000,1,3,1,861292053604220"},{"data":"+Hooshnic:V1.07,3639.30470,05246.3424,000,260703,132417,076,000,1,3,1,861292053604220"},{"data":"+Hooshnic:V1.07,3639.32320,05246.3282,000,260703,132419,078,000,1,3,1,861292053604220"},{"data":"+Hooshnic:V1.07,3639.34680,05246.3079,000,260703,132422,060,001,1,3,1,861292053604220"},{"data":"+Hooshnic:V1.07,3639.36380,05246.2896,000,260703,132425,052,000,1,3,1,861292053604220"},{"data":"+Hooshnic:V1.07,3639.38020,05246.2723,000,260703,132428,052,000,1,3,1,861292053604220"},{}]....................................................................ADDRESS_LOCATION = 135168AT+CIPSTART="TCP","api.hooshnics.com",80
AT+CIPSEND=1701
POST /api/gps/reports HTTP/1.1
Host: api.hooshnics.com
Content-Type: application/json
Content-Length: 1588

[{"data":"+Hooshnic:V1.07,3638.58740,05246.9667,000,260703,132252,088,000,1,3,1,861292053604220"},{"data":"+Hooshnic:V1.07,3638.61790,05246.9400,000,260703,132255,088,001,1,3,1,861292053604220"},{"data":"+Hooshnic:V1.07,3638.64910,05246.9133,000,260703,132258,090,000,1,3,1,861292053604220"},{"data":"+Hooshnic:V1.07,3638.66990,05246.8951,000,260703,132300,088,000,1,3,1,861292053604220"},{"data":"+Hooshnic:V1.07,3638.69960,05246.8683,000,260703,132303,086,001,1,3,1,861292053604220"},{"data":"+Hooshnic:V1.07,3638.72810,05246.8423,000,260703,132306,078,000,1,3,1,861292053604220"},{"data":"+Hooshnic:V1.07,3638.75260,05246.8204,000,260703,132309,066,000,1,3,1,861292053604220"},{"data":"+Hooshnic:V1.07,3638.77610,05246.8000,000,260703,132312,070,000,1,3,1,861292053604220"},{"data":"+Hooshnic:V1.07,3638.80110,05246.7776,000,260703,132315,074,000,1,3,1,861292053604220"},{"data":"+Hooshnic:V1.07,3638.81880,05246.7619,000,260703,132317,078,000,1,3,1,861292053604220"},{"data":"+Hooshnic:V1.07,3638.84660,05246.7374,000,260703,132320,082,001,1,3,1,861292053604220"},{"data":"+Hooshnic:V1.07,3638.87490,05246.7123,000,260703,132323,080,000,1,3,1,861292053604220"},{"data":"+Hooshnic:V1.07,3638.90230,05246.6890,000,260703,132326,076,000,1,3,1,861292053604220"},{"data":"+Hooshnic:V1.07,3638.91900,05246.6747,000,260703,132328,066,000,1,3,1,861292053604220"},{"data":"+Hooshnic:V1.07,3638.94150,05246.6557,000,260703,132331,066,000,1,3,1,861292053604220"},{"data":"+Hooshnic:V1.07,3638.96510,05246.6352,000,260703,132334,070,000,1,3,1,861292053604220"},{}]....................................................................ADDRESS_LOCATION = 131072AT+CIPSTART="TCP","api.hooshnics.com",80
AT+CIPSEND=1701
POST /api/gps/reports HTTP/1.1
Host: api.hooshnics.com
Content-Type: application/json
Content-Length: 1588

[{"data":"+Hooshnic:V1.07,3638.20380,05247.3054,000,260703,132206,036,000,1,3,1,861292053604220"},{"data":"+Hooshnic:V1.07,3638.21880,05247.2920,000,260703,132209,048,000,1,3,1,861292053604220"},{"data":"+Hooshnic:V1.07,3638.23690,05247.2757,000,260703,132212,056,001,1,3,1,861292053604220"},{"data":"+Hooshnic:V1.07,3638.25770,05247.2572,000,260703,132215,062,000,1,3,1,861292053604220"},{"data":"+Hooshnic:V1.07,3638.27270,05247.2439,000,260703,132217,064,000,1,3,1,861292053604220"},{"data":"+Hooshnic:V1.07,3638.29610,05247.2228,000,260703,132220,068,001,1,3,1,861292053604220"},{"data":"+Hooshnic:V1.07,3638.32000,05247.2006,000,260703,132223,070,000,1,3,1,861292053604220"},{"data":"+Hooshnic:V1.07,3638.34490,05247.1786,000,260703,132226,072,000,1,3,1,861292053604220"},{"data":"+Hooshnic:V1.07,3638.37000,05247.1564,000,260703,132229,074,000,1,3,1,861292053604220"},{"data":"+Hooshnic:V1.07,3638.39570,05247.1336,000,260703,132232,076,000,1,3,1,861292053604220"},{"data":"+Hooshnic:V1.07,3638.42280,05247.1100,000,260703,132235,078,000,1,3,1,861292053604220"},{"data":"+Hooshnic:V1.07,3638.45080,05247.0867,000,260703,132238,080,001,1,3,1,861292053604220"},{"data":"+Hooshnic:V1.07,3638.47910,05247.0628,000,260703,132241,082,000,1,3,1,861292053604220"},{"data":"+Hooshnic:V1.07,3638.49810,05247.0460,000,260703,132243,084,000,1,3,1,861292053604220"},{"data":"+Hooshnic:V1.07,3638.52720,05247.0201,000,260703,132246,086,000,1,3,1,861292053604220"},{"data":"+Hooshnic:V1.07,3638.55720,05246.9935,000,260703,132249,088,000,1,3,1,861292053604220"},{}]....................................................................ADDRESS_LOCATION = 126976AT+CIPSTART="TCP","api.hooshnics.com",80
AT+CIPSEND=1701
POST /api/gps/reports HTTP/1.1
Host: api.hooshnics.com
Content-Type: application/json
Content-Length: 1588

[{"data":"+Hooshnic:V1.07,3638.21270,05247.6854,000,260703,132112,060,000,1,3,1,861292053604220"},{"data":"+Hooshnic:V1.07,3638.20140,05247.6568,000,260703,132115,062,000,1,3,1,861292053604220"},{"data":"+Hooshnic:V1.07,3638.19060,05247.6248,000,260703,132118,070,001,1,3,1,861292053604220"},{"data":"+Hooshnic:V1.07,3638.18000,05247.5892,000,260703,132121,074,000,1,3,1,861292053604220"},{"data":"+Hooshnic:V1.07,3638.16910,05247.5548,000,260703,132124,072,000,1,3,1,861292053604220"},{"data":"+Hooshnic:V1.07,3638.16280,05247.5340,000,260703,132126,060,002,1,3,1,861292053604220"},{"data":"+Hooshnic:V1.07,3638.15880,05247.5038,000,260703,132129,060,000,1,3,1,861292053604220"},{"data":"+Hooshnic:V1.07,3638.16090,05247.4714,000,260703,132132,064,000,1,3,1,861292053604220"},{"data":"+Hooshnic:V1.07,3638.16490,05247.4381,000,260703,132135,066,002,1,3,1,861292053604220"},{"data":"+Hooshnic:V1.07,3638.17130,05247.4044,000,260703,132138,066,000,1,3,1,861292053604220"},{"data":"+Hooshnic:V1.07,3638.18540,05247.3278,000,260703,132149,000,000,1,3,1,861292053604220"},{"data":"+Hooshnic:V1.07,3638.18530,05247.3283,000,260703,132152,000,000,1,3,1,861292053604220"},{"data":"+Hooshnic:V1.07,3638.18540,05247.3262,000,260703,132155,010,001,1,3,1,861292053604220"},{"data":"+Hooshnic:V1.07,3638.18530,05247.3223,000,260703,132157,006,000,1,3,1,861292053604220"},{"data":"+Hooshnic:V1.07,3638.18640,05247.3193,000,260703,132200,010,000,1,3,1,861292053604220"},{"data":"+Hooshnic:V1.07,3638.19290,05247.3142,000,260703,132203,024,001,1,3,1,861292053604220"},{}]....................................................................ADDRESS_LOCATION = 122880AT+CIPSTART="TCP","api.hooshnics.com",80
AT+CIPSEND=1701
POST /api/gps/reports HTTP/1.1
Host: api.hooshnics.com
Content-Type: application/json
Content-Length: 1588

[{"data":"+Hooshnic:V1.07,3638.31710,05248.2001,000,260703,132027,062,004,1,3,1,861292053604220"},{"data":"+Hooshnic:V1.07,3638.31380,05248.1670,000,260703,132030,064,000,1,3,1,861292053604220"},{"data":"+Hooshnic:V1.07,3638.30270,05248.1339,000,260703,132033,070,000,1,3,1,861292053604220"},{"data":"+Hooshnic:V1.07,3638.29300,05248.1132,000,260703,132035,068,001,1,3,1,861292053604220"},{"data":"+Hooshnic:V1.07,3638.28120,05248.0828,000,260703,132038,062,000,1,3,1,861292053604220"},{"data":"+Hooshnic:V1.07,3638.27410,05248.0502,000,260703,132041,064,000,1,3,1,861292053604220"},{"data":"+Hooshnic:V1.07,3638.26930,05248.0156,000,260703,132044,068,003,1,3,1,861292053604220"},{"data":"+Hooshnic:V1.07,3638.26770,05247.9795,000,260703,132047,070,000,1,3,1,861292053604220"},{"data":"+Hooshnic:V1.07,3638.26720,05247.9423,000,260703,132050,072,000,1,3,1,861292053604220"},{"data":"+Hooshnic:V1.07,3638.26660,05247.9166,000,260703,132052,076,001,1,3,1,861292053604220"},{"data":"+Hooshnic:V1.07,3638.26390,05247.8764,000,260703,132055,078,000,1,3,1,861292053604220"},{"data":"+Hooshnic:V1.07,3638.25890,05247.8359,000,260703,132058,080,000,1,3,1,861292053604220"},{"data":"+Hooshnic:V1.07,3638.25220,05247.7948,000,260703,132101,080,002,1,3,1,861292053604220"},{"data":"+Hooshnic:V1.07,3638.24190,05247.7575,000,260703,132104,064,000,1,3,1,861292053604220"},{"data":"+Hooshnic:V1.07,3638.23190,05247.7299,000,260703,132107,054,000,1,3,1,861292053604220"},{"data":"+Hooshnic:V1.07,3638.22460,05247.7125,000,260703,132109,052,001,1,3,1,861292053604220"},{}]....................................................................ADDRESS_LOCATION = 118784AT+CIPSTART="TCP","api.hooshnics.com",80
AT+CIPSEND=1701
POST /api/gps/reports HTTP/1.1
Host: api.hooshnics.com
Content-Type: application/json
Content-Length: 1588

[{"data":"+Hooshnic:V1.07,3638.46190,05248.7367,000,260703,131941,072,000,1,3,1,861292053604220"},{"data":"+Hooshnic:V1.07,3638.45290,05248.7005,000,260703,131944,072,000,1,3,1,861292053604220"},{"data":"+Hooshnic:V1.07,3638.44260,05248.6636,000,260703,131947,076,000,1,3,1,861292053604220"},{"data":"+Hooshnic:V1.07,3638.42960,05248.6271,000,260703,131950,076,000,1,3,1,861292053604220"},{"data":"+Hooshnic:V1.07,3638.41420,05248.5905,000,260703,131953,080,000,1,3,1,861292053604220"},{"data":"+Hooshnic:V1.07,3638.39860,05248.5529,000,260703,131956,082,000,1,3,1,861292053604220"},{"data":"+Hooshnic:V1.07,3638.38960,05248.5266,000,260703,131958,080,000,1,3,1,861292053604220"},{"data":"+Hooshnic:V1.07,3638.37720,05248.4875,000,260703,132001,078,001,1,3,1,861292053604220"},{"data":"+Hooshnic:V1.07,3638.36310,05248.4497,000,260703,132004,080,000,1,3,1,861292053604220"},{"data":"+Hooshnic:V1.07,3638.34750,05248.4117,000,260703,132007,082,000,1,3,1,861292053604220"},{"data":"+Hooshnic:V1.07,3638.33110,05248.3745,000,260703,132010,078,000,1,3,1,861292053604220"},{"data":"+Hooshnic:V1.07,3638.31680,05248.3411,000,260703,132013,064,000,1,3,1,861292053604220"},{"data":"+Hooshnic:V1.07,3638.31000,05248.3228,000,260703,132015,054,000,1,3,1,861292053604220"},{"data":"+Hooshnic:V1.07,3638.30720,05248.2954,000,260703,132018,054,009,1,3,1,861292053604220"},{"data":"+Hooshnic:V1.07,3638.31080,05248.2654,000,260703,132021,060,000,1,3,1,861292053604220"},{"data":"+Hooshnic:V1.07,3638.31450,05248.2329,000,260703,132024,062,000,1,3,1,861292053604220"},{}]....................................................................ADDRESS_LOCATION = 114688AT+CIPSTART="TCP","api.hooshnics.com",80
AT+CIPSEND=1701
POST /api/gps/reports HTTP/1.1
Host: api.hooshnics.com
Content-Type: application/json
Content-Length: 1588

[{"data":"+Hooshnic:V1.07,3638.62500,05249.2973,000,260703,131848,068,000,1,3,1,861292053604220"},{"data":"+Hooshnic:V1.07,3638.62230,05249.2738,000,260703,131850,068,003,1,3,1,861292053604220"},{"data":"+Hooshnic:V1.07,3638.62300,05249.2374,000,260703,131853,070,000,1,3,1,861292053604220"},{"data":"+Hooshnic:V1.07,3638.62790,05249.2003,000,260703,131856,072,000,1,3,1,861292053604220"},{"data":"+Hooshnic:V1.07,3638.63130,05249.1625,000,260703,131859,072,000,1,3,1,861292053604220"},{"data":"+Hooshnic:V1.07,3638.63510,05249.1284,000,260703,131902,060,000,1,3,1,861292053604220"},{"data":"+Hooshnic:V1.07,3638.63630,05249.0982,000,260703,131905,056,000,1,3,1,861292053604220"},{"data":"+Hooshnic:V1.07,3638.63030,05249.0689,000,260703,131908,058,015,1,3,1,861292053604220"},{"data":"+Hooshnic:V1.07,3638.62230,05249.0500,000,260703,131910,062,000,1,3,1,861292053604220"},{"data":"+Hooshnic:V1.07,3638.54380,05248.9370,000,260703,131922,076,000,1,3,1,861292053604220"},{"data":"+Hooshnic:V1.07,3638.52950,05248.9167,000,260703,131924,076,000,1,3,1,861292053604220"},{"data":"+Hooshnic:V1.07,3638.50970,05248.8855,000,260703,131927,072,002,1,3,1,861292053604220"},{"data":"+Hooshnic:V1.07,3638.49410,05248.8550,000,260703,131930,064,000,1,3,1,861292053604220"},{"data":"+Hooshnic:V1.07,3638.48240,05248.8261,000,260703,131933,060,000,1,3,1,861292053604220"},{"data":"+Hooshnic:V1.07,3638.47500,05248.7940,000,260703,131936,066,004,1,3,1,861292053604220"},{"data":"+Hooshnic:V1.07,3638.46740,05248.7603,000,260703,131939,068,000,1,3,1,861292053604220"},{}]....................................................................ADDRESS_LOCATION = 110592AT+CIPSTART="TCP","api.hooshnics.com",80
AT+CIPSEND=1701
POST /api/gps/reports HTTP/1.1
Host: api.hooshnics.com
Content-Type: application/json
Content-Length: 1588

[{"data":"+Hooshnic:V1.07,3638.64400,05249.6387,000,260703,131802,016,000,1,3,1,861292053604220"},{"data":"+Hooshnic:V1.07,3638.64250,05249.6261,000,260703,131805,030,000,1,3,1,861292053604220"},{"data":"+Hooshnic:V1.07,3638.64030,05249.6058,000,260703,131808,044,000,1,3,1,861292053604220"},{"data":"+Hooshnic:V1.07,3638.63710,05249.5806,000,260703,131811,052,000,1,3,1,861292053604220"},{"data":"+Hooshnic:V1.07,3638.63350,05249.5530,000,260703,131814,054,000,1,3,1,861292053604220"},{"data":"+Hooshnic:V1.07,3638.63110,05249.5339,000,260703,131816,054,001,1,3,1,861292053604220"},{"data":"+Hooshnic:V1.07,3638.62650,05249.5050,000,260703,131819,056,000,1,3,1,861292053604220"},{"data":"+Hooshnic:V1.07,3638.62360,05249.4774,000,260703,131822,050,000,1,3,1,861292053604220"},{"data":"+Hooshnic:V1.07,3638.62480,05249.4540,000,260703,131825,038,000,1,3,1,861292053604220"},{"data":"+Hooshnic:V1.07,3638.62600,05249.4409,000,260703,131828,018,000,1,3,1,861292053604220"},{"data":"+Hooshnic:V1.07,3638.62670,05249.4372,000,260703,131831,012,000,1,3,1,861292053604220"},{"data":"+Hooshnic:V1.07,3638.62810,05249.4267,000,260703,131834,024,001,1,3,1,861292053604220"},{"data":"+Hooshnic:V1.07,3638.62950,05249.4158,000,260703,131836,032,000,1,3,1,861292053604220"},{"data":"+Hooshnic:V1.07,3638.63150,05249.3935,000,260703,131839,048,000,1,3,1,861292053604220"},{"data":"+Hooshnic:V1.07,3638.63070,05249.3649,000,260703,131842,058,001,1,3,1,861292053604220"},{"data":"+Hooshnic:V1.07,3638.62870,05249.3323,000,260703,131845,064,000,1,3,1,861292053604220"},{}]....................................................................ADDRESS_LOCATION = 106496AT+CIPSTART="TCP","api.hooshnics.com",80
AT+CIPSEND=1701
POST /api/gps/reports HTTP/1.1
Host: api.hooshnics.com
Content-Type: application/json
Content-Length: 1588

[{"data":"+Hooshnic:V1.07,3638.75030,05249.8656,000,260703,131717,040,000,1,3,1,861292053604220"},{"data":"+Hooshnic:V1.07,3638.73820,05249.8651,000,260703,131720,018,000,1,3,1,861292053604220"},{"data":"+Hooshnic:V1.07,3638.73180,05249.8644,000,260703,131723,014,000,1,3,1,861292053604220"},{"data":"+Hooshnic:V1.07,3638.72740,05249.8630,000,260703,131725,018,002,1,3,1,861292053604220"},{"data":"+Hooshnic:V1.07,3638.71810,05249.8581,000,260703,131728,026,000,1,3,1,861292053604220"},{"data":"+Hooshnic:V1.07,3638.70960,05249.8455,000,260703,131731,034,000,1,3,1,861292053604220"},{"data":"+Hooshnic:V1.07,3638.70070,05249.8258,000,260703,131734,046,001,1,3,1,861292053604220"},{"data":"+Hooshnic:V1.07,3638.69100,05249.8024,000,260703,131737,050,000,1,3,1,861292053604220"},{"data":"+Hooshnic:V1.07,3638.68240,05249.7786,000,260703,131740,050,000,1,3,1,861292053604220"},{"data":"+Hooshnic:V1.07,3638.67940,05249.7616,000,260703,131742,050,003,1,3,1,861292053604220"},{"data":"+Hooshnic:V1.07,3638.67580,05249.7360,000,260703,131745,050,000,1,3,1,861292053604220"},{"data":"+Hooshnic:V1.07,3638.67030,05249.7103,000,260703,131748,050,000,1,3,1,861292053604220"},{"data":"+Hooshnic:V1.07,3638.66130,05249.6860,000,260703,131751,052,000,1,3,1,861292053604220"},{"data":"+Hooshnic:V1.07,3638.65190,05249.6638,000,260703,131754,040,000,1,3,1,861292053604220"},{"data":"+Hooshnic:V1.07,3638.64640,05249.6482,000,260703,131757,024,000,1,3,1,861292053604220"},{"data":"+Hooshnic:V1.07,3638.64560,05249.6444,000,260703,131759,006,005,1,3,1,861292053604220"},{}]....................................................................ADDRESS_LOCATION = 102400AT+CIPSTART="TCP","api.hooshnics.com",80
AT+CIPSEND=1701
POST /api/gps/reports HTTP/1.1
Host: api.hooshnics.com
Content-Type: application/json
Content-Length: 1588

[{"data":"+Hooshnic:V1.07,3638.96930,05250.1412,000,260703,131623,062,001,1,3,1,861292053604220"},{"data":"+Hooshnic:V1.07,3638.95680,05250.1108,000,260703,131626,066,000,1,3,1,861292053604220"},{"data":"+Hooshnic:V1.07,3638.94310,05250.0796,000,260703,131629,068,000,1,3,1,861292053604220"},{"data":"+Hooshnic:V1.07,3638.92770,05250.0483,000,260703,131632,068,002,1,3,1,861292053604220"},{"data":"+Hooshnic:V1.07,3638.91710,05250.0283,000,260703,131634,068,000,1,3,1,861292053604220"},{"data":"+Hooshnic:V1.07,3638.90140,05250.0004,000,260703,131637,060,000,1,3,1,861292053604220"},{"data":"+Hooshnic:V1.07,3638.88950,05249.9783,000,260703,131640,042,001,1,3,1,861292053604220"},{"data":"+Hooshnic:V1.07,3638.88100,05249.9623,000,260703,131643,034,000,1,3,1,861292053604220"},{"data":"+Hooshnic:V1.07,3638.84610,05249.9060,000,260703,131654,038,000,1,3,1,861292053604220"},{"data":"+Hooshnic:V1.07,3638.83820,05249.8970,000,260703,131657,016,000,1,3,1,861292053604220"},{"data":"+Hooshnic:V1.07,3638.83530,05249.8943,000,260703,131700,012,003,1,3,1,861292053604220"},{"data":"+Hooshnic:V1.07,3638.82910,05249.8887,000,260703,131703,026,000,1,3,1,861292053604220"},{"data":"+Hooshnic:V1.07,3638.81760,05249.8813,000,260703,131706,038,000,1,3,1,861292053604220"},{"data":"+Hooshnic:V1.07,3638.80650,05249.8762,000,260703,131708,044,003,1,3,1,861292053604220"},{"data":"+Hooshnic:V1.07,3638.78870,05249.8707,000,260703,131711,042,000,1,3,1,861292053604220"},{"data":"+Hooshnic:V1.07,3638.76930,05249.8673,000,260703,131714,046,000,1,3,1,861292053604220"},{}]....................................................................ADDRESS_LOCATION = 98304AT+CIPSTART="TCP","api.hooshnics.com",80
AT+CIPSEND=1701
POST /api/gps/reports HTTP/1.1
Host: api.hooshnics.com
Content-Type: application/json
Content-Length: 1588

[{"data":"+Hooshnic:V1.07,3639.01140,05250.4409,000,260703,131538,060,000,1,3,1,861292053604220"},{"data":"+Hooshnic:V1.07,3639.01390,05250.4106,000,260703,131541,050,001,1,3,1,861292053604220"},{"data":"+Hooshnic:V1.07,3639.01480,05250.3970,000,260703,131543,034,000,1,3,1,861292053604220"},{"data":"+Hooshnic:V1.07,3639.01680,05250.3862,000,260703,131546,016,000,1,3,1,861292053604220"},{"data":"+Hooshnic:V1.07,3639.01680,05250.3796,000,260703,131549,020,001,1,3,1,861292053604220"},{"data":"+Hooshnic:V1.07,3639.01680,05250.3658,000,260703,131552,034,000,1,3,1,861292053604220"},{"data":"+Hooshnic:V1.07,3639.01750,05250.3444,000,260703,131555,046,000,1,3,1,861292053604220"},{"data":"+Hooshnic:V1.07,3639.01840,05250.3184,000,260703,131558,050,000,1,3,1,861292053604220"},{"data":"+Hooshnic:V1.07,3639.01890,05250.3008,000,260703,131600,050,000,1,3,1,861292053604220"},{"data":"+Hooshnic:V1.07,3639.01980,05250.2771,000,260703,131603,038,000,1,3,1,861292053604220"},{"data":"+Hooshnic:V1.07,3639.01780,05250.2593,000,260703,131606,034,010,1,3,1,861292053604220"},{"data":"+Hooshnic:V1.07,3639.01120,05250.2431,000,260703,131609,034,000,1,3,1,861292053604220"},{"data":"+Hooshnic:V1.07,3639.00360,05250.2267,000,260703,131612,038,000,1,3,1,861292053604220"},{"data":"+Hooshnic:V1.07,3638.99550,05250.2079,000,260703,131615,042,005,1,3,1,861292053604220"},{"data":"+Hooshnic:V1.07,3638.98980,05250.1936,000,260703,131617,048,000,1,3,1,861292053604220"},{"data":"+Hooshnic:V1.07,3638.98020,05250.1691,000,260703,131620,056,000,1,3,1,861292053604220"},{}]....................................................................ADDRESS_LOCATION = 94208AT+CIPSTART="TCP","api.hooshnics.com",80
AT+CIPSEND=1701
POST /api/gps/reports HTTP/1.1
Host: api.hooshnics.com
Content-Type: application/json
Content-Length: 1588

[{"data":"+Hooshnic:V1.07,3638.98690,05250.7690,000,260703,131452,040,000,1,3,1,861292053604220"},{"data":"+Hooshnic:V1.07,3638.98620,05250.7538,000,260703,131455,014,000,1,3,1,861292053604220"},{"data":"+Hooshnic:V1.07,3638.98630,05250.7464,000,260703,131458,020,002,1,3,1,861292053604220"},{"data":"+Hooshnic:V1.07,3638.98590,05250.7308,000,260703,131501,036,000,1,3,1,861292053604220"},{"data":"+Hooshnic:V1.07,3638.98590,05250.7075,000,260703,131504,048,000,1,3,1,861292053604220"},{"data":"+Hooshnic:V1.07,3638.98730,05250.6787,000,260703,131507,058,002,1,3,1,861292053604220"},{"data":"+Hooshnic:V1.07,3638.98880,05250.6570,000,260703,131509,062,000,1,3,1,861292053604220"},{"data":"+Hooshnic:V1.07,3638.99190,05250.6227,000,260703,131512,064,000,1,3,1,861292053604220"},{"data":"+Hooshnic:V1.07,3638.99610,05250.5913,000,260703,131515,054,001,1,3,1,861292053604220"},{"data":"+Hooshnic:V1.07,3638.99940,05250.5675,000,260703,131518,040,000,1,3,1,861292053604220"},{"data":"+Hooshnic:V1.07,3639.00010,05250.5575,000,260703,131521,010,000,1,3,1,861292053604220"},{"data":"+Hooshnic:V1.07,3639.00060,05250.5500,000,260703,131524,020,004,1,3,1,861292053604220"},{"data":"+Hooshnic:V1.07,3639.00210,05250.5408,000,260703,131526,030,000,1,3,1,861292053604220"},{"data":"+Hooshnic:V1.07,3639.00480,05250.5217,000,260703,131529,040,000,1,3,1,861292053604220"},{"data":"+Hooshnic:V1.07,3639.00710,05250.4986,000,260703,131532,048,001,1,3,1,861292053604220"},{"data":"+Hooshnic:V1.07,3639.00880,05250.4713,000,260703,131535,054,000,1,3,1,861292053604220"},{}]....................................................................ADDRESS_LOCATION = 90112AT+CIPSTART="TCP","api.hooshnics.com",80
AT+CIPSEND=1701
POST /api/gps/reports HTTP/1.1
Host: api.hooshnics.com
Content-Type: application/json
Content-Length: 1588

[{"data":"+Hooshnic:V1.07,3639.02260,05251.2889,000,260703,131359,082,000,1,3,1,861292053604220"},{"data":"+Hooshnic:V1.07,3639.02280,05251.2605,000,260703,131401,082,000,1,3,1,861292053604220"},{"data":"+Hooshnic:V1.07,3639.02320,05251.2187,000,260703,131404,078,002,1,3,1,861292053604220"},{"data":"+Hooshnic:V1.07,3639.01960,05251.1798,000,260703,131407,072,000,1,3,1,861292053604220"},{"data":"+Hooshnic:V1.07,3639.01170,05251.1433,000,260703,131410,070,000,1,3,1,861292053604220"},{"data":"+Hooshnic:V1.07,3639.00740,05251.1081,000,260703,131413,064,007,1,3,1,861292053604220"},{"data":"+Hooshnic:V1.07,3639.00760,05251.0737,000,260703,131416,066,000,1,3,1,861292053604220"},{"data":"+Hooshnic:V1.07,3639.01570,05250.9329,000,260703,131427,072,000,1,3,1,861292053604220"},{"data":"+Hooshnic:V1.07,3639.00930,05250.9004,000,260703,131430,056,000,1,3,1,861292053604220"},{"data":"+Hooshnic:V1.07,3639.00550,05250.8871,000,260703,131432,036,001,1,3,1,861292053604220"},{"data":"+Hooshnic:V1.07,3639.00130,05250.8710,000,260703,131435,038,000,1,3,1,861292053604220"},{"data":"+Hooshnic:V1.07,3638.99700,05250.8520,000,260703,131438,040,000,1,3,1,861292053604220"},{"data":"+Hooshnic:V1.07,3638.99300,05250.8307,000,260703,131441,042,001,1,3,1,861292053604220"},{"data":"+Hooshnic:V1.07,3638.99010,05250.8104,000,260703,131444,026,000,1,3,1,861292053604220"},{"data":"+Hooshnic:V1.07,3638.98920,05250.8002,000,260703,131447,020,000,1,3,1,861292053604220"},{"data":"+Hooshnic:V1.07,3638.98840,05250.7903,000,260703,131449,034,002,1,3,1,861292053604220"},{}]....................................................................ADDRESS_LOCATION = 86016AT+CIPSTART="TCP","api.hooshnics.com",80
AT+CIPSEND=1701
POST /api/gps/reports HTTP/1.1
Host: api.hooshnics.com
Content-Type: application/json
Content-Length: 1588

[{"data":"+Hooshnic:V1.07,3638.83750,05251.7945,000,260703,131313,050,005,1,3,1,861292053604220"},{"data":"+Hooshnic:V1.07,3638.84450,05251.7696,000,260703,131316,052,000,1,3,1,861292053604220"},{"data":"+Hooshnic:V1.07,3638.85890,05251.7468,000,260703,131319,054,000,1,3,1,861292053604220"},{"data":"+Hooshnic:V1.07,3638.87760,05251.7241,000,260703,131322,066,000,1,3,1,861292053604220"},{"data":"+Hooshnic:V1.07,3638.89110,05251.7079,000,260703,131324,066,000,1,3,1,861292053604220"},{"data":"+Hooshnic:V1.07,3638.91070,05251.6818,000,260703,131327,070,000,1,3,1,861292053604220"},{"data":"+Hooshnic:V1.07,3638.92840,05251.6516,000,260703,131330,072,002,1,3,1,861292053604220"},{"data":"+Hooshnic:V1.07,3638.94430,05251.6179,000,260703,131333,074,000,1,3,1,861292053604220"},{"data":"+Hooshnic:V1.07,3638.95830,05251.5817,000,260703,131336,076,000,1,3,1,861292053604220"},{"data":"+Hooshnic:V1.07,3638.97160,05251.5432,000,260703,131339,080,000,1,3,1,861292053604220"},{"data":"+Hooshnic:V1.07,3638.98080,05251.5173,000,260703,131341,082,000,1,3,1,861292053604220"},{"data":"+Hooshnic:V1.07,3638.99510,05251.4778,000,260703,131344,082,000,1,3,1,861292053604220"},{"data":"+Hooshnic:V1.07,3639.00840,05251.4393,000,260703,131347,074,001,1,3,1,861292053604220"},{"data":"+Hooshnic:V1.07,3639.01830,05251.4054,000,260703,131350,066,000,1,3,1,861292053604220"},{"data":"+Hooshnic:V1.07,3639.02310,05251.3691,000,260703,131353,072,000,1,3,1,861292053604220"},{"data":"+Hooshnic:V1.07,3639.02340,05251.3305,000,260703,131356,076,002,1,3,1,861292053604220"},{}]....................................................................ADDRESS_LOCATION = 81920AT+CIPSTART="TCP","api.hooshnics.com",80
AT+CIPSEND=1701
POST /api/gps/reports HTTP/1.1
Host: api.hooshnics.com
Content-Type: application/json
Content-Length: 1588

[{"data":"+Hooshnic:V1.07,3638.88240,05252.3979,000,260703,131228,076,000,1,3,1,861292053604220"},{"data":"+Hooshnic:V1.07,3638.88450,05252.3575,000,260703,131231,078,003,1,3,1,861292053604220"},{"data":"+Hooshnic:V1.07,3638.88500,05252.3298,000,260703,131233,078,000,1,3,1,861292053604220"},{"data":"+Hooshnic:V1.07,3638.88430,05252.2878,000,260703,131236,080,000,1,3,1,861292053604220"},{"data":"+Hooshnic:V1.07,3638.88260,05252.2453,000,260703,131239,080,001,1,3,1,861292053604220"},{"data":"+Hooshnic:V1.07,3638.87890,05252.2032,000,260703,131242,080,000,1,3,1,861292053604220"},{"data":"+Hooshnic:V1.07,3638.87570,05252.1624,000,260703,131245,076,000,1,3,1,861292053604220"},{"data":"+Hooshnic:V1.07,3638.87360,05252.1228,000,260703,131248,074,000,1,3,1,861292053604220"},{"data":"+Hooshnic:V1.07,3638.87150,05252.0961,000,260703,131250,076,000,1,3,1,861292053604220"},{"data":"+Hooshnic:V1.07,3638.86590,05252.0555,000,260703,131253,080,000,1,3,1,861292053604220"},{"data":"+Hooshnic:V1.07,3638.85830,05252.0140,000,260703,131256,082,000,1,3,1,861292053604220"},{"data":"+Hooshnic:V1.07,3638.84940,05251.9723,000,260703,131259,084,000,1,3,1,861292053604220"},{"data":"+Hooshnic:V1.07,3638.84270,05251.9311,000,260703,131302,080,000,1,3,1,861292053604220"},{"data":"+Hooshnic:V1.07,3638.83970,05251.8889,000,260703,131305,080,000,1,3,1,861292053604220"},{"data":"+Hooshnic:V1.07,3638.83810,05251.8609,000,260703,131307,078,000,1,3,1,861292053604220"},{"data":"+Hooshnic:V1.07,3638.83620,05251.8237,000,260703,131310,064,000,1,3,1,861292053604220"},{}]....................................................................ADDRESS_LOCATION = 77824AT+CIPSTART="TCP","api.hooshnics.com",80
AT+CIPSEND=1701
POST /api/gps/reports HTTP/1.1
Host: api.hooshnics.com
Content-Type: application/json
Content-Length: 1588

[{"data":"+Hooshnic:V1.07,3638.82680,05252.7403,000,260703,131134,030,000,1,3,1,861292053604220"},{"data":"+Hooshnic:V1.07,3638.84050,05252.7352,000,260703,131137,034,001,1,3,1,861292053604220"},{"data":"+Hooshnic:V1.07,3638.85210,05252.7319,000,260703,131140,020,000,1,3,1,861292053604220"},{"data":"+Hooshnic:V1.07,3638.85830,05252.7284,000,260703,131143,010,000,1,3,1,861292053604220"},{"data":"+Hooshnic:V1.07,3638.85940,05252.7227,000,260703,131145,018,007,1,3,1,861292053604220"},{"data":"+Hooshnic:V1.07,3638.85950,05252.7104,000,260703,131148,026,000,1,3,1,861292053604220"},{"data":"+Hooshnic:V1.07,3638.85980,05252.6455,000,260703,131159,026,000,1,3,1,861292053604220"},{"data":"+Hooshnic:V1.07,3638.86030,05252.6319,000,260703,131202,026,000,1,3,1,861292053604220"},{"data":"+Hooshnic:V1.07,3638.86010,05252.6147,000,260703,131205,034,002,1,3,1,861292053604220"},{"data":"+Hooshnic:V1.07,3638.85990,05252.5989,000,260703,131208,028,000,1,3,1,861292053604220"},{"data":"+Hooshnic:V1.07,3638.85970,05252.5808,000,260703,131211,040,000,1,3,1,861292053604220"},{"data":"+Hooshnic:V1.07,3638.85950,05252.5553,000,260703,131214,052,002,1,3,1,861292053604220"},{"data":"+Hooshnic:V1.07,3638.85940,05252.5356,000,260703,131216,058,000,1,3,1,861292053604220"},{"data":"+Hooshnic:V1.07,3638.86130,05252.5044,000,260703,131219,060,000,1,3,1,861292053604220"},{"data":"+Hooshnic:V1.07,3638.86820,05252.4718,000,260703,131222,068,002,1,3,1,861292053604220"},{"data":"+Hooshnic:V1.07,3638.87700,05252.4362,000,260703,131225,072,000,1,3,1,861292053604220"},{}]....................................................................ADDRESS_LOCATION = 73728AT+CIPSTART="TCP","api.hooshnics.com",80
AT+CIPSEND=1701
POST /api/gps/reports HTTP/1.1
Host: api.hooshnics.com
Content-Type: application/json
Content-Length: 1588

[{"data":"+Hooshnic:V1.07,3638.75090,05252.8277,000,260703,131049,014,000,1,3,1,861292053604220"},{"data":"+Hooshnic:V1.07,3638.75050,05252.8210,000,260703,131051,022,000,1,3,1,861292053604220"},{"data":"+Hooshnic:V1.07,3638.75010,05252.8057,000,260703,131054,034,003,1,3,1,861292053604220"},{"data":"+Hooshnic:V1.07,3638.74670,05252.7872,000,260703,131057,030,000,1,3,1,861292053604220"},{"data":"+Hooshnic:V1.07,3638.74520,05252.7766,000,260703,131100,010,000,1,3,1,861292053604220"},{"data":"+Hooshnic:V1.07,3638.74420,05252.7704,000,260703,131103,016,012,1,3,1,861292053604220"},{"data":"+Hooshnic:V1.07,3638.74470,05252.7617,000,260703,131106,016,000,1,3,1,861292053604220"},{"data":"+Hooshnic:V1.07,3638.75230,05252.7574,000,260703,131109,022,000,1,3,1,861292053604220"},{"data":"+Hooshnic:V1.07,3638.76000,05252.7565,000,260703,131111,028,005,1,3,1,861292053604220"},{"data":"+Hooshnic:V1.07,3638.77380,05252.7568,000,260703,131114,034,000,1,3,1,861292053604220"},{"data":"+Hooshnic:V1.07,3638.78950,05252.7556,000,260703,131117,034,000,1,3,1,861292053604220"},{"data":"+Hooshnic:V1.07,3638.80080,05252.7519,000,260703,131120,020,011,1,3,1,861292053604220"},{"data":"+Hooshnic:V1.07,3638.80610,05252.7493,000,260703,131123,012,000,1,3,1,861292053604220"},{"data":"+Hooshnic:V1.07,3638.80950,05252.7486,000,260703,131125,010,000,1,3,1,861292053604220"},{"data":"+Hooshnic:V1.07,3638.81250,05252.7476,000,260703,131128,006,003,1,3,1,861292053604220"},{"data":"+Hooshnic:V1.07,3638.81700,05252.7453,000,260703,131131,018,000,1,3,1,861292053604220"},{}]....................................................................ADDRESS_LOCATION = 69632AT+CIPSTART="TCP","api.hooshnics.com",80
AT+CIPSEND=1701
POST /api/gps/reports HTTP/1.1
Host: api.hooshnics.com
Content-Type: application/json
Content-Length: 1588

[{"data":"+Hooshnic:V1.07,3638.74320,05253.0206,000,260703,131003,022,007,1,3,1,861292053604220"},{"data":"+Hooshnic:V1.07,3638.74200,05253.0118,000,260703,131006,014,000,1,3,1,861292053604220"},{"data":"+Hooshnic:V1.07,3638.74200,05252.9997,000,260703,131009,030,000,1,3,1,861292053604220"},{"data":"+Hooshnic:V1.07,3638.74170,05252.9810,000,260703,131012,036,000,1,3,1,861292053604220"},{"data":"+Hooshnic:V1.07,3638.74060,05252.9698,000,260703,131015,010,000,1,3,1,861292053604220"},{"data":"+Hooshnic:V1.07,3638.73810,05252.9646,000,260703,131017,018,000,1,3,1,861292053604220"},{"data":"+Hooshnic:V1.07,3638.73770,05252.9509,000,260703,131020,028,003,1,3,1,861292053604220"},{"data":"+Hooshnic:V1.07,3638.74140,05252.9345,000,260703,131023,034,000,1,3,1,861292053604220"},{"data":"+Hooshnic:V1.07,3638.74880,05252.9190,000,260703,131026,032,000,1,3,1,861292053604220"},{"data":"+Hooshnic:V1.07,3638.75390,05252.9048,000,260703,131029,028,012,1,3,1,861292053604220"},{"data":"+Hooshnic:V1.07,3638.75440,05252.8917,000,260703,131032,014,000,1,3,1,861292053604220"},{"data":"+Hooshnic:V1.07,3638.75430,05252.8876,000,260703,131034,008,000,1,3,1,861292053604220"},{"data":"+Hooshnic:V1.07,3638.75400,05252.8796,000,260703,131037,020,006,1,3,1,861292053604220"},{"data":"+Hooshnic:V1.07,3638.75430,05252.8636,000,260703,131040,034,000,1,3,1,861292053604220"},{"data":"+Hooshnic:V1.07,3638.75270,05252.8455,000,260703,131043,030,000,1,3,1,861292053604220"},{"data":"+Hooshnic:V1.07,3638.75170,05252.8334,000,260703,131046,012,006,1,3,1,861292053604220"},{}]....................................................................ADDRESS_LOCATION = 65536AT+CIPSTART="TCP","api.hooshnics.com",80
AT+CIPSEND=1701
POST /api/gps/reports HTTP/1.1
Host: api.hooshnics.com
Content-Type: application/json
Content-Length: 1588

[{"data":"+Hooshnic:V1.07,3638.64230,05253.0657,000,260703,130909,018,008,1,3,1,861292053604220"},{"data":"+Hooshnic:V1.07,3638.64830,05253.0608,000,260703,130912,016,000,1,3,1,861292053604220"},{"data":"+Hooshnic:V1.07,3638.65730,05253.0608,000,260703,130915,022,000,1,3,1,861292053604220"},{"data":"+Hooshnic:V1.07,3638.66700,05253.0603,000,260703,130918,018,001,1,3,1,861292053604220"},{"data":"+Hooshnic:V1.07,3638.67260,05253.0605,000,260703,130921,010,000,1,3,1,861292053604220"},{"data":"+Hooshnic:V1.07,3638.69130,05253.0925,000,260703,130932,016,000,1,3,1,861292053604220"},{"data":"+Hooshnic:V1.07,3638.69500,05253.0928,000,260703,130935,000,000,1,3,1,861292053604220"},{"data":"+Hooshnic:V1.07,3638.69590,05253.0923,000,260703,130938,000,000,1,3,1,861292053604220"},{"data":"+Hooshnic:V1.07,3638.69810,05253.0899,000,260703,130940,014,000,1,3,1,861292053604220"},{"data":"+Hooshnic:V1.07,3638.70120,05253.0786,000,260703,130943,024,000,1,3,1,861292053604220"},{"data":"+Hooshnic:V1.07,3638.70800,05253.0674,000,260703,130946,028,010,1,3,1,861292053604220"},{"data":"+Hooshnic:V1.07,3638.71790,05253.0609,000,260703,130949,022,000,1,3,1,861292053604220"},{"data":"+Hooshnic:V1.07,3638.72660,05253.0568,000,260703,130952,022,000,1,3,1,861292053604220"},{"data":"+Hooshnic:V1.07,3638.73610,05253.0484,000,260703,130955,028,009,1,3,1,861292053604220"},{"data":"+Hooshnic:V1.07,3638.74100,05253.0414,000,260703,130957,022,000,1,3,1,861292053604220"},{"data":"+Hooshnic:V1.07,3638.74440,05253.0326,000,260703,131000,018,000,1,3,1,861292053604220"},{}]....................................................................ADDRESS_LOCATION = 61440AT+CIPSTART="TCP","api.hooshnics.com",80
AT+CIPSEND=1701
POST /api/gps/reports HTTP/1.1
Host: api.hooshnics.com
Content-Type: application/json
Content-Length: 1588

[{"data":"+Hooshnic:V1.07,3638.64970,05253.2725,000,260703,130824,028,000,1,3,1,861292053604220"},{"data":"+Hooshnic:V1.07,3638.64700,05253.2567,000,260703,130827,030,000,1,3,1,861292053604220"},{"data":"+Hooshnic:V1.07,3638.64460,05253.2411,000,260703,130830,026,000,1,3,1,861292053604220"},{"data":"+Hooshnic:V1.07,3638.64340,05253.2282,000,260703,130833,022,000,1,3,1,861292053604220"},{"data":"+Hooshnic:V1.07,3638.64370,05253.2206,000,260703,130835,020,004,1,3,1,861292053604220"},{"data":"+Hooshnic:V1.07,3638.64450,05253.2125,000,260703,130838,008,000,1,3,1,861292053604220"},{"data":"+Hooshnic:V1.07,3638.64550,05253.2060,000,260703,130841,016,000,1,3,1,861292053604220"},{"data":"+Hooshnic:V1.07,3638.64800,05253.1924,000,260703,130844,028,001,1,3,1,861292053604220"},{"data":"+Hooshnic:V1.07,3638.64960,05253.1730,000,260703,130847,040,000,1,3,1,861292053604220"},{"data":"+Hooshnic:V1.07,3638.64870,05253.1507,000,260703,130850,038,000,1,3,1,861292053604220"},{"data":"+Hooshnic:V1.07,3638.64710,05253.1383,000,260703,130852,030,005,1,3,1,861292053604220"},{"data":"+Hooshnic:V1.07,3638.64530,05253.1303,000,260703,130855,010,000,1,3,1,861292053604220"},{"data":"+Hooshnic:V1.07,3638.64460,05253.1219,000,260703,130858,022,000,1,3,1,861292053604220"},{"data":"+Hooshnic:V1.07,3638.64350,05253.1074,000,260703,130901,032,004,1,3,1,861292053604220"},{"data":"+Hooshnic:V1.07,3638.64140,05253.0884,000,260703,130904,038,000,1,3,1,861292053604220"},{"data":"+Hooshnic:V1.07,3638.64110,05253.0724,000,260703,130907,020,000,1,3,1,861292053604220"},{}]....................................................................ADDRESS_LOCATION = 57344AT+CIPSTART="TCP","api.hooshnics.com",80
AT+CIPSEND=1701
POST /api/gps/reports HTTP/1.1
Host: api.hooshnics.com
Content-Type: application/json
Content-Length: 1588

[{"data":"+Hooshnic:V1.07,3638.66900,05253.4307,000,260703,130739,020,000,1,3,1,861292053604220"},{"data":"+Hooshnic:V1.07,3638.67310,05253.4268,000,260703,130741,016,000,1,3,1,861292053604220"},{"data":"+Hooshnic:V1.07,3638.67730,05253.4208,000,260703,130744,018,012,1,3,1,861292053604220"},{"data":"+Hooshnic:V1.07,3638.67770,05253.4101,000,260703,130747,022,000,1,3,1,861292053604220"},{"data":"+Hooshnic:V1.07,3638.67440,05253.4021,000,260703,130750,010,000,1,3,1,861292053604220"},{"data":"+Hooshnic:V1.07,3638.67160,05253.3955,000,260703,130753,016,003,1,3,1,861292053604220"},{"data":"+Hooshnic:V1.07,3638.66920,05253.3841,000,260703,130756,026,000,1,3,1,861292053604220"},{"data":"+Hooshnic:V1.07,3638.66600,05253.3678,000,260703,130759,034,000,1,3,1,861292053604220"},{"data":"+Hooshnic:V1.07,3638.66370,05253.3556,000,260703,130801,036,000,1,3,1,861292053604220"},{"data":"+Hooshnic:V1.07,3638.66060,05253.3370,000,260703,130804,032,000,1,3,1,861292053604220"},{"data":"+Hooshnic:V1.07,3638.65800,05253.3208,000,260703,130807,026,000,1,3,1,861292053604220"},{"data":"+Hooshnic:V1.07,3638.65670,05253.3131,000,260703,130810,006,002,1,3,1,861292053604220"},{"data":"+Hooshnic:V1.07,3638.65600,05253.3096,000,260703,130813,006,000,1,3,1,861292053604220"},{"data":"+Hooshnic:V1.07,3638.65540,05253.3072,000,260703,130815,008,000,1,3,1,861292053604220"},{"data":"+Hooshnic:V1.07,3638.65420,05253.2998,000,260703,130818,020,000,1,3,1,861292053604220"},{"data":"+Hooshnic:V1.07,3638.65210,05253.2869,000,260703,130821,026,000,1,3,1,861292053604220"},{}]....................................................................ADDRESS_LOCATION = 53248AT+CIPSTART="TCP","api.hooshnics.com",80
AT+CIPSEND=1701
POST /api/gps/reports HTTP/1.1
Host: api.hooshnics.com
Content-Type: application/json
Content-Length: 1588

[{"data":"+Hooshnic:V1.07,3638.60320,05253.5532,000,260703,130645,018,000,1,3,1,861292053604220"},{"data":"+Hooshnic:V1.07,3638.61030,05253.5467,000,260703,130648,024,000,1,3,1,861292053604220"},{"data":"+Hooshnic:V1.07,3638.61600,05253.5409,000,260703,130651,010,005,1,3,1,861292053604220"},{"data":"+Hooshnic:V1.07,3638.61780,05253.5374,000,260703,130653,012,000,1,3,1,861292053604220"},{"data":"+Hooshnic:V1.07,3638.61200,05253.5100,000,260703,130705,020,000,1,3,1,861292053604220"},{"data":"+Hooshnic:V1.07,3638.61010,05253.5028,000,260703,130707,022,000,1,3,1,861292053604220"},{"data":"+Hooshnic:V1.07,3638.60840,05253.4921,000,260703,130710,020,003,1,3,1,861292053604220"},{"data":"+Hooshnic:V1.07,3638.61000,05253.4801,000,260703,130713,026,000,1,3,1,861292053604220"},{"data":"+Hooshnic:V1.07,3638.61370,05253.4670,000,260703,130716,026,000,1,3,1,861292053604220"},{"data":"+Hooshnic:V1.07,3638.61520,05253.4558,000,260703,130719,018,008,1,3,1,861292053604220"},{"data":"+Hooshnic:V1.07,3638.61970,05253.4480,000,260703,130722,020,000,1,3,1,861292053604220"},{"data":"+Hooshnic:V1.07,3638.62550,05253.4461,000,260703,130724,022,000,1,3,1,861292053604220"},{"data":"+Hooshnic:V1.07,3638.63600,05253.4460,000,260703,130727,024,002,1,3,1,861292053604220"},{"data":"+Hooshnic:V1.07,3638.64430,05253.4456,000,260703,130730,014,000,1,3,1,861292053604220"},{"data":"+Hooshnic:V1.07,3638.65200,05253.4438,000,260703,130733,022,000,1,3,1,861292053604220"},{"data":"+Hooshnic:V1.07,3638.66110,05253.4381,000,260703,130736,024,004,1,3,1,861292053604220"},{}]....................................................................ADDRESS_LOCATION = 49152AT+CIPSTART="TCP","api.hooshnics.com",80
AT+CIPSEND=1701
POST /api/gps/reports HTTP/1.1
Host: api.hooshnics.com
Content-Type: application/json
Content-Length: 1588

[{"data":"+Hooshnic:V1.07,3638.43480,05253.7107,000,260703,130559,050,001,1,3,1,861292053604220"},{"data":"+Hooshnic:V1.07,3638.44550,05253.6891,000,260703,130602,046,000,1,3,1,861292053604220"},{"data":"+Hooshnic:V1.07,3638.45840,05253.6750,000,260703,130605,034,000,1,3,1,861292053604220"},{"data":"+Hooshnic:V1.07,3638.46830,05253.6680,000,260703,130608,028,001,1,3,1,861292053604220"},{"data":"+Hooshnic:V1.07,3638.48040,05253.6592,000,260703,130611,038,000,1,3,1,861292053604220"},{"data":"+Hooshnic:V1.07,3638.49530,05253.6482,000,260703,130614,042,000,1,3,1,861292053604220"},{"data":"+Hooshnic:V1.07,3638.50590,05253.6406,000,260703,130616,042,002,1,3,1,861292053604220"},{"data":"+Hooshnic:V1.07,3638.51980,05253.6324,000,260703,130619,028,000,1,3,1,861292053604220"},{"data":"+Hooshnic:V1.07,3638.52410,05253.6296,000,260703,130622,006,000,1,3,1,861292053604220"},{"data":"+Hooshnic:V1.07,3638.52940,05253.6257,000,260703,130625,020,003,1,3,1,861292053604220"},{"data":"+Hooshnic:V1.07,3638.53930,05253.6179,000,260703,130628,030,000,1,3,1,861292053604220"},{"data":"+Hooshnic:V1.07,3638.55160,05253.6057,000,260703,130631,038,000,1,3,1,861292053604220"},{"data":"+Hooshnic:V1.07,3638.56020,05253.5971,000,260703,130633,040,000,1,3,1,861292053604220"},{"data":"+Hooshnic:V1.07,3638.57380,05253.5834,000,260703,130636,038,000,1,3,1,861292053604220"},{"data":"+Hooshnic:V1.07,3638.58550,05253.5719,000,260703,130639,030,000,1,3,1,861292053604220"},{"data":"+Hooshnic:V1.07,3638.59560,05253.5605,000,260703,130642,030,002,1,3,1,861292053604220"},{}]....................................................................ADDRESS_LOCATION = 45056AT+CIPSTART="TCP","api.hooshnics.com",80
AT+CIPSEND=1701
POST /api/gps/reports HTTP/1.1
Host: api.hooshnics.com
Content-Type: application/json
Content-Length: 1588

[{"data":"+Hooshnic:V1.07,3638.31130,05253.9308,000,260703,130514,044,000,1,3,1,861292053604220"},{"data":"+Hooshnic:V1.07,3638.32100,05253.9154,000,260703,130517,030,002,1,3,1,861292053604220"},{"data":"+Hooshnic:V1.07,3638.32730,05253.9051,000,260703,130520,026,000,1,3,1,861292053604220"},{"data":"+Hooshnic:V1.07,3638.33560,05253.8923,000,260703,130523,036,000,1,3,1,861292053604220"},{"data":"+Hooshnic:V1.07,3638.34210,05253.8816,000,260703,130525,040,001,1,3,1,861292053604220"},{"data":"+Hooshnic:V1.07,3638.35360,05253.8636,000,260703,130528,046,000,1,3,1,861292053604220"},{"data":"+Hooshnic:V1.07,3638.36540,05253.8423,000,260703,130531,050,000,1,3,1,861292053604220"},{"data":"+Hooshnic:V1.07,3638.37740,05253.8223,000,260703,130534,042,002,1,3,1,861292053604220"},{"data":"+Hooshnic:V1.07,3638.38450,05253.8099,000,260703,130537,022,000,1,3,1,861292053604220"},{"data":"+Hooshnic:V1.07,3638.38920,05253.8028,000,260703,130540,020,000,1,3,1,861292053604220"},{"data":"+Hooshnic:V1.07,3638.39310,05253.7956,000,260703,130542,030,003,1,3,1,861292053604220"},{"data":"+Hooshnic:V1.07,3638.39980,05253.7806,000,260703,130545,036,000,1,3,1,861292053604220"},{"data":"+Hooshnic:V1.07,3638.40770,05253.7648,000,260703,130548,032,000,1,3,1,861292053604220"},{"data":"+Hooshnic:V1.07,3638.41320,05253.7534,000,260703,130551,022,003,1,3,1,861292053604220"},{"data":"+Hooshnic:V1.07,3638.42010,05253.7418,000,260703,130554,032,000,1,3,1,861292053604220"},{"data":"+Hooshnic:V1.07,3638.42890,05253.7253,000,260703,130557,042,000,1,3,1,861292053604220"},{}]....................................................................ADDRESS_LOCATION = 40960AT+CIPSTART="TCP","api.hooshnics.com",80
AT+CIPSEND=1701
POST /api/gps/reports HTTP/1.1
Host: api.hooshnics.com
Content-Type: application/json
Content-Length: 1588

[{"data":"+Hooshnic:V1.07,3638.10960,05253.9910,000,260703,130420,068,000,1,3,1,861292053604220"},{"data":"+Hooshnic:V1.07,3638.13250,05253.9966,000,260703,130423,048,000,1,3,1,861292053604220"},{"data":"+Hooshnic:V1.07,3638.14510,05254.0001,000,260703,130426,020,000,1,3,1,861292053604220"},{"data":"+Hooshnic:V1.07,3638.19040,05254.0113,000,260703,130437,042,000,1,3,1,861292053604220"},{"data":"+Hooshnic:V1.07,3638.20940,05254.0168,000,260703,130440,046,000,1,3,1,861292053604220"},{"data":"+Hooshnic:V1.07,3638.22750,05254.0252,000,260703,130443,042,004,1,3,1,861292053604220"},{"data":"+Hooshnic:V1.07,3638.24070,05254.0354,000,260703,130446,032,000,1,3,1,861292053604220"},{"data":"+Hooshnic:V1.07,3638.24700,05254.0411,000,260703,130448,022,000,1,3,1,861292053604220"},{"data":"+Hooshnic:V1.07,3638.25400,05254.0448,000,260703,130451,016,008,1,3,1,861292053604220"},{"data":"+Hooshnic:V1.07,3638.26190,05254.0420,000,260703,130454,020,000,1,3,1,861292053604220"},{"data":"+Hooshnic:V1.07,3638.26690,05254.0331,000,260703,130457,022,000,1,3,1,861292053604220"},{"data":"+Hooshnic:V1.07,3638.26920,05254.0173,000,260703,130500,032,000,1,3,1,861292053604220"},{"data":"+Hooshnic:V1.07,3638.27240,05254.0001,000,260703,130503,034,000,1,3,1,861292053604220"},{"data":"+Hooshnic:V1.07,3638.28040,05253.9826,000,260703,130506,040,000,1,3,1,861292053604220"},{"data":"+Hooshnic:V1.07,3638.29120,05253.9623,000,260703,130509,046,002,1,3,1,861292053604220"},{"data":"+Hooshnic:V1.07,3638.30330,05253.9431,000,260703,130512,044,000,1,3,1,861292053604220"},{}]....................................................................ADDRESS_LOCATION = 36864AT+CIPSTART="TCP","api.hooshnics.com",80
AT+CIPSEND=1701
POST /api/gps/reports HTTP/1.1
Host: api.hooshnics.com
Content-Type: application/json
Content-Length: 1588

[{"data":"+Hooshnic:V1.07,3637.82430,05254.0074,000,260703,130335,066,000,1,3,1,861292053604220"},{"data":"+Hooshnic:V1.07,3637.82920,05253.9759,000,260703,130338,054,000,1,3,1,861292053604220"},{"data":"+Hooshnic:V1.07,3637.83180,05253.9582,000,260703,130340,046,001,1,3,1,861292053604220"},{"data":"+Hooshnic:V1.07,3637.83610,05253.9403,000,260703,130343,030,000,1,3,1,861292053604220"},{"data":"+Hooshnic:V1.07,3637.84370,05253.9306,000,260703,130346,028,000,1,3,1,861292053604220"},{"data":"+Hooshnic:V1.07,3637.85650,05253.9287,000,260703,130349,036,353,1,3,1,861292053604220"},{"data":"+Hooshnic:V1.07,3637.87300,05253.9318,000,260703,130352,044,000,1,3,1,861292053604220"},{"data":"+Hooshnic:V1.07,3637.89290,05253.9365,000,260703,130355,052,000,1,3,1,861292053604220"},{"data":"+Hooshnic:V1.07,3637.90770,05253.9404,000,260703,130357,056,001,1,3,1,861292053604220"},{"data":"+Hooshnic:V1.07,3637.93120,05253.9465,000,260703,130400,058,000,1,3,1,861292053604220"},{"data":"+Hooshnic:V1.07,3637.95570,05253.9524,000,260703,130403,062,000,1,3,1,861292053604220"},{"data":"+Hooshnic:V1.07,3637.98150,05253.9589,000,260703,130406,062,001,1,3,1,861292053604220"},{"data":"+Hooshnic:V1.07,3638.00790,05253.9657,000,260703,130409,064,000,1,3,1,861292053604220"},{"data":"+Hooshnic:V1.07,3638.03490,05253.9723,000,260703,130412,066,000,1,3,1,861292053604220"},{"data":"+Hooshnic:V1.07,3638.05360,05253.9769,000,260703,130414,068,000,1,3,1,861292053604220"},{"data":"+Hooshnic:V1.07,3638.08200,05253.9844,000,260703,130417,068,000,1,3,1,861292053604220"},{}]....................................................................ADDRESS_LOCATION = 32768AT+CIPSTART="TCP","api.hooshnics.com",80
AT+CIPSEND=1701
POST /api/gps/reports HTTP/1.1
Host: api.hooshnics.com
Content-Type: application/json
Content-Length: 1588

[{"data":"+Hooshnic:V1.07,3637.74520,05254.4593,000,260703,130250,050,001,1,3,1,861292053604220"},{"data":"+Hooshnic:V1.07,3637.74980,05254.4326,000,260703,130253,052,000,1,3,1,861292053604220"},{"data":"+Hooshnic:V1.07,3637.75310,05254.4144,000,260703,130255,052,000,1,3,1,861292053604220"},{"data":"+Hooshnic:V1.07,3637.75780,05254.3868,000,260703,130258,052,000,1,3,1,861292053604220"},{"data":"+Hooshnic:V1.07,3637.76230,05254.3593,000,260703,130301,054,000,1,3,1,861292053604220"},{"data":"+Hooshnic:V1.07,3637.76720,05254.3305,000,260703,130304,056,000,1,3,1,861292053604220"},{"data":"+Hooshnic:V1.07,3637.77250,05254.3019,000,260703,130307,056,000,1,3,1,861292053604220"},{"data":"+Hooshnic:V1.07,3637.77780,05254.2725,000,260703,130310,056,000,1,3,1,861292053604220"},{"data":"+Hooshnic:V1.07,3637.78320,05254.2422,000,260703,130313,058,000,1,3,1,861292053604220"},{"data":"+Hooshnic:V1.07,3637.78660,05254.2217,000,260703,130315,060,000,1,3,1,861292053604220"},{"data":"+Hooshnic:V1.07,3637.79190,05254.1905,000,260703,130318,060,000,1,3,1,861292053604220"},{"data":"+Hooshnic:V1.07,3637.79690,05254.1592,000,260703,130321,060,000,1,3,1,861292053604220"},{"data":"+Hooshnic:V1.07,3637.80190,05254.1281,000,260703,130324,060,002,1,3,1,861292053604220"},{"data":"+Hooshnic:V1.07,3637.80620,05254.1072,000,260703,130326,064,000,1,3,1,861292053604220"},{"data":"+Hooshnic:V1.07,3637.81240,05254.0744,000,260703,130329,064,000,1,3,1,861292053604220"},{"data":"+Hooshnic:V1.07,3637.81850,05254.0412,000,260703,130332,066,000,1,3,1,861292053604220"},{}]....................................................................ADDRESS_LOCATION = 28672AT+CIPSTART="TCP","api.hooshnics.com",80
AT+CIPSEND=1701
POST /api/gps/reports HTTP/1.1
Host: api.hooshnics.com
Content-Type: application/json
Content-Length: 1588

[{"data":"+Hooshnic:V1.07,3637.74090,05254.8017,000,260703,130155,014,008,1,3,1,861292053604220"},{"data":"+Hooshnic:V1.07,3637.74150,05254.7949,000,260703,130158,016,000,1,3,1,861292053604220"},{"data":"+Hooshnic:V1.07,3637.72660,05254.7534,000,260703,130210,026,000,1,3,1,861292053604220"},{"data":"+Hooshnic:V1.07,3637.72350,05254.7440,000,260703,130212,028,000,1,3,1,861292053604220"},{"data":"+Hooshnic:V1.07,3637.72030,05254.7271,000,260703,130215,032,003,1,3,1,861292053604220"},{"data":"+Hooshnic:V1.07,3637.71850,05254.7088,000,260703,130218,034,000,1,3,1,861292053604220"},{"data":"+Hooshnic:V1.07,3637.71740,05254.6896,000,260703,130221,038,000,1,3,1,861292053604220"},{"data":"+Hooshnic:V1.07,3637.71800,05254.6686,000,260703,130224,040,002,1,3,1,861292053604220"},{"data":"+Hooshnic:V1.07,3637.71950,05254.6467,000,260703,130227,040,000,1,3,1,861292053604220"},{"data":"+Hooshnic:V1.07,3637.71980,05254.6316,000,260703,130229,042,000,1,3,1,861292053604220"},{"data":"+Hooshnic:V1.07,3637.72100,05254.6082,000,260703,130232,044,002,1,3,1,861292053604220"},{"data":"+Hooshnic:V1.07,3637.72450,05254.5841,000,260703,130235,048,000,1,3,1,861292053604220"},{"data":"+Hooshnic:V1.07,3637.72860,05254.5588,000,260703,130238,048,000,1,3,1,861292053604220"},{"data":"+Hooshnic:V1.07,3637.73280,05254.5340,000,260703,130241,046,000,1,3,1,861292053604220"},{"data":"+Hooshnic:V1.07,3637.73700,05254.5096,000,260703,130244,048,000,1,3,1,861292053604220"},{"data":"+Hooshnic:V1.07,3637.73950,05254.4932,000,260703,130246,048,000,1,3,1,861292053604220"},{}]....................................................................ADDRESS_LOCATION = 24576AT+CIPSTART="TCP","api.hooshnics.com",80
AT+CIPSEND=1701
POST /api/gps/reports HTTP/1.1
Host: api.hooshnics.com
Content-Type: application/json
Content-Length: 1588

[{"data":"+Hooshnic:V1.07,3637.77040,05254.9067,000,260703,130110,000,000,1,3,1,861292053604220"},{"data":"+Hooshnic:V1.07,3637.77180,05254.9078,000,260703,130113,002,030,1,3,1,861292053604220"},{"data":"+Hooshnic:V1.07,3637.77420,05254.9078,000,260703,130116,004,000,1,3,1,861292053604220"},{"data":"+Hooshnic:V1.07,3637.77650,05254.9050,000,260703,130119,000,000,1,3,1,861292053604220"},{"data":"+Hooshnic:V1.07,3637.77640,05254.9024,000,260703,130121,006,010,1,3,1,861292053604220"},{"data":"+Hooshnic:V1.07,3637.77340,05254.8932,000,260703,130124,024,000,1,3,1,861292053604220"},{"data":"+Hooshnic:V1.07,3637.76930,05254.8816,000,260703,130127,018,000,1,3,1,861292053604220"},{"data":"+Hooshnic:V1.07,3637.76770,05254.8767,000,260703,130130,006,002,1,3,1,861292053604220"},{"data":"+Hooshnic:V1.07,3637.76600,05254.8731,000,260703,130133,010,000,1,3,1,861292053604220"},{"data":"+Hooshnic:V1.07,3637.76170,05254.8663,000,260703,130136,016,000,1,3,1,861292053604220"},{"data":"+Hooshnic:V1.07,3637.75790,05254.8577,000,260703,130139,014,006,1,3,1,861292053604220"},{"data":"+Hooshnic:V1.07,3637.75570,05254.8541,000,260703,130141,010,000,1,3,1,861292053604220"},{"data":"+Hooshnic:V1.07,3637.75310,05254.8448,000,260703,130144,020,000,1,3,1,861292053604220"},{"data":"+Hooshnic:V1.07,3637.74900,05254.8323,000,260703,130147,022,001,1,3,1,861292053604220"},{"data":"+Hooshnic:V1.07,3637.74440,05254.8186,000,260703,130150,022,000,1,3,1,861292053604220"},{"data":"+Hooshnic:V1.07,3637.74120,05254.8075,000,260703,130153,020,000,1,3,1,861292053604220"},{}]....................................................................ADDRESS_LOCATION = 20480AT+CIPSTART="TCP","api.hooshnics.com",80
AT+CIPSEND=1701
POST /api/gps/reports HTTP/1.1
Host: api.hooshnics.com
Content-Type: application/json
Content-Length: 1588

[{"data":"+Hooshnic:V1.07,3637.77040,05254.9067,000,260703,130025,000,000,1,3,1,861292053604220"},{"data":"+Hooshnic:V1.07,3637.77040,05254.9067,000,260703,130028,000,000,1,3,1,861292053604220"},{"data":"+Hooshnic:V1.07,3637.77040,05254.9067,000,260703,130030,000,000,1,3,1,861292053604220"},{"data":"+Hooshnic:V1.07,3637.77040,05254.9067,000,260703,130033,000,000,1,3,1,861292053604220"},{"data":"+Hooshnic:V1.07,3637.77040,05254.9067,000,260703,130036,000,000,1,3,1,861292053604220"},{"data":"+Hooshnic:V1.07,3637.77040,05254.9067,000,260703,130039,000,000,1,3,1,861292053604220"},{"data":"+Hooshnic:V1.07,3637.77040,05254.9067,000,260703,130042,000,000,1,3,1,861292053604220"},{"data":"+Hooshnic:V1.07,3637.77040,05254.9067,000,260703,130045,000,000,1,3,1,861292053604220"},{"data":"+Hooshnic:V1.07,3637.77040,05254.9067,000,260703,130047,000,000,1,3,1,861292053604220"},{"data":"+Hooshnic:V1.07,3637.77040,05254.9067,000,260703,130050,000,000,1,3,1,861292053604220"},{"data":"+Hooshnic:V1.07,3637.77040,05254.9067,000,260703,130053,000,000,1,3,1,861292053604220"},{"data":"+Hooshnic:V1.07,3637.77040,05254.9067,000,260703,130056,000,000,1,3,1,861292053604220"},{"data":"+Hooshnic:V1.07,3637.77040,05254.9067,000,260703,130059,000,000,1,3,1,861292053604220"},{"data":"+Hooshnic:V1.07,3637.77040,05254.9067,000,260703,130102,000,000,1,3,1,861292053604220"},{"data":"+Hooshnic:V1.07,3637.77040,05254.9067,000,260703,130104,000,000,1,3,1,861292053604220"},{"data":"+Hooshnic:V1.07,3637.77040,05254.9067,000,260703,130107,000,000,1,3,1,861292053604220"},{}]....................................................................ADDRESS_LOCATION = 16384AT+CIPSTART="TCP","api.hooshnics.com",80
AT+CIPSEND=1701
POST /api/gps/reports HTTP/1.1
Host: api.hooshnics.com
Content-Type: application/json
Content-Length: 1588

[{"data":"+Hooshnic:V1.07,3637.75770,05254.9117,000,260703,125931,000,000,1,3,1,861292053604220"},{"data":"+Hooshnic:V1.07,3637.75770,05254.9117,000,260703,125942,000,000,1,3,1,861292053604220"},{"data":"+Hooshnic:V1.07,3637.75770,05254.9117,000,260703,125945,000,000,1,3,1,861292053604220"},{"data":"+Hooshnic:V1.07,3637.75770,05254.9117,000,260703,125948,000,000,1,3,1,861292053604220"},{"data":"+Hooshnic:V1.07,3637.75770,05254.9117,000,260703,125951,000,000,1,3,1,861292053604220"},{"data":"+Hooshnic:V1.07,3637.75770,05254.9117,000,260703,125954,000,000,1,3,1,861292053604220"},{"data":"+Hooshnic:V1.07,3637.75770,05254.9117,000,260703,125957,000,000,1,3,1,861292053604220"},{"data":"+Hooshnic:V1.07,3637.75770,05254.9117,000,260703,125959,000,000,1,3,1,861292053604220"},{"data":"+Hooshnic:V1.07,3637.75770,05254.9117,000,260703,130002,000,000,1,3,1,861292053604220"},{"data":"+Hooshnic:V1.07,3637.75770,05254.9117,000,260703,130005,000,000,1,3,1,861292053604220"},{"data":"+Hooshnic:V1.07,3637.75770,05254.9117,000,260703,130008,000,000,1,3,1,861292053604220"},{"data":"+Hooshnic:V1.07,3637.75770,05254.9117,000,260703,130011,000,000,1,3,1,861292053604220"},{"data":"+Hooshnic:V1.07,3637.75770,05254.9117,000,260703,130013,000,000,1,3,1,861292053604220"},{"data":"+Hooshnic:V1.07,3637.75770,05254.9117,000,260703,130016,000,000,1,3,1,861292053604220"},{"data":"+Hooshnic:V1.07,3637.75770,05254.9117,000,260703,130019,000,000,1,3,1,861292053604220"},{"data":"+Hooshnic:V1.07,3637.76760,05254.9075,000,260703,130022,000,108,1,3,1,861292053604220"},{}]....................................................................ADDRESS_LOCATION = 12288AT+CIPSTART="TCP","api.hooshnics.com",80
AT+CIPSEND=1701
POST /api/gps/reports HTTP/1.1
Host: api.hooshnics.com
Content-Type: application/json
Content-Length: 1588

[{"data":"+Hooshnic:V1.07,3637.75770,05254.9117,000,260703,125846,000,000,1,3,1,861292053604220"},{"data":"+Hooshnic:V1.07,3637.75770,05254.9117,000,260703,125849,000,000,1,3,1,861292053604220"},{"data":"+Hooshnic:V1.07,3637.75770,05254.9117,000,260703,125852,000,000,1,3,1,861292053604220"},{"data":"+Hooshnic:V1.07,3637.75770,05254.9117,000,260703,125855,000,000,1,3,1,861292053604220"},{"data":"+Hooshnic:V1.07,3637.75770,05254.9117,000,260703,125858,000,000,1,3,1,861292053604220"},{"data":"+Hooshnic:V1.07,3637.75770,05254.9117,000,260703,125900,000,000,1,3,1,861292053604220"},{"data":"+Hooshnic:V1.07,3637.75770,05254.9117,000,260703,125903,000,000,1,3,1,861292053604220"},{"data":"+Hooshnic:V1.07,3637.75770,05254.9117,000,260703,125906,000,000,1,3,1,861292053604220"},{"data":"+Hooshnic:V1.07,3637.75770,05254.9117,000,260703,125909,000,000,1,3,1,861292053604220"},{"data":"+Hooshnic:V1.07,3637.75770,05254.9117,000,260703,125912,000,000,1,3,1,861292053604220"},{"data":"+Hooshnic:V1.07,3637.75770,05254.9117,000,260703,125915,000,000,1,3,1,861292053604220"},{"data":"+Hooshnic:V1.07,3637.75770,05254.9117,000,260703,125917,000,000,1,3,1,861292053604220"},{"data":"+Hooshnic:V1.07,3637.75770,05254.9117,000,260703,125920,000,000,1,3,1,861292053604220"},{"data":"+Hooshnic:V1.07,3637.75770,05254.9117,000,260703,125922,000,000,1,3,1,861292053604220"},{"data":"+Hooshnic:V1.07,3637.75770,05254.9117,000,260703,125925,000,000,1,3,1,861292053604220"},{"data":"+Hooshnic:V1.07,3637.75770,05254.9117,000,260703,125928,000,000,1,3,1,861292053604220"},{}]....................................................................ADDRESS_LOCATION = 8192AT+CIPSTART="TCP","api.hooshnics.com",80
AT+CIPSEND=1701
POST /api/gps/reports HTTP/1.1
Host: api.hooshnics.com
Content-Type: application/json
Content-Length: 1588

[{"data":"+Hooshnic:V1.07,3637.75770,05254.9117,000,260703,125800,000,000,1,3,1,861292053604220"},{"data":"+Hooshnic:V1.07,3637.75770,05254.9117,000,260703,125803,000,000,1,3,1,861292053604220"},{"data":"+Hooshnic:V1.07,3637.75770,05254.9117,000,260703,125806,000,000,1,3,1,861292053604220"},{"data":"+Hooshnic:V1.07,3637.75770,05254.9117,000,260703,125809,000,000,1,3,1,861292053604220"},{"data":"+Hooshnic:V1.07,3637.75770,05254.9117,000,260703,125812,000,000,1,3,1,861292053604220"},{"data":"+Hooshnic:V1.07,3637.75770,05254.9117,000,260703,125815,000,000,1,3,1,861292053604220"},{"data":"+Hooshnic:V1.07,3637.75770,05254.9117,000,260703,125817,000,000,1,3,1,861292053604220"},{"data":"+Hooshnic:V1.07,3637.75770,05254.9117,000,260703,125820,000,000,1,3,1,861292053604220"},{"data":"+Hooshnic:V1.07,3637.75770,05254.9117,000,260703,125823,000,000,1,3,1,861292053604220"},{"data":"+Hooshnic:V1.07,3637.75770,05254.9117,000,260703,125826,000,000,1,3,1,861292053604220"},{"data":"+Hooshnic:V1.07,3637.75770,05254.9117,000,260703,125829,000,000,1,3,1,861292053604220"},{"data":"+Hooshnic:V1.07,3637.75770,05254.9117,000,260703,125832,000,000,1,3,1,861292053604220"},{"data":"+Hooshnic:V1.07,3637.75770,05254.9117,000,260703,125835,000,000,1,3,1,861292053604220"},{"data":"+Hooshnic:V1.07,3637.75770,05254.9117,000,260703,125837,000,000,1,3,1,861292053604220"},{"data":"+Hooshnic:V1.07,3637.75770,05254.9117,000,260703,125840,000,000,1,3,1,861292053604220"},{"data":"+Hooshnic:V1.07,3637.75770,05254.9117,000,260703,125843,000,000,1,3,1,861292053604220"},{}]....................................................................ADDRESS_LOCATION = 4096AT+CIPSTART="TCP","api.hooshnics.com",80
AT+CIPSEND=1701
POST /api/gps/reports HTTP/1.1
Host: api.hooshnics.com
Content-Type: application/json
Content-Length: 1588

[{"data":"+Hooshnic:V1.07,3637.75770,05254.9117,000,260703,125715,000,000,1,3,1,861292053604220"},{"data":"+Hooshnic:V1.07,3637.75770,05254.9117,000,260703,125718,000,000,1,3,1,861292053604220"},{"data":"+Hooshnic:V1.07,3637.75770,05254.9117,000,260703,125721,000,000,1,3,1,861292053604220"},{"data":"+Hooshnic:V1.07,3637.75770,05254.9117,000,260703,125724,000,000,1,3,1,861292053604220"},{"data":"+Hooshnic:V1.07,3637.75770,05254.9117,000,260703,125726,000,000,1,3,1,861292053604220"},{"data":"+Hooshnic:V1.07,3637.75770,05254.9117,000,260703,125729,000,000,1,3,1,861292053604220"},{"data":"+Hooshnic:V1.07,3637.75770,05254.9117,000,260703,125732,000,000,1,3,1,861292053604220"},{"data":"+Hooshnic:V1.07,3637.75770,05254.9117,000,260703,125735,000,000,1,3,1,861292053604220"},{"data":"+Hooshnic:V1.07,3637.75770,05254.9117,000,260703,125738,000,000,1,3,1,861292053604220"},{"data":"+Hooshnic:V1.07,3637.75770,05254.9117,000,260703,125741,000,000,1,3,1,861292053604220"},{"data":"+Hooshnic:V1.07,3637.75770,05254.9117,000,260703,125743,000,000,1,3,1,861292053604220"},{"data":"+Hooshnic:V1.07,3637.75770,05254.9117,000,260703,125746,000,000,1,3,1,861292053604220"},{"data":"+Hooshnic:V1.07,3637.75770,05254.9117,000,260703,125749,000,000,1,3,1,861292053604220"},{"data":"+Hooshnic:V1.07,3637.75770,05254.9117,000,260703,125752,000,000,1,3,1,861292053604220"},{"data":"+Hooshnic:V1.07,3637.75770,05254.9117,000,260703,125755,000,000,1,3,1,861292053604220"},{"data":"+Hooshnic:V1.07,3637.75770,05254.9117,000,260703,125758,000,000,1,3,1,861292053604220"},{}]....................................................................ADDRESS_LOCATION = 0AT+CWJAP?
AT
ATE1
AT+CWMODE=3
AT+CWLAP
AT+CWJAP="Hooshnics","Mm@123456"
AT+CWJAP?
AT+CWJAP?
AT+CWJAP?
AT+CWJAP?
AT+CWJAP?
AT+CWJAP?
AT+CWJAP?
AT+CWJAP?
AT+CWJAP?
AT+CWJAP?
AT+CWJAP?
